"ring","age_years","posterior_median_mismatch_days","within_axis_limits"
"b056",1,76.0448714555691,TRUE
"b056",1.22222222222222,74.7302490037503,TRUE
"b056",1.44444444444444,73.4951469639928,TRUE
"b056",1.66666666666667,72.2466936252902,TRUE
"b056",1.88888888888889,71.0335875802264,TRUE
"b056",2.11111111111111,69.8099225862314,TRUE
"b056",2.33333333333333,68.6596704437224,TRUE
"b056",2.55555555555556,67.5491865775362,TRUE
"b056",2.77777777777778,66.4510605338299,TRUE
"b056",3,65.3988172702883,TRUE
"b056",3.22222222222222,64.3453387241801,TRUE
"b056",3.44444444444444,63.364657413966,TRUE
"b056",3.66666666666667,62.3830997586045,TRUE
"b056",3.88888888888889,61.4002771554951,TRUE
"b056",4.11111111111111,60.4758915484038,TRUE
"b056",4.33333333333333,59.5889772419297,TRUE
"b056",4.55555555555556,58.7030454248254,TRUE
"b056",4.77777777777778,57.8706816184451,TRUE
"b056",5,57.0716809447593,TRUE
"b056",5.22222222222222,56.2993953153592,TRUE
"b056",5.44444444444444,55.5266969012643,TRUE
"b056",5.66666666666667,54.774736684557,TRUE
"b056",5.88888888888889,54.0494116198227,TRUE
"b056",6.11111111111111,53.3888815684597,TRUE
"b056",6.33333333333333,52.739390004198,TRUE
"b056",6.55555555555556,52.1066505921657,TRUE
"b056",6.77777777777778,51.5105961474945,TRUE
"b056",7,50.922057363555,TRUE
"b056",7.22222222222222,50.3912714856858,TRUE
"b056",7.44444444444444,49.8664933702972,TRUE
"b056",7.66666666666667,49.3677956277727,TRUE
"b056",7.88888888888889,48.9173194425467,TRUE
"b056",8.11111111111111,48.4981313472935,TRUE
"b056",8.33333333333333,48.1191201483298,TRUE
"b056",8.55555555555556,47.724143869867,TRUE
"b056",8.77777777777778,47.3452470837577,TRUE
"b056",9,47.0535420347343,TRUE
"b056",9.22222222222222,46.7703718419527,TRUE
"b056",9.44444444444444,46.4987103392644,TRUE
"b056",9.66666666666667,46.2117686413167,TRUE
"b056",9.88888888888889,45.978054179903,TRUE
"b056",10.1111111111111,45.7880116230412,TRUE
"b056",10.3333333333333,45.6491867778579,TRUE
"b056",10.5555555555556,45.5147460428534,TRUE
"b056",10.7777777777778,45.4316369970121,TRUE
"b056",11,45.3465049287385,TRUE
"b056",11.2222222222222,45.2893311239595,TRUE
"b056",11.4444444444444,45.2651767080253,TRUE
"b056",11.6666666666667,45.2918553200568,TRUE
"b056",11.8888888888889,45.3179645154569,TRUE
"b056",12.1111111111111,45.3698552762638,TRUE
"b056",12.3333333333333,45.4828125833486,TRUE
"b056",12.5555555555556,45.5911547541216,TRUE
"b056",12.7777777777778,45.7292059428575,TRUE
"b056",13,45.9304220001255,TRUE
"b056",13.2222222222222,46.1752165184009,TRUE
"b056",13.4444444444444,46.4123465944441,TRUE
"b056",13.6666666666667,46.6813726501991,TRUE
"b056",13.8888888888889,46.9838623871891,TRUE
"b056",14.1111111111111,47.2945097408224,TRUE
"b056",14.3333333333333,47.6350219666945,TRUE
"b056",14.5555555555556,48.0489407930363,TRUE
"b056",14.7777777777778,48.4566384983541,TRUE
"b056",15,48.8780754941539,TRUE
"b056",15.2222222222222,49.3277652429793,TRUE
"b056",15.4444444444444,49.8185687795887,TRUE
"b056",15.6666666666667,50.3111073764723,TRUE
"b056",15.8888888888889,50.8519155132444,TRUE
"b056",16.1111111111111,51.4260559582096,TRUE
"b056",16.3333333333333,52.0261544318581,TRUE
"b056",16.5555555555556,52.6503711738773,TRUE
"b056",16.7777777777778,53.2862728731849,TRUE
"b056",17,53.9697873520333,TRUE
"b056",17.2222222222222,54.6549102877173,TRUE
"b056",17.4444444444444,55.4441579835102,TRUE
"b056",17.6666666666667,56.1930028818547,TRUE
"b056",17.8888888888889,56.9959761208676,TRUE
"b056",18.1111111111111,57.8179422533562,TRUE
"b056",18.3333333333333,58.6503613568296,TRUE
"b056",18.5555555555556,59.5162600087463,TRUE
"b056",18.7777777777778,60.4141608586555,TRUE
"b056",19,61.3291668133138,TRUE
"b056",19.2222222222222,62.2864030055773,TRUE
"b056",19.4444444444444,63.2737676125416,TRUE
"b056",19.6666666666667,64.27473499451,TRUE
"b056",19.8888888888889,65.3577351515405,TRUE
"b056",20.1111111111111,66.4386528300507,TRUE
"b056",20.3333333333333,67.5321754221468,TRUE
"b056",20.5555555555556,68.6788211014311,TRUE
"b056",20.7777777777778,69.8440358952974,TRUE
"b056",21,71.0543289820179,TRUE
"b056",21.2222222222222,72.2701120337077,TRUE
"b056",21.4444444444444,73.5059801444174,TRUE
"b056",21.6666666666667,74.7890353056802,TRUE
"b056",21.8888888888889,76.0788231067794,TRUE
"b056",22.1111111111111,77.4317771901997,TRUE
"b056",22.3333333333333,78.8089364328876,TRUE
"b056",22.5555555555556,80.2090140080935,TRUE
"b056",22.7777777777778,81.6732555083768,TRUE
"b056",23,83.0997277166684,TRUE
"b257",1,75.2086409527348,TRUE
"b257",1.22222222222222,73.9033652625412,TRUE
"b257",1.44444444444444,72.6290512311954,TRUE
"b257",1.66666666666667,71.4057262231427,TRUE
"b257",1.88888888888889,70.210932725465,TRUE
"b257",2.11111111111111,69.0315953946096,TRUE
"b257",2.33333333333333,67.9014978180238,TRUE
"b257",2.55555555555556,66.8031661128163,TRUE
"b257",2.77777777777778,65.6970331130967,TRUE
"b257",3,64.6190827041198,TRUE
"b257",3.22222222222222,63.5445371942282,TRUE
"b257",3.44444444444444,62.535339413722,TRUE
"b257",3.66666666666667,61.5325506160348,TRUE
"b257",3.88888888888889,60.568780204311,TRUE
"b257",4.11111111111111,59.6465818527463,TRUE
"b257",4.33333333333333,58.7364165000836,TRUE
"b257",4.55555555555556,57.8468550033425,TRUE
"b257",4.77777777777778,57.0239610790276,TRUE
"b257",5,56.2033161765019,TRUE
"b257",5.22222222222222,55.4127612559694,TRUE
"b257",5.44444444444444,54.6562298666819,TRUE
"b257",5.66666666666667,53.9149626481551,TRUE
"b257",5.88888888888889,53.2027604674489,TRUE
"b257",6.11111111111111,52.540957932763,TRUE
"b257",6.33333333333333,51.8879799636325,TRUE
"b257",6.55555555555556,51.2631024571696,TRUE
"b257",6.77777777777778,50.6547260890353,TRUE
"b257",7,50.0650804578174,TRUE
"b257",7.22222222222222,49.5105281719622,TRUE
"b257",7.44444444444444,48.9593425596502,TRUE
"b257",7.66666666666667,48.4655945086012,TRUE
"b257",7.88888888888889,48.0205867818668,TRUE
"b257",8.11111111111111,47.5891336342474,TRUE
"b257",8.33333333333333,47.1808552284952,TRUE
"b257",8.55555555555556,46.8149154521973,TRUE
"b257",8.77777777777778,46.4742412272692,TRUE
"b257",9,46.1536198138324,TRUE
"b257",9.22222222222222,45.871930908391,TRUE
"b257",9.44444444444444,45.6125025471572,TRUE
"b257",9.66666666666667,45.4151986957001,TRUE
"b257",9.88888888888889,45.2365049979146,TRUE
"b257",10.1111111111111,45.0502804809841,TRUE
"b257",10.3333333333333,44.9209503257,TRUE
"b257",10.5555555555556,44.7824215186537,TRUE
"b257",10.7777777777778,44.6548085326196,TRUE
"b257",11,44.57734405916,TRUE
"b257",11.2222222222222,44.5382698997398,TRUE
"b257",11.4444444444444,44.5414024453942,TRUE
"b257",11.6666666666667,44.5742150560843,TRUE
"b257",11.8888888888889,44.6047009142139,TRUE
"b257",12.1111111111111,44.6872521097864,TRUE
"b257",12.3333333333333,44.7839910766195,TRUE
"b257",12.5555555555556,44.9337620161029,TRUE
"b257",12.7777777777778,45.0851609780778,TRUE
"b257",13,45.2447929153976,TRUE
"b257",13.2222222222222,45.4596984710022,TRUE
"b257",13.4444444444444,45.6701192784717,TRUE
"b257",13.6666666666667,45.9250953124779,TRUE
"b257",13.8888888888889,46.1989643543219,TRUE
"b257",14.1111111111111,46.5198197732882,TRUE
"b257",14.3333333333333,46.8845707595216,TRUE
"b257",14.5555555555556,47.2678207643992,TRUE
"b257",14.7777777777778,47.6697818878868,TRUE
"b257",15,48.1057385411911,TRUE
"b257",15.2222222222222,48.5674281509873,TRUE
"b257",15.4444444444444,49.0650471342701,TRUE
"b257",15.6666666666667,49.5932632386026,TRUE
"b257",15.8888888888889,50.1495568298832,TRUE
"b257",16.1111111111111,50.737767007722,TRUE
"b257",16.3333333333333,51.3561503441058,TRUE
"b257",16.5555555555556,51.9955541200933,TRUE
"b257",16.7777777777778,52.6376615872381,TRUE
"b257",17,53.3464038381764,TRUE
"b257",17.2222222222222,54.055063553482,TRUE
"b257",17.4444444444444,54.7870859398479,TRUE
"b257",17.6666666666667,55.5400204931471,TRUE
"b257",17.8888888888889,56.3582621676341,TRUE
"b257",18.1111111111111,57.1660261669693,TRUE
"b257",18.3333333333333,58.0549489310363,TRUE
"b257",18.5555555555556,58.9597349804555,TRUE
"b257",18.7777777777778,59.8650779673924,TRUE
"b257",19,60.7927545420968,TRUE
"b257",19.2222222222222,61.7400662532557,TRUE
"b257",19.4444444444444,62.735893773618,TRUE
"b257",19.6666666666667,63.7730154775912,TRUE
"b257",19.8888888888889,64.8164982965021,TRUE
"b257",20.1111111111111,65.9125123362159,TRUE
"b257",20.3333333333333,67.0015334742286,TRUE
"b257",20.5555555555556,68.1151103228433,TRUE
"b257",20.7777777777778,69.3007521170545,TRUE
"b257",21,70.4917104990818,TRUE
"b257",21.2222222222222,71.7508879496275,TRUE
"b257",21.4444444444444,72.9941324746313,TRUE
"b257",21.6666666666667,74.2843076013064,TRUE
"b257",21.8888888888889,75.605167767719,TRUE
"b257",22.1111111111111,76.9345869963904,TRUE
"b257",22.3333333333333,78.3176133717488,TRUE
"b257",22.5555555555556,79.6973732614523,TRUE
"b257",22.7777777777778,81.0717575208978,TRUE
"b257",23,82.4896178891215,TRUE
"f104",1,73.6597225739932,TRUE
"f104",1.22222222222222,72.3962721591399,TRUE
"f104",1.44444444444444,71.1433049121313,TRUE
"f104",1.66666666666667,69.9399778992203,TRUE
"f104",1.88888888888889,68.7631690104413,TRUE
"f104",2.11111111111111,67.6267569970725,TRUE
"f104",2.33333333333333,66.5218718847184,TRUE
"f104",2.55555555555556,65.4445663416631,TRUE
"f104",2.77777777777778,64.3950723089842,TRUE
"f104",3,63.3273243562817,TRUE
"f104",3.22222222222222,62.3206747571937,TRUE
"f104",3.44444444444444,61.3675292571492,TRUE
"f104",3.66666666666667,60.3892607051704,TRUE
"f104",3.88888888888889,59.4655014004448,TRUE
"f104",4.11111111111111,58.5558832756809,TRUE
"f104",4.33333333333333,57.6684655813524,TRUE
"f104",4.55555555555556,56.8156044562294,TRUE
"f104",4.77777777777778,56.0011674909594,TRUE
"f104",5,55.1846768442819,TRUE
"f104",5.22222222222222,54.4196252051237,TRUE
"f104",5.44444444444444,53.6918681884948,TRUE
"f104",5.66666666666667,52.9902010243697,TRUE
"f104",5.88888888888889,52.3072074357795,TRUE
"f104",6.11111111111111,51.6763328706517,TRUE
"f104",6.33333333333333,51.0491811027524,TRUE
"f104",6.55555555555556,50.4543624726804,TRUE
"f104",6.77777777777778,49.8795803228767,TRUE
"f104",7,49.2951440780102,TRUE
"f104",7.22222222222222,48.7707120337019,TRUE
"f104",7.44444444444444,48.2778081813237,TRUE
"f104",7.66666666666667,47.8212081376395,TRUE
"f104",7.88888888888889,47.4175734863295,TRUE
"f104",8.11111111111111,47.0230741627833,TRUE
"f104",8.33333333333333,46.6248490246507,TRUE
"f104",8.55555555555556,46.2582246366384,TRUE
"f104",8.77777777777778,45.931755429415,TRUE
"f104",9,45.6718492351519,TRUE
"f104",9.22222222222222,45.4163205027999,TRUE
"f104",9.44444444444444,45.1913569628623,TRUE
"f104",9.66666666666667,45.0042032425455,TRUE
"f104",9.88888888888889,44.8413303519005,TRUE
"f104",10.1111111111111,44.6804657827829,TRUE
"f104",10.3333333333333,44.5288367238956,TRUE
"f104",10.5555555555556,44.4048471879362,TRUE
"f104",10.7777777777778,44.3536366890408,TRUE
"f104",11,44.3276698275508,TRUE
"f104",11.2222222222222,44.305646206778,TRUE
"f104",11.4444444444444,44.3207771329054,TRUE
"f104",11.6666666666667,44.3794470419239,TRUE
"f104",11.8888888888889,44.4786168137352,TRUE
"f104",12.1111111111111,44.5680554786078,TRUE
"f104",12.3333333333333,44.6912486071725,TRUE
"f104",12.5555555555556,44.8615027651807,TRUE
"f104",12.7777777777778,45.0603372160478,TRUE
"f104",13,45.2681368882294,TRUE
"f104",13.2222222222222,45.514693253883,TRUE
"f104",13.4444444444444,45.7926906465497,TRUE
"f104",13.6666666666667,46.0777244457714,TRUE
"f104",13.8888888888889,46.4266714972968,TRUE
"f104",14.1111111111111,46.7605023215612,TRUE
"f104",14.3333333333333,47.1602992429394,TRUE
"f104",14.5555555555556,47.5566130906108,TRUE
"f104",14.7777777777778,47.9890091908258,TRUE
"f104",15,48.4240551783769,TRUE
"f104",15.2222222222222,48.8954525534966,TRUE
"f104",15.4444444444444,49.4053988028858,TRUE
"f104",15.6666666666667,49.9772809105564,TRUE
"f104",15.8888888888889,50.5617118031905,TRUE
"f104",16.1111111111111,51.1932802592694,TRUE
"f104",16.3333333333333,51.817524421372,TRUE
"f104",16.5555555555556,52.4690945763393,TRUE
"f104",16.7777777777778,53.1398080367115,TRUE
"f104",17,53.8320461977741,TRUE
"f104",17.2222222222222,54.5563824766217,TRUE
"f104",17.4444444444444,55.321393815531,TRUE
"f104",17.6666666666667,56.1174992711133,TRUE
"f104",17.8888888888889,56.9525986897494,TRUE
"f104",18.1111111111111,57.8363117675199,TRUE
"f104",18.3333333333333,58.710671301639,TRUE
"f104",18.5555555555556,59.6289731210372,TRUE
"f104",18.7777777777778,60.5692810931695,TRUE
"f104",19,61.5289374690567,TRUE
"f104",19.2222222222222,62.5269300815631,TRUE
"f104",19.4444444444444,63.5684653611797,TRUE
"f104",19.6666666666667,64.6210821233692,TRUE
"f104",19.8888888888889,65.7246292271613,TRUE
"f104",20.1111111111111,66.8331001183461,TRUE
"f104",20.3333333333333,67.9668665134118,TRUE
"f104",20.5555555555556,69.1286420188275,TRUE
"f104",20.7777777777778,70.3471120919268,TRUE
"f104",21,71.5774819428036,TRUE
"f104",21.2222222222222,72.8447888152116,TRUE
"f104",21.4444444444444,74.1018896333625,TRUE
"f104",21.6666666666667,75.4152147193042,TRUE
"f104",21.8888888888889,76.7506140287038,TRUE
"f104",22.1111111111111,78.0815328339125,TRUE
"f104",22.3333333333333,79.4325785960391,TRUE
"f104",22.5555555555556,80.8473693212127,TRUE
"f104",22.7777777777778,82.2544030215086,TRUE
"f104",23,83.7128105712216,TRUE
"f772",1,71.9965864075518,TRUE
"f772",1.22222222222222,70.8597233159919,TRUE
"f772",1.44444444444444,69.7646232147585,TRUE
"f772",1.66666666666667,68.6723304076153,TRUE
"f772",1.88888888888889,67.6367555224714,TRUE
"f772",2.11111111111111,66.6159017528549,TRUE
"f772",2.33333333333333,65.6305925222749,TRUE
"f772",2.55555555555556,64.6505722518204,TRUE
"f772",2.77777777777778,63.7087767640691,TRUE
"f772",3,62.8199489063372,TRUE
"f772",3.22222222222222,61.9398064477768,TRUE
"f772",3.44444444444444,61.0900465196079,TRUE
"f772",3.66666666666667,60.2634094529527,TRUE
"f772",3.88888888888889,59.4757403829407,TRUE
"f772",4.11111111111111,58.7068078889943,TRUE
"f772",4.33333333333333,57.9611938564148,TRUE
"f772",4.55555555555556,57.2740316119043,TRUE
"f772",4.77777777777778,56.556608954917,TRUE
"f772",5,55.9134658230622,TRUE
"f772",5.22222222222222,55.2890278078562,TRUE
"f772",5.44444444444444,54.6953829451639,TRUE
"f772",5.66666666666667,54.1288934984332,TRUE
"f772",5.88888888888889,53.5943333865804,TRUE
"f772",6.11111111111111,53.0714376344366,TRUE
"f772",6.33333333333333,52.5988816370212,TRUE
"f772",6.55555555555556,52.1092569725644,TRUE
"f772",6.77777777777778,51.6882643037077,TRUE
"f772",7,51.2906966966396,TRUE
"f772",7.22222222222222,50.9072099502574,TRUE
"f772",7.44444444444444,50.5339963015365,TRUE
"f772",7.66666666666667,50.2092562260442,TRUE
"f772",7.88888888888889,49.9279913832791,TRUE
"f772",8.11111111111111,49.6750279941809,TRUE
"f772",8.33333333333333,49.4269004187899,TRUE
"f772",8.55555555555556,49.2010878039254,TRUE
"f772",8.77777777777778,49.0154225125614,TRUE
"f772",9,48.8584352199432,TRUE
"f772",9.22222222222222,48.7364184843881,TRUE
"f772",9.44444444444444,48.6547558393528,TRUE
"f772",9.66666666666667,48.5832267574565,TRUE
"f772",9.88888888888889,48.5536038929594,TRUE
"f772",10.1111111111111,48.5476549196235,TRUE
"f772",10.3333333333333,48.5629054057726,TRUE
"f772",10.5555555555556,48.6003257771319,TRUE
"f772",10.7777777777778,48.690259400928,TRUE
"f772",11,48.802499359036,TRUE
"f772",11.2222222222222,48.9067588100687,TRUE
"f772",11.4444444444444,49.0402390193295,TRUE
"f772",11.6666666666667,49.2391474739509,TRUE
"f772",11.8888888888889,49.4600161127317,TRUE
"f772",12.1111111111111,49.673555007134,TRUE
"f772",12.3333333333333,49.9589144399782,TRUE
"f772",12.5555555555556,50.2278148659099,TRUE
"f772",12.7777777777778,50.5154950289121,TRUE
"f772",13,50.864779970728,TRUE
"f772",13.2222222222222,51.2554788410216,TRUE
"f772",13.4444444444444,51.673652495502,TRUE
"f772",13.6666666666667,52.1386351860347,TRUE
"f772",13.8888888888889,52.5857285713238,TRUE
"f772",14.1111111111111,53.0999905320949,TRUE
"f772",14.3333333333333,53.6107541882658,TRUE
"f772",14.5555555555556,54.1428266937192,TRUE
"f772",14.7777777777778,54.7228372939119,TRUE
"f772",15,55.2990645024081,TRUE
"f772",15.2222222222222,55.94038713046,TRUE
"f772",15.4444444444444,56.6001148558476,TRUE
"f772",15.6666666666667,57.3080349461352,TRUE
"f772",15.8888888888889,58.0427920431763,TRUE
"f772",16.1111111111111,58.7755612228922,TRUE
"f772",16.3333333333333,59.5574407780013,TRUE
"f772",16.5555555555556,60.3860208225374,TRUE
"f772",16.7777777777778,61.1999578966678,TRUE
"f772",17,62.0470310689381,TRUE
"f772",17.2222222222222,62.9354130066391,TRUE
"f772",17.4444444444444,63.8236845459139,TRUE
"f772",17.6666666666667,64.741471448668,TRUE
"f772",17.8888888888889,65.7165320471009,TRUE
"f772",18.1111111111111,66.7129824355717,TRUE
"f772",18.3333333333333,67.7267369563261,TRUE
"f772",18.5555555555556,68.7693659326915,TRUE
"f772",18.7777777777778,69.8149054647664,TRUE
"f772",19,70.950416484767,TRUE
"f772",19.2222222222222,72.073704116503,TRUE
"f772",19.4444444444444,73.2807447482017,TRUE
"f772",19.6666666666667,74.5100689068045,TRUE
"f772",19.8888888888889,75.7210775615312,TRUE
"f772",20.1111111111111,76.9377734564394,TRUE
"f772",20.3333333333333,78.199275945118,TRUE
"f772",20.5555555555556,79.4673000339987,TRUE
"f772",20.7777777777778,80.7890400030285,TRUE
"f772",21,82.1483928024972,TRUE
"f772",21.2222222222222,83.538482327195,TRUE
"f772",21.4444444444444,84.9515975129703,TRUE
"f772",21.6666666666667,86.3916698384272,TRUE
"f772",21.8888888888889,87.8790009025588,TRUE
"f772",22.1111111111111,89.3435458371791,TRUE
"f772",22.3333333333333,90.8366672107048,TRUE
"f772",22.5555555555556,92.3983568769458,TRUE
"f772",22.7777777777778,93.9631223290476,TRUE
"f772",23,95.5194447670809,TRUE
"g062",1,80.1126172440453,TRUE
"g062",1.22222222222222,78.89898870424,TRUE
"g062",1.44444444444444,77.7164649820471,TRUE
"g062",1.66666666666667,76.5486591857864,TRUE
"g062",1.88888888888889,75.4193680263601,TRUE
"g062",2.11111111111111,74.3140900650207,TRUE
"g062",2.33333333333333,73.2371955762089,TRUE
"g062",2.55555555555556,72.200336242103,TRUE
"g062",2.77777777777778,71.1377029174964,TRUE
"g062",3,70.143414078041,TRUE
"g062",3.22222222222222,69.1467516785127,TRUE
"g062",3.44444444444444,68.1833023813428,TRUE
"g062",3.66666666666667,67.2390370817999,TRUE
"g062",3.88888888888889,66.3384634069903,TRUE
"g062",4.11111111111111,65.473617264409,TRUE
"g062",4.33333333333333,64.6151275826248,TRUE
"g062",4.55555555555556,63.7894836255043,TRUE
"g062",4.77777777777778,62.9899522613246,TRUE
"g062",5,62.2144879990619,TRUE
"g062",5.22222222222222,61.4849934036303,TRUE
"g062",5.44444444444444,60.7843225300727,TRUE
"g062",5.66666666666667,60.0885439048779,TRUE
"g062",5.88888888888889,59.4247132893992,TRUE
"g062",6.11111111111111,58.79574831444,TRUE
"g062",6.33333333333333,58.1797581088546,TRUE
"g062",6.55555555555556,57.6077068676436,TRUE
"g062",6.77777777777778,57.0871201594523,TRUE
"g062",7,56.5688429997479,TRUE
"g062",7.22222222222222,56.0777140613887,TRUE
"g062",7.44444444444444,55.6095754229469,TRUE
"g062",7.66666666666667,55.186735365915,TRUE
"g062",7.88888888888889,54.7822942642092,TRUE
"g062",8.11111111111111,54.4109230353977,TRUE
"g062",8.33333333333333,54.0830978889836,TRUE
"g062",8.55555555555556,53.7711043553057,TRUE
"g062",8.77777777777778,53.4872531939595,TRUE
"g062",9,53.2137033792016,TRUE
"g062",9.22222222222222,52.9830322698999,TRUE
"g062",9.44444444444444,52.7744178831373,TRUE
"g062",9.66666666666667,52.6231999516803,TRUE
"g062",9.88888888888889,52.4838779186705,TRUE
"g062",10.1111111111111,52.3718510195443,TRUE
"g062",10.3333333333333,52.2845483849476,TRUE
"g062",10.5555555555556,52.2281961435826,TRUE
"g062",10.7777777777778,52.2169472753336,TRUE
"g062",11,52.1930473474988,TRUE
"g062",11.2222222222222,52.2264656725689,TRUE
"g062",11.4444444444444,52.2786927815679,TRUE
"g062",11.6666666666667,52.3497968705686,TRUE
"g062",11.8888888888889,52.4396540312841,TRUE
"g062",12.1111111111111,52.5508368286993,TRUE
"g062",12.3333333333333,52.6867167279193,TRUE
"g062",12.5555555555556,52.8784498590807,TRUE
"g062",12.7777777777778,53.1245431996215,TRUE
"g062",13,53.3773819375833,TRUE
"g062",13.2222222222222,53.6479277072834,TRUE
"g062",13.4444444444444,53.976613505961,TRUE
"g062",13.6666666666667,54.2972313086115,TRUE
"g062",13.8888888888889,54.6743218535694,TRUE
"g062",14.1111111111111,55.0452310783291,TRUE
"g062",14.3333333333333,55.4778849622185,TRUE
"g062",14.5555555555556,55.9533792143471,TRUE
"g062",14.7777777777778,56.4272042112032,TRUE
"g062",15,56.9318131295164,TRUE
"g062",15.2222222222222,57.4675425876598,TRUE
"g062",15.4444444444444,58.0410442676012,TRUE
"g062",15.6666666666667,58.6233740189238,TRUE
"g062",15.8888888888889,59.2380583753659,TRUE
"g062",16.1111111111111,59.8872869637441,TRUE
"g062",16.3333333333333,60.5662917811686,TRUE
"g062",16.5555555555556,61.2878050267579,TRUE
"g062",16.7777777777778,62.0305642297907,TRUE
"g062",17,62.7890552022414,TRUE
"g062",17.2222222222222,63.5706756907169,TRUE
"g062",17.4444444444444,64.3929207788921,TRUE
"g062",17.6666666666667,65.222344556049,TRUE
"g062",17.8888888888889,66.0975498485752,TRUE
"g062",18.1111111111111,67.0171802811719,TRUE
"g062",18.3333333333333,67.9230567617915,TRUE
"g062",18.5555555555556,68.8853727880744,TRUE
"g062",18.7777777777778,69.8597411685515,TRUE
"g062",19,70.8724464422765,TRUE
"g062",19.2222222222222,71.9086788003706,TRUE
"g062",19.4444444444444,72.9337069663298,TRUE
"g062",19.6666666666667,74.0012342600384,TRUE
"g062",19.8888888888889,75.1124180029794,TRUE
"g062",20.1111111111111,76.2752842298621,TRUE
"g062",20.3333333333333,77.435818235337,TRUE
"g062",20.5555555555556,78.6298954263708,TRUE
"g062",20.7777777777778,79.8150765729688,TRUE
"g062",21,81.0484486618054,TRUE
"g062",21.2222222222222,82.3193715065917,TRUE
"g062",21.4444444444444,83.6333718166437,TRUE
"g062",21.6666666666667,84.986433368295,TRUE
"g062",21.8888888888889,86.3263560467379,TRUE
"g062",22.1111111111111,87.7212749853721,TRUE
"g062",22.3333333333333,89.1410905135835,TRUE
"g062",22.5555555555556,90.5592533614824,TRUE
"g062",22.7777777777778,92.0064180659072,TRUE
"g062",23,93.4953709528824,TRUE
"g579",1,74.8409289838129,TRUE
"g579",1.22222222222222,73.64307603165,TRUE
"g579",1.44444444444444,72.4607501009525,TRUE
"g579",1.66666666666667,71.3443339020236,TRUE
"g579",1.88888888888889,70.2365597486514,TRUE
"g579",2.11111111111111,69.1250840201163,TRUE
"g579",2.33333333333333,68.0664233375989,TRUE
"g579",2.55555555555556,66.9995573509142,TRUE
"g579",2.77777777777778,66.0205647194785,TRUE
"g579",3,65.0493245568522,TRUE
"g579",3.22222222222222,64.0932099188364,TRUE
"g579",3.44444444444444,63.1650758848307,TRUE
"g579",3.66666666666667,62.2811496538029,TRUE
"g579",3.88888888888889,61.4185068601503,TRUE
"g579",4.11111111111111,60.5575210184868,TRUE
"g579",4.33333333333333,59.7716914720065,TRUE
"g579",4.55555555555556,58.9941332827749,TRUE
"g579",4.77777777777778,58.2653988991549,TRUE
"g579",5,57.5325841222105,TRUE
"g579",5.22222222222222,56.858698268273,TRUE
"g579",5.44444444444444,56.1914181316475,TRUE
"g579",5.66666666666667,55.5437425851668,TRUE
"g579",5.88888888888889,54.9367877171102,TRUE
"g579",6.11111111111111,54.3588535265666,TRUE
"g579",6.33333333333333,53.8023619323522,TRUE
"g579",6.55555555555556,53.2662417214412,TRUE
"g579",6.77777777777778,52.7627587630281,TRUE
"g579",7,52.2887166532971,TRUE
"g579",7.22222222222222,51.8386769219204,TRUE
"g579",7.44444444444444,51.4342350357693,TRUE
"g579",7.66666666666667,51.0688820335242,TRUE
"g579",7.88888888888889,50.7133534780318,TRUE
"g579",8.11111111111111,50.3595439102517,TRUE
"g579",8.33333333333333,50.055212042259,TRUE
"g579",8.55555555555556,49.77887206458,TRUE
"g579",8.77777777777778,49.5307930341028,TRUE
"g579",9,49.3070816043055,TRUE
"g579",9.22222222222222,49.1263512219718,TRUE
"g579",9.44444444444444,48.9599076507801,TRUE
"g579",9.66666666666667,48.7994038547737,TRUE
"g579",9.88888888888889,48.6778968780685,TRUE
"g579",10.1111111111111,48.6006710985263,TRUE
"g579",10.3333333333333,48.5644710972885,TRUE
"g579",10.5555555555556,48.5352732248965,TRUE
"g579",10.7777777777778,48.5134707407495,TRUE
"g579",11,48.5565111247153,TRUE
"g579",11.2222222222222,48.6120590051548,TRUE
"g579",11.4444444444444,48.6802955247479,TRUE
"g579",11.6666666666667,48.7859104313673,TRUE
"g579",11.8888888888889,48.9170315706164,TRUE
"g579",12.1111111111111,49.0765702234696,TRUE
"g579",12.3333333333333,49.2960525328842,TRUE
"g579",12.5555555555556,49.5200495220528,TRUE
"g579",12.7777777777778,49.7805698465483,TRUE
"g579",13,50.0764794166884,TRUE
"g579",13.2222222222222,50.3690129537516,TRUE
"g579",13.4444444444444,50.7208892556413,TRUE
"g579",13.6666666666667,51.115555570074,TRUE
"g579",13.8888888888889,51.5149159964227,TRUE
"g579",14.1111111111111,51.9433128476146,TRUE
"g579",14.3333333333333,52.4248297774204,TRUE
"g579",14.5555555555556,52.9164295080066,TRUE
"g579",14.7777777777778,53.3969381207475,TRUE
"g579",15,53.9339138385105,TRUE
"g579",15.2222222222222,54.4766468450362,TRUE
"g579",15.4444444444444,55.0833963928601,TRUE
"g579",15.6666666666667,55.6894201421785,TRUE
"g579",15.8888888888889,56.314229779121,TRUE
"g579",16.1111111111111,56.9860302092002,TRUE
"g579",16.3333333333333,57.6971330386483,TRUE
"g579",16.5555555555556,58.4572549729927,TRUE
"g579",16.7777777777778,59.2148836900615,TRUE
"g579",17,59.9979695686611,TRUE
"g579",17.2222222222222,60.8083856008991,TRUE
"g579",17.4444444444444,61.6416045390495,TRUE
"g579",17.6666666666667,62.5339746703749,TRUE
"g579",17.8888888888889,63.4445722737434,TRUE
"g579",18.1111111111111,64.3668066370297,TRUE
"g579",18.3333333333333,65.3516541731149,TRUE
"g579",18.5555555555556,66.2958990437129,TRUE
"g579",18.7777777777778,67.2755147985148,TRUE
"g579",19,68.3331992805308,TRUE
"g579",19.2222222222222,69.3590303568357,TRUE
"g579",19.4444444444444,70.4933982221866,TRUE
"g579",19.6666666666667,71.6191353390001,TRUE
"g579",19.8888888888889,72.7796470550533,TRUE
"g579",20.1111111111111,73.9709606248913,TRUE
"g579",20.3333333333333,75.1824590362081,TRUE
"g579",20.5555555555556,76.4083726574439,TRUE
"g579",20.7777777777778,77.6897736691756,TRUE
"g579",21,78.978708962893,TRUE
"g579",21.2222222222222,80.2852040722678,TRUE
"g579",21.4444444444444,81.6311648836049,TRUE
"g579",21.6666666666667,83.0114329705029,TRUE
"g579",21.8888888888889,84.4368302792605,TRUE
"g579",22.1111111111111,85.890796384185,TRUE
"g579",22.3333333333333,87.3396938806039,TRUE
"g579",22.5555555555556,88.8090530896351,TRUE
"g579",22.7777777777778,90.2914446971075,TRUE
"g579",23,91.8509986642372,TRUE
"h523",1,77.8210452463593,TRUE
"h523",1.22222222222222,76.6895722501671,TRUE
"h523",1.44444444444444,75.6070414873731,TRUE
"h523",1.66666666666667,74.5204274026553,TRUE
"h523",1.88888888888889,73.5002532522617,TRUE
"h523",2.11111111111111,72.4872941534043,TRUE
"h523",2.33333333333333,71.5300186053535,TRUE
"h523",2.55555555555556,70.5737004811515,TRUE
"h523",2.77777777777778,69.6289949999599,TRUE
"h523",3,68.7210322390975,TRUE
"h523",3.22222222222222,67.8683423283019,TRUE
"h523",3.44444444444444,67.0264416550144,TRUE
"h523",3.66666666666667,66.1952314160492,TRUE
"h523",3.88888888888889,65.4053517047533,TRUE
"h523",4.11111111111111,64.6643113169889,TRUE
"h523",4.33333333333333,63.9307828283479,TRUE
"h523",4.55555555555556,63.1982977944068,TRUE
"h523",4.77777777777778,62.5098073566069,TRUE
"h523",5,61.8718152000326,TRUE
"h523",5.22222222222222,61.2705793155573,TRUE
"h523",5.44444444444444,60.7429390037374,TRUE
"h523",5.66666666666667,60.1846577974377,TRUE
"h523",5.88888888888889,59.6833519548009,TRUE
"h523",6.11111111111111,59.1718146926274,TRUE
"h523",6.33333333333333,58.6715595902486,TRUE
"h523",6.55555555555556,58.2323089727432,TRUE
"h523",6.77777777777778,57.7963566173127,TRUE
"h523",7,57.4217899986015,TRUE
"h523",7.22222222222222,57.0727834881427,TRUE
"h523",7.44444444444444,56.7745548685889,TRUE
"h523",7.66666666666667,56.495567499864,TRUE
"h523",7.88888888888889,56.2519756304417,TRUE
"h523",8.11111111111111,56.0319001983164,TRUE
"h523",8.33333333333333,55.8528779024071,TRUE
"h523",8.55555555555556,55.6937984725747,TRUE
"h523",8.77777777777778,55.5525431520789,TRUE
"h523",9,55.4176721661594,TRUE
"h523",9.22222222222222,55.3380169340396,TRUE
"h523",9.44444444444444,55.2669623386392,TRUE
"h523",9.66666666666667,55.2023821504743,TRUE
"h523",9.88888888888889,55.185093991852,TRUE
"h523",10.1111111111111,55.2000686635273,TRUE
"h523",10.3333333333333,55.2510319421947,TRUE
"h523",10.5555555555556,55.3187642989141,TRUE
"h523",10.7777777777778,55.4262461088201,TRUE
"h523",11,55.557555687803,TRUE
"h523",11.2222222222222,55.7068027494076,TRUE
"h523",11.4444444444444,55.9047204102515,TRUE
"h523",11.6666666666667,56.1117106267217,TRUE
"h523",11.8888888888889,56.3268805900187,TRUE
"h523",12.1111111111111,56.6008281315262,TRUE
"h523",12.3333333333333,56.8945339777171,TRUE
"h523",12.5555555555556,57.2316351388324,TRUE
"h523",12.7777777777778,57.5678902332054,TRUE
"h523",13,57.9684558738906,TRUE
"h523",13.2222222222222,58.3600097433621,TRUE
"h523",13.4444444444444,58.7723924836317,TRUE
"h523",13.6666666666667,59.2405145837768,TRUE
"h523",13.8888888888889,59.7612300853597,TRUE
"h523",14.1111111111111,60.2905348893314,TRUE
"h523",14.3333333333333,60.8352624468272,TRUE
"h523",14.5555555555556,61.4164423020941,TRUE
"h523",14.7777777777778,61.9878118310342,TRUE
"h523",15,62.6179609987939,TRUE
"h523",15.2222222222222,63.2857374476131,TRUE
"h523",15.4444444444444,63.9762033529884,TRUE
"h523",15.6666666666667,64.6800693453381,TRUE
"h523",15.8888888888889,65.4495880973798,TRUE
"h523",16.1111111111111,66.2415814231917,TRUE
"h523",16.3333333333333,67.0180635070263,TRUE
"h523",16.5555555555556,67.8515865765723,TRUE
"h523",16.7777777777778,68.7193065848577,TRUE
"h523",17,69.6166568442917,TRUE
"h523",17.2222222222222,70.5299250122475,TRUE
"h523",17.4444444444444,71.4684092266282,TRUE
"h523",17.6666666666667,72.459827930037,TRUE
"h523",17.8888888888889,73.4294691136973,TRUE
"h523",18.1111111111111,74.4679521055918,TRUE
"h523",18.3333333333333,75.5261377485856,TRUE
"h523",18.5555555555556,76.6188375972909,TRUE
"h523",18.7777777777778,77.6979180521275,TRUE
"h523",19,78.8336475768769,TRUE
"h523",19.2222222222222,80.0073649583681,TRUE
"h523",19.4444444444444,81.1668198940718,TRUE
"h523",19.6666666666667,82.378269240739,TRUE
"h523",19.8888888888889,83.6224381471281,TRUE
"h523",20.1111111111111,84.8899247162519,TRUE
"h523",20.3333333333333,86.196484222041,TRUE
"h523",20.5555555555556,87.5024027647603,TRUE
"h523",20.7777777777778,88.8876566415383,TRUE
"h523",21,90.2831259214855,TRUE
"h523",21.2222222222222,91.6770742456522,TRUE
"h523",21.4444444444444,93.1447514094845,TRUE
"h523",21.6666666666667,94.5787165446771,TRUE
"h523",21.8888888888889,96.0790941807253,TRUE
"h523",22.1111111111111,97.5927251806821,TRUE
"h523",22.3333333333333,99.0859789876349,TRUE
"h523",22.5555555555556,100.670820840563,TRUE
"h523",22.7777777777778,102.296208629349,TRUE
"h523",23,103.921610498478,TRUE
"h959",1,72.709615294229,TRUE
"h959",1.22222222222222,71.4826193503895,TRUE
"h959",1.44444444444444,70.2716814677844,TRUE
"h959",1.66666666666667,69.1453661724009,TRUE
"h959",1.88888888888889,67.9857009325282,TRUE
"h959",2.11111111111111,66.8820465493764,TRUE
"h959",2.33333333333333,65.7991036524603,TRUE
"h959",2.55555555555556,64.7253702119905,TRUE
"h959",2.77777777777778,63.7099498573533,TRUE
"h959",3,62.6960170578552,TRUE
"h959",3.22222222222222,61.7248729969268,TRUE
"h959",3.44444444444444,60.7647483681221,TRUE
"h959",3.66666666666667,59.8544910366947,TRUE
"h959",3.88888888888889,58.9591058084211,TRUE
"h959",4.11111111111111,58.0605619070289,TRUE
"h959",4.33333333333333,57.2344571355259,TRUE
"h959",4.55555555555556,56.3978321660762,TRUE
"h959",4.77777777777778,55.6019761175175,TRUE
"h959",5,54.8587554476049,TRUE
"h959",5.22222222222222,54.1320575850533,TRUE
"h959",5.44444444444444,53.4235505118327,TRUE
"h959",5.66666666666667,52.7411649037253,TRUE
"h959",5.88888888888889,52.0842121010578,TRUE
"h959",6.11111111111111,51.4960450725217,TRUE
"h959",6.33333333333333,50.9021280072573,TRUE
"h959",6.55555555555556,50.301765833151,TRUE
"h959",6.77777777777778,49.7699705017603,TRUE
"h959",7,49.2690904535791,TRUE
"h959",7.22222222222222,48.8180159485593,TRUE
"h959",7.44444444444444,48.38814836038,TRUE
"h959",7.66666666666667,47.949576396035,TRUE
"h959",7.88888888888889,47.546641604834,TRUE
"h959",8.11111111111111,47.1622835996463,TRUE
"h959",8.33333333333333,46.8510128142801,TRUE
"h959",8.55555555555556,46.5377545045962,TRUE
"h959",8.77777777777778,46.2463440160874,TRUE
"h959",9,46.0231108090885,TRUE
"h959",9.22222222222222,45.8209043229843,TRUE
"h959",9.44444444444444,45.6230063118619,TRUE
"h959",9.66666666666667,45.4633848863556,TRUE
"h959",9.88888888888889,45.3449989854669,TRUE
"h959",10.1111111111111,45.2727947343634,TRUE
"h959",10.3333333333333,45.1738947924445,TRUE
"h959",10.5555555555556,45.1207217385852,TRUE
"h959",10.7777777777778,45.0910810160545,TRUE
"h959",11,45.096629780526,TRUE
"h959",11.2222222222222,45.0977873395201,TRUE
"h959",11.4444444444444,45.1541405274114,TRUE
"h959",11.6666666666667,45.2596302297745,TRUE
"h959",11.8888888888889,45.3633641107959,TRUE
"h959",12.1111111111111,45.5332618558882,TRUE
"h959",12.3333333333333,45.6914728715785,TRUE
"h959",12.5555555555556,45.8845843379565,TRUE
"h959",12.7777777777778,46.0944117998819,TRUE
"h959",13,46.3537710957605,TRUE
"h959",13.2222222222222,46.6273820934298,TRUE
"h959",13.4444444444444,46.9129507728926,TRUE
"h959",13.6666666666667,47.235431510229,TRUE
"h959",13.8888888888889,47.5812206180187,TRUE
"h959",14.1111111111111,47.96049198567,TRUE
"h959",14.3333333333333,48.3561377394421,TRUE
"h959",14.5555555555556,48.8440990369072,TRUE
"h959",14.7777777777778,49.3332184653943,TRUE
"h959",15,49.8342619047486,TRUE
"h959",15.2222222222222,50.3999867615461,TRUE
"h959",15.4444444444444,50.991034324214,TRUE
"h959",15.6666666666667,51.5914033561086,TRUE
"h959",15.8888888888889,52.2075693527369,TRUE
"h959",16.1111111111111,52.8430469344525,TRUE
"h959",16.3333333333333,53.5460114786676,TRUE
"h959",16.5555555555556,54.2430434646546,TRUE
"h959",16.7777777777778,54.9585755672681,TRUE
"h959",17,55.7377453255105,TRUE
"h959",17.2222222222222,56.5171364240344,TRUE
"h959",17.4444444444444,57.3475175720067,TRUE
"h959",17.6666666666667,58.2145536387069,TRUE
"h959",17.8888888888889,59.0514315141439,TRUE
"h959",18.1111111111111,59.9570864181672,TRUE
"h959",18.3333333333333,60.8991257182257,TRUE
"h959",18.5555555555556,61.8720515634801,TRUE
"h959",18.7777777777778,62.855808550225,TRUE
"h959",19,63.8299078239739,TRUE
"h959",19.2222222222222,64.8640328665529,TRUE
"h959",19.4444444444444,65.9068209523369,TRUE
"h959",19.6666666666667,67.0061611379428,TRUE
"h959",19.8888888888889,68.1217651074625,TRUE
"h959",20.1111111111111,69.2772411377537,TRUE
"h959",20.3333333333333,70.4603494472054,TRUE
"h959",20.5555555555556,71.6931192705228,TRUE
"h959",20.7777777777778,72.9071589157594,TRUE
"h959",21,74.1392950109524,TRUE
"h959",21.2222222222222,75.4099479520027,TRUE
"h959",21.4444444444444,76.7404759483485,TRUE
"h959",21.6666666666667,78.0832963902589,TRUE
"h959",21.8888888888889,79.4539546262762,TRUE
"h959",22.1111111111111,80.8105981667908,TRUE
"h959",22.3333333333333,82.239953909914,TRUE
"h959",22.5555555555556,83.6847901279737,TRUE
"h959",22.7777777777778,85.1690845155898,TRUE
"h959",23,86.6697142758211,TRUE
"i319",1,75.7639732721958,TRUE
"i319",1.22222222222222,74.5350636009882,TRUE
"i319",1.44444444444444,73.3706506099421,TRUE
"i319",1.66666666666667,72.2141260587278,TRUE
"i319",1.88888888888889,71.0564136814303,TRUE
"i319",2.11111111111111,69.9521844573584,TRUE
"i319",2.33333333333333,68.8668999851257,TRUE
"i319",2.55555555555556,67.8146120568816,TRUE
"i319",2.77777777777778,66.824960369648,TRUE
"i319",3,65.8182954276985,TRUE
"i319",3.22222222222222,64.8230974203551,TRUE
"i319",3.44444444444444,63.8615930520626,TRUE
"i319",3.66666666666667,62.938233592416,TRUE
"i319",3.88888888888889,62.0178472527259,TRUE
"i319",4.11111111111111,61.1576260072881,TRUE
"i319",4.33333333333333,60.310477630547,TRUE
"i319",4.55555555555556,59.5054052053399,TRUE
"i319",4.77777777777778,58.6946073634175,TRUE
"i319",5,57.916094032041,TRUE
"i319",5.22222222222222,57.2245989548856,TRUE
"i319",5.44444444444444,56.5118520807802,TRUE
"i319",5.66666666666667,55.8834752744151,TRUE
"i319",5.88888888888889,55.221015600292,TRUE
"i319",6.11111111111111,54.599535912712,TRUE
"i319",6.33333333333333,54.0457204945681,TRUE
"i319",6.55555555555556,53.4839046992908,TRUE
"i319",6.77777777777778,52.9589689271347,TRUE
"i319",7,52.4774712641584,TRUE
"i319",7.22222222222222,52.0068684262549,TRUE
"i319",7.44444444444444,51.553809361645,TRUE
"i319",7.66666666666667,51.1429329891488,TRUE
"i319",7.88888888888889,50.7837585808239,TRUE
"i319",8.11111111111111,50.4434793744801,TRUE
"i319",8.33333333333333,50.1330612153924,TRUE
"i319",8.55555555555556,49.8123072197145,TRUE
"i319",8.77777777777778,49.5684124011016,TRUE
"i319",9,49.3211471084713,TRUE
"i319",9.22222222222222,49.0959390009203,TRUE
"i319",9.44444444444444,48.8876793340896,TRUE
"i319",9.66666666666667,48.7347321307603,TRUE
"i319",9.88888888888889,48.6148091630341,TRUE
"i319",10.1111111111111,48.491257456359,TRUE
"i319",10.3333333333333,48.4008679348018,TRUE
"i319",10.5555555555556,48.3349525975243,TRUE
"i319",10.7777777777778,48.2870597237617,TRUE
"i319",11,48.2947299623493,TRUE
"i319",11.2222222222222,48.325142243497,TRUE
"i319",11.4444444444444,48.3562334968482,TRUE
"i319",11.6666666666667,48.4208510940379,TRUE
"i319",11.8888888888889,48.509331755642,TRUE
"i319",12.1111111111111,48.6460195617092,TRUE
"i319",12.3333333333333,48.8188796619692,TRUE
"i319",12.5555555555556,49.0038498424675,TRUE
"i319",12.7777777777778,49.2214796356522,TRUE
"i319",13,49.4806880491269,TRUE
"i319",13.2222222222222,49.7694623652551,TRUE
"i319",13.4444444444444,50.0467217065332,TRUE
"i319",13.6666666666667,50.3947764154875,TRUE
"i319",13.8888888888889,50.7574785270759,TRUE
"i319",14.1111111111111,51.18700752807,TRUE
"i319",14.3333333333333,51.5946757418154,TRUE
"i319",14.5555555555556,52.0099394636183,TRUE
"i319",14.7777777777778,52.452022670785,TRUE
"i319",15,52.9641494341809,TRUE
"i319",15.2222222222222,53.5200485453017,TRUE
"i319",15.4444444444444,54.0760677787047,TRUE
"i319",15.6666666666667,54.7021269804679,TRUE
"i319",15.8888888888889,55.3075712995321,TRUE
"i319",16.1111111111111,55.947542366441,TRUE
"i319",16.3333333333333,56.6320802351965,TRUE
"i319",16.5555555555556,57.3335047007369,TRUE
"i319",16.7777777777778,58.0635856710432,TRUE
"i319",17,58.8244550948099,TRUE
"i319",17.2222222222222,59.5713993705305,TRUE
"i319",17.4444444444444,60.3970499394579,TRUE
"i319",17.6666666666667,61.2547870353984,TRUE
"i319",17.8888888888889,62.1264456815245,TRUE
"i319",18.1111111111111,63.0194990864869,TRUE
"i319",18.3333333333333,63.9446639321808,TRUE
"i319",18.5555555555556,64.8903795743003,TRUE
"i319",18.7777777777778,65.8373317989677,TRUE
"i319",19,66.8274391543155,TRUE
"i319",19.2222222222222,67.8984870984718,TRUE
"i319",19.4444444444444,68.9251725093392,TRUE
"i319",19.6666666666667,70.0161772028741,TRUE
"i319",19.8888888888889,71.1338880057306,TRUE
"i319",20.1111111111111,72.2833918701558,TRUE
"i319",20.3333333333333,73.4617723461688,TRUE
"i319",20.5555555555556,74.6940294698721,TRUE
"i319",20.7777777777778,75.9053389347722,TRUE
"i319",21,77.1826099783586,TRUE
"i319",21.2222222222222,78.4772585026133,TRUE
"i319",21.4444444444444,79.8059754750269,TRUE
"i319",21.6666666666667,81.1125196095427,TRUE
"i319",21.8888888888889,82.5121090541955,TRUE
"i319",22.1111111111111,83.9101203509633,TRUE
"i319",22.3333333333333,85.3558681690884,TRUE
"i319",22.5555555555556,86.8177006968805,TRUE
"i319",22.7777777777778,88.2900725990728,TRUE
"i319",23,89.8070676299675,TRUE
"i645",1,73.2296825014157,TRUE
"i645",1.22222222222222,72.0350964420232,TRUE
"i645",1.44444444444444,70.8949424806189,TRUE
"i645",1.66666666666667,69.8048522694299,TRUE
"i645",1.88888888888889,68.7114581043515,TRUE
"i645",2.11111111111111,67.6647143669851,TRUE
"i645",2.33333333333333,66.6104016470092,TRUE
"i645",2.55555555555556,65.6237158438478,TRUE
"i645",2.77777777777778,64.6534752071757,TRUE
"i645",3,63.7092247001783,TRUE
"i645",3.22222222222222,62.7755988760571,TRUE
"i645",3.44444444444444,61.8923439207453,TRUE
"i645",3.66666666666667,60.9970576700645,TRUE
"i645",3.88888888888889,60.1150897089994,TRUE
"i645",4.11111111111111,59.3183387527006,TRUE
"i645",4.33333333333333,58.5316599825547,TRUE
"i645",4.55555555555556,57.76812588826,TRUE
"i645",4.77777777777778,57.0466711875557,TRUE
"i645",5,56.3650317524212,TRUE
"i645",5.22222222222222,55.69144550359,TRUE
"i645",5.44444444444444,55.0421749738396,TRUE
"i645",5.66666666666667,54.4223186769971,TRUE
"i645",5.88888888888889,53.8421923993016,TRUE
"i645",6.11111111111111,53.2713734468257,TRUE
"i645",6.33333333333333,52.774551910832,TRUE
"i645",6.55555555555556,52.2743180506519,TRUE
"i645",6.77777777777778,51.8164481947011,TRUE
"i645",7,51.3996048527116,TRUE
"i645",7.22222222222222,50.9975681170573,TRUE
"i645",7.44444444444444,50.6477074677914,TRUE
"i645",7.66666666666667,50.2610512374779,TRUE
"i645",7.88888888888889,49.8799708150184,TRUE
"i645",8.11111111111111,49.5419670620404,TRUE
"i645",8.33333333333333,49.2594041754663,TRUE
"i645",8.55555555555556,48.9793589868861,TRUE
"i645",8.77777777777778,48.7369575869269,TRUE
"i645",9,48.535659631174,TRUE
"i645",9.22222222222222,48.349665402794,TRUE
"i645",9.44444444444444,48.1750673957429,TRUE
"i645",9.66666666666667,48.0440943139164,TRUE
"i645",9.88888888888889,47.9531204795642,TRUE
"i645",10.1111111111111,47.8984918389682,TRUE
"i645",10.3333333333333,47.8664690847821,TRUE
"i645",10.5555555555556,47.8342913424799,TRUE
"i645",10.7777777777778,47.8437522494738,TRUE
"i645",11,47.9188033099307,TRUE
"i645",11.2222222222222,47.9859596313765,TRUE
"i645",11.4444444444444,48.1317632759081,TRUE
"i645",11.6666666666667,48.2681172029925,TRUE
"i645",11.8888888888889,48.4259271520787,TRUE
"i645",12.1111111111111,48.6337234979653,TRUE
"i645",12.3333333333333,48.8522344820018,TRUE
"i645",12.5555555555556,49.1078378324096,TRUE
"i645",12.7777777777778,49.380304421788,TRUE
"i645",13,49.7040482366413,TRUE
"i645",13.2222222222222,50.0563074442081,TRUE
"i645",13.4444444444444,50.4465494942469,TRUE
"i645",13.6666666666667,50.8355257567652,TRUE
"i645",13.8888888888889,51.2635649671771,TRUE
"i645",14.1111111111111,51.6882973785513,TRUE
"i645",14.3333333333333,52.1393413536063,TRUE
"i645",14.5555555555556,52.6372900321183,TRUE
"i645",14.7777777777778,53.1657184883713,TRUE
"i645",15,53.7136002347373,TRUE
"i645",15.2222222222222,54.2895494982968,TRUE
"i645",15.4444444444444,54.8892964072475,TRUE
"i645",15.6666666666667,55.5261196888497,TRUE
"i645",15.8888888888889,56.180957029517,TRUE
"i645",16.1111111111111,56.8607121906912,TRUE
"i645",16.3333333333333,57.5568212326812,TRUE
"i645",16.5555555555556,58.3172331718601,TRUE
"i645",16.7777777777778,59.0781706756557,TRUE
"i645",17,59.8647747122569,TRUE
"i645",17.2222222222222,60.7023922641646,TRUE
"i645",17.4444444444444,61.5698196804362,TRUE
"i645",17.6666666666667,62.4626009848154,TRUE
"i645",17.8888888888889,63.3963224966845,TRUE
"i645",18.1111111111111,64.3497450869324,TRUE
"i645",18.3333333333333,65.3483294497024,TRUE
"i645",18.5555555555556,66.3514930578714,TRUE
"i645",18.7777777777778,67.3423189920022,TRUE
"i645",19,68.3971878178693,TRUE
"i645",19.2222222222222,69.4621157414883,TRUE
"i645",19.4444444444444,70.5876234610461,TRUE
"i645",19.6666666666667,71.7335823239287,TRUE
"i645",19.8888888888889,72.9190745702704,TRUE
"i645",20.1111111111111,74.1228157460921,TRUE
"i645",20.3333333333333,75.2998539112924,TRUE
"i645",20.5555555555556,76.5729816193607,TRUE
"i645",20.7777777777778,77.845990408997,TRUE
"i645",21,79.165638090614,TRUE
"i645",21.2222222222222,80.5254034393516,TRUE
"i645",21.4444444444444,81.9015724248094,TRUE
"i645",21.6666666666667,83.2813124177213,TRUE
"i645",21.8888888888889,84.6874185545831,TRUE
"i645",22.1111111111111,86.1345663474093,TRUE
"i645",22.3333333333333,87.6141284265506,TRUE
"i645",22.5555555555556,89.1194491611063,TRUE
"i645",22.7777777777778,90.6516618598497,TRUE
"i645",23,92.2043648265236,TRUE
"i656",1,71.0722791826787,TRUE
"i656",1.22222222222222,69.9703295507018,TRUE
"i656",1.44444444444444,68.9320419131612,TRUE
"i656",1.66666666666667,67.9207952529976,TRUE
"i656",1.88888888888889,66.9115707915244,TRUE
"i656",2.11111111111111,65.9331653060296,TRUE
"i656",2.33333333333333,64.997220267211,TRUE
"i656",2.55555555555556,64.0949747914335,TRUE
"i656",2.77777777777778,63.1919273568613,TRUE
"i656",3,62.3507553836487,TRUE
"i656",3.22222222222222,61.5211917894586,TRUE
"i656",3.44444444444444,60.7267190689548,TRUE
"i656",3.66666666666667,59.9681716217158,TRUE
"i656",3.88888888888889,59.2069791473075,TRUE
"i656",4.11111111111111,58.4839801906787,TRUE
"i656",4.33333333333333,57.7610524835701,TRUE
"i656",4.55555555555556,57.0862156817493,TRUE
"i656",4.77777777777778,56.422913509912,TRUE
"i656",5,55.8023292333506,TRUE
"i656",5.22222222222222,55.2109669040377,TRUE
"i656",5.44444444444444,54.6749526881583,TRUE
"i656",5.66666666666667,54.1525755854991,TRUE
"i656",5.88888888888889,53.6734742175325,TRUE
"i656",6.11111111111111,53.2016211832838,TRUE
"i656",6.33333333333333,52.7870342718843,TRUE
"i656",6.55555555555556,52.3636546926055,TRUE
"i656",6.77777777777778,51.9950987754257,TRUE
"i656",7,51.6369490634588,TRUE
"i656",7.22222222222222,51.2708823549293,TRUE
"i656",7.44444444444444,50.9675410077261,TRUE
"i656",7.66666666666667,50.7034639055209,TRUE
"i656",7.88888888888889,50.4847431208049,TRUE
"i656",8.11111111111111,50.2577417886098,TRUE
"i656",8.33333333333333,50.0577078987901,TRUE
"i656",8.55555555555556,49.9097468629805,TRUE
"i656",8.77777777777778,49.7857454333547,TRUE
"i656",9,49.6944328405471,TRUE
"i656",9.22222222222222,49.6217425566843,TRUE
"i656",9.44444444444444,49.5616895299316,TRUE
"i656",9.66666666666667,49.5354434494651,TRUE
"i656",9.88888888888889,49.5766571250613,TRUE
"i656",10.1111111111111,49.6214285724568,TRUE
"i656",10.3333333333333,49.6779705932655,TRUE
"i656",10.5555555555556,49.8111941538058,TRUE
"i656",10.7777777777778,49.9530397376283,TRUE
"i656",11,50.1035168987888,TRUE
"i656",11.2222222222222,50.2813049789506,TRUE
"i656",11.4444444444444,50.4905216725072,TRUE
"i656",11.6666666666667,50.733011098019,TRUE
"i656",11.8888888888889,51.0151216604617,TRUE
"i656",12.1111111111111,51.3000679911254,TRUE
"i656",12.3333333333333,51.6104664276626,TRUE
"i656",12.5555555555556,51.954356215542,TRUE
"i656",12.7777777777778,52.3543845450524,TRUE
"i656",13,52.735793605611,TRUE
"i656",13.2222222222222,53.1920265455275,TRUE
"i656",13.4444444444444,53.6761632757444,TRUE
"i656",13.6666666666667,54.1461013917878,TRUE
"i656",13.8888888888889,54.6670435071162,TRUE
"i656",14.1111111111111,55.2138068182836,TRUE
"i656",14.3333333333333,55.76972586229,TRUE
"i656",14.5555555555556,56.355522452211,TRUE
"i656",14.7777777777778,56.9458917571333,TRUE
"i656",15,57.5826547566753,TRUE
"i656",15.2222222222222,58.2638452418577,TRUE
"i656",15.4444444444444,58.9735204434412,TRUE
"i656",15.6666666666667,59.715350121617,TRUE
"i656",15.8888888888889,60.507311717845,TRUE
"i656",16.1111111111111,61.3177607360356,TRUE
"i656",16.3333333333333,62.1451935578441,TRUE
"i656",16.5555555555556,63.0135099045202,TRUE
"i656",16.7777777777778,63.8922968533386,TRUE
"i656",17,64.8050212078062,TRUE
"i656",17.2222222222222,65.7532496605154,TRUE
"i656",17.4444444444444,66.7062486620319,TRUE
"i656",17.6666666666667,67.7066259393381,TRUE
"i656",17.8888888888889,68.7271377431499,TRUE
"i656",18.1111111111111,69.7730266033987,TRUE
"i656",18.3333333333333,70.8693172902765,TRUE
"i656",18.5555555555556,71.9846172206142,TRUE
"i656",18.7777777777778,73.1052240869776,TRUE
"i656",19,74.2348377830583,TRUE
"i656",19.2222222222222,75.4216451311374,TRUE
"i656",19.4444444444444,76.6163488944339,TRUE
"i656",19.6666666666667,77.8726238349762,TRUE
"i656",19.8888888888889,79.1514798512606,TRUE
"i656",20.1111111111111,80.4648590061089,TRUE
"i656",20.3333333333333,81.7748703945369,TRUE
"i656",20.5555555555556,83.1123191627596,TRUE
"i656",20.7777777777778,84.4853435365073,TRUE
"i656",21,85.8697859915811,TRUE
"i656",21.2222222222222,87.3003115373174,TRUE
"i656",21.4444444444444,88.7621152155157,TRUE
"i656",21.6666666666667,90.2442807411628,TRUE
"i656",21.8888888888889,91.7561479940159,TRUE
"i656",22.1111111111111,93.3018684285757,TRUE
"i656",22.3333333333333,94.8740084803713,TRUE
"i656",22.5555555555556,96.4871537405717,TRUE
"i656",22.7777777777778,98.0903343694955,TRUE
"i656",23,99.7400532011468,TRUE
"i720",1,75.3196342344658,TRUE
"i720",1.22222222222222,74.0882309408009,TRUE
"i720",1.44444444444444,72.9252759301947,TRUE
"i720",1.66666666666667,71.7817665780351,TRUE
"i720",1.88888888888889,70.6429400288722,TRUE
"i720",2.11111111111111,69.546394923282,TRUE
"i720",2.33333333333333,68.4504811642217,TRUE
"i720",2.55555555555556,67.4062809620303,TRUE
"i720",2.77777777777778,66.3941417074828,TRUE
"i720",3,65.3984144479737,TRUE
"i720",3.22222222222222,64.4027801687001,TRUE
"i720",3.44444444444444,63.4664625448387,TRUE
"i720",3.66666666666667,62.5507616965384,TRUE
"i720",3.88888888888889,61.6736514078068,TRUE
"i720",4.11111111111111,60.8116473026836,TRUE
"i720",4.33333333333333,60.0023342392538,TRUE
"i720",4.55555555555556,59.2242496937983,TRUE
"i720",4.77777777777778,58.4520080918018,TRUE
"i720",5,57.6772300148983,TRUE
"i720",5.22222222222222,57.0005222751526,TRUE
"i720",5.44444444444444,56.3121502540022,TRUE
"i720",5.66666666666667,55.6323563018349,TRUE
"i720",5.88888888888889,54.9875656294252,TRUE
"i720",6.11111111111111,54.3544851647191,TRUE
"i720",6.33333333333333,53.7847937030566,TRUE
"i720",6.55555555555556,53.2173262695625,TRUE
"i720",6.77777777777778,52.71019967009,TRUE
"i720",7,52.2754135646713,TRUE
"i720",7.22222222222222,51.8085346756557,TRUE
"i720",7.44444444444444,51.3632332260498,TRUE
"i720",7.66666666666667,50.9140708729423,TRUE
"i720",7.88888888888889,50.5394829847297,TRUE
"i720",8.11111111111111,50.1689198942375,TRUE
"i720",8.33333333333333,49.8253774354538,TRUE
"i720",8.55555555555556,49.5266857174534,TRUE
"i720",8.77777777777778,49.2410585278878,TRUE
"i720",9,48.9922625373886,TRUE
"i720",9.22222222222222,48.7818457764278,TRUE
"i720",9.44444444444444,48.5684003351652,TRUE
"i720",9.66666666666667,48.4184637841376,TRUE
"i720",9.88888888888889,48.3098749495547,TRUE
"i720",10.1111111111111,48.2316301711051,TRUE
"i720",10.3333333333333,48.1545681382901,TRUE
"i720",10.5555555555556,48.1068637819319,TRUE
"i720",10.7777777777778,48.0865580195311,TRUE
"i720",11,48.0729468700929,TRUE
"i720",11.2222222222222,48.1228253644549,TRUE
"i720",11.4444444444444,48.1921307346722,TRUE
"i720",11.6666666666667,48.2571187114809,TRUE
"i720",11.8888888888889,48.407448150989,TRUE
"i720",12.1111111111111,48.5644853043523,TRUE
"i720",12.3333333333333,48.74299479934,TRUE
"i720",12.5555555555556,48.9550425309777,TRUE
"i720",12.7777777777778,49.1982539004393,TRUE
"i720",13,49.4558411323747,TRUE
"i720",13.2222222222222,49.7646768592851,TRUE
"i720",13.4444444444444,50.0986344154112,TRUE
"i720",13.6666666666667,50.4563674567963,TRUE
"i720",13.8888888888889,50.8066131446009,TRUE
"i720",14.1111111111111,51.2315537119641,TRUE
"i720",14.3333333333333,51.6622667973134,TRUE
"i720",14.5555555555556,52.1177824768423,TRUE
"i720",14.7777777777778,52.613600389473,TRUE
"i720",15,53.1330701631868,TRUE
"i720",15.2222222222222,53.6963414623063,TRUE
"i720",15.4444444444444,54.245983209821,TRUE
"i720",15.6666666666667,54.8575843018155,TRUE
"i720",15.8888888888889,55.4884200499863,TRUE
"i720",16.1111111111111,56.1148886999154,TRUE
"i720",16.3333333333333,56.8036061148309,TRUE
"i720",16.5555555555556,57.5252003274651,TRUE
"i720",16.7777777777778,58.2721700992586,TRUE
"i720",17,59.0130669619415,TRUE
"i720",17.2222222222222,59.8153984206083,TRUE
"i720",17.4444444444444,60.6631968773535,TRUE
"i720",17.6666666666667,61.5119287610633,TRUE
"i720",17.8888888888889,62.3876119728973,TRUE
"i720",18.1111111111111,63.2946630809838,TRUE
"i720",18.3333333333333,64.2729944725085,TRUE
"i720",18.5555555555556,65.2300736961037,TRUE
"i720",18.7777777777778,66.1789735688606,TRUE
"i720",19,67.209790587839,TRUE
"i720",19.2222222222222,68.2527502484438,TRUE
"i720",19.4444444444444,69.3500574815596,TRUE
"i720",19.6666666666667,70.4164387540058,TRUE
"i720",19.8888888888889,71.5352224702002,TRUE
"i720",20.1111111111111,72.6576182131099,TRUE
"i720",20.3333333333333,73.8684594354241,TRUE
"i720",20.5555555555556,75.1284334334983,TRUE
"i720",20.7777777777778,76.3401047420237,TRUE
"i720",21,77.5928581163641,TRUE
"i720",21.2222222222222,78.8697638774851,TRUE
"i720",21.4444444444444,80.1798154248905,TRUE
"i720",21.6666666666667,81.5550881780078,TRUE
"i720",21.8888888888889,82.9451904719515,TRUE
"i720",22.1111111111111,84.3291441500699,TRUE
"i720",22.3333333333333,85.7591625474826,TRUE
"i720",22.5555555555556,87.2574776543518,TRUE
"i720",22.7777777777778,88.7452136138002,TRUE
"i720",23,90.2825236088974,TRUE
"j212",1,84.7235750701585,TRUE
"j212",1.22222222222222,83.5510576012216,TRUE
"j212",1.44444444444444,82.4575605437448,TRUE
"j212",1.66666666666667,81.3817993143818,TRUE
"j212",1.88888888888889,80.2880840105641,TRUE
"j212",2.11111111111111,79.2420591446261,TRUE
"j212",2.33333333333333,78.2214271195795,TRUE
"j212",2.55555555555556,77.2040196057107,TRUE
"j212",2.77777777777778,76.2174393805737,TRUE
"j212",3,75.3237356890214,TRUE
"j212",3.22222222222222,74.3837190843332,TRUE
"j212",3.44444444444444,73.5139069928666,TRUE
"j212",3.66666666666667,72.6691834931833,TRUE
"j212",3.88888888888889,71.8712276624722,TRUE
"j212",4.11111111111111,71.1029331109737,TRUE
"j212",4.33333333333333,70.3334112740162,TRUE
"j212",4.55555555555556,69.6165576134379,TRUE
"j212",4.77777777777778,68.9021839892816,TRUE
"j212",5,68.1990806176391,TRUE
"j212",5.22222222222222,67.5264676938323,TRUE
"j212",5.44444444444444,66.9107843317836,TRUE
"j212",5.66666666666667,66.327695117235,TRUE
"j212",5.88888888888889,65.7508778088053,TRUE
"j212",6.11111111111111,65.2117708375947,TRUE
"j212",6.33333333333333,64.701549301133,TRUE
"j212",6.55555555555556,64.1931194266102,TRUE
"j212",6.77777777777778,63.7482380638206,TRUE
"j212",7,63.3039249942624,TRUE
"j212",7.22222222222222,62.9329699197917,TRUE
"j212",7.44444444444444,62.5707431965147,TRUE
"j212",7.66666666666667,62.2088775322357,TRUE
"j212",7.88888888888889,61.8581956461486,TRUE
"j212",8.11111111111111,61.5817124256579,TRUE
"j212",8.33333333333333,61.3051421641243,TRUE
"j212",8.55555555555556,61.079367702691,TRUE
"j212",8.77777777777778,60.8781279911762,TRUE
"j212",9,60.7016506358154,TRUE
"j212",9.22222222222222,60.5413596743531,TRUE
"j212",9.44444444444444,60.3718225089222,TRUE
"j212",9.66666666666667,60.2548019460177,TRUE
"j212",9.88888888888889,60.1882069977825,TRUE
"j212",10.1111111111111,60.1494812362999,TRUE
"j212",10.3333333333333,60.1326101920322,TRUE
"j212",10.5555555555556,60.1369458559904,TRUE
"j212",10.7777777777778,60.1786093981618,TRUE
"j212",11,60.2587134372952,TRUE
"j212",11.2222222222222,60.3882570845794,TRUE
"j212",11.4444444444444,60.4978669366508,TRUE
"j212",11.6666666666667,60.6370291440858,TRUE
"j212",11.8888888888889,60.8502015562386,TRUE
"j212",12.1111111111111,61.0464079793076,TRUE
"j212",12.3333333333333,61.2733079724784,TRUE
"j212",12.5555555555556,61.5373180865062,TRUE
"j212",12.7777777777778,61.8063660675142,TRUE
"j212",13,62.0939151487056,TRUE
"j212",13.2222222222222,62.4760676634488,TRUE
"j212",13.4444444444444,62.8825848193581,TRUE
"j212",13.6666666666667,63.2990695686032,TRUE
"j212",13.8888888888889,63.7135962112237,TRUE
"j212",14.1111111111111,64.1799454282255,TRUE
"j212",14.3333333333333,64.6762083992003,TRUE
"j212",14.5555555555556,65.180460443997,TRUE
"j212",14.7777777777778,65.7123108519611,TRUE
"j212",15,66.2823265532321,TRUE
"j212",15.2222222222222,66.8988213792346,TRUE
"j212",15.4444444444444,67.5211512067979,TRUE
"j212",15.6666666666667,68.1629256755636,TRUE
"j212",15.8888888888889,68.834605328058,TRUE
"j212",16.1111111111111,69.5619811544275,TRUE
"j212",16.3333333333333,70.301646314068,TRUE
"j212",16.5555555555556,71.055677011584,TRUE
"j212",16.7777777777778,71.8555443946633,TRUE
"j212",17,72.6675954381282,TRUE
"j212",17.2222222222222,73.5242899646195,TRUE
"j212",17.4444444444444,74.4086490446526,TRUE
"j212",17.6666666666667,75.3016296865124,TRUE
"j212",17.8888888888889,76.2421871237674,TRUE
"j212",18.1111111111111,77.1849717138136,TRUE
"j212",18.3333333333333,78.1657611897658,TRUE
"j212",18.5555555555556,79.2056267030814,TRUE
"j212",18.7777777777778,80.2298298888664,TRUE
"j212",19,81.3347223321634,TRUE
"j212",19.2222222222222,82.4133427045865,TRUE
"j212",19.4444444444444,83.540557859564,TRUE
"j212",19.6666666666667,84.7174084988237,TRUE
"j212",19.8888888888889,85.8968723392084,TRUE
"j212",20.1111111111111,87.1351926607719,TRUE
"j212",20.3333333333333,88.3639633841617,TRUE
"j212",20.5555555555556,89.6214673317286,TRUE
"j212",20.7777777777778,90.9472018032717,TRUE
"j212",21,92.302336887876,TRUE
"j212",21.2222222222222,93.6805233363467,TRUE
"j212",21.4444444444444,95.0481205528544,TRUE
"j212",21.6666666666667,96.4399143607662,TRUE
"j212",21.8888888888889,97.8775432988116,TRUE
"j212",22.1111111111111,99.3381583873452,TRUE
"j212",22.3333333333333,100.792241421106,TRUE
"j212",22.5555555555556,102.345267162556,TRUE
"j212",22.7777777777778,103.892671414797,TRUE
"j212",23,105.455710961992,TRUE
"j260",1,75.7384162477309,TRUE
"j260",1.22222222222222,74.5470701382812,TRUE
"j260",1.44444444444444,73.3791112893357,TRUE
"j260",1.66666666666667,72.2290260818166,TRUE
"j260",1.88888888888889,71.1282733809422,TRUE
"j260",2.11111111111111,70.0565625899442,TRUE
"j260",2.33333333333333,69.0244781591513,TRUE
"j260",2.55555555555556,68.0118413625619,TRUE
"j260",2.77777777777778,66.9904798978588,TRUE
"j260",3,66.0346809385148,TRUE
"j260",3.22222222222222,65.0812590231871,TRUE
"j260",3.44444444444444,64.1594725487378,TRUE
"j260",3.66666666666667,63.2522971210429,TRUE
"j260",3.88888888888889,62.3873801575007,TRUE
"j260",4.11111111111111,61.5507022030056,TRUE
"j260",4.33333333333333,60.7643856707639,TRUE
"j260",4.55555555555556,59.9627398595709,TRUE
"j260",4.77777777777778,59.1820711091107,TRUE
"j260",5,58.4145170033438,TRUE
"j260",5.22222222222222,57.740640694614,TRUE
"j260",5.44444444444444,57.0521447795813,TRUE
"j260",5.66666666666667,56.4136647136502,TRUE
"j260",5.88888888888889,55.7827730601269,TRUE
"j260",6.11111111111111,55.2103240646586,TRUE
"j260",6.33333333333333,54.6694978580934,TRUE
"j260",6.55555555555556,54.1331112553754,TRUE
"j260",6.77777777777778,53.6331592904257,TRUE
"j260",7,53.1361664858842,TRUE
"j260",7.22222222222222,52.6795438112553,TRUE
"j260",7.44444444444444,52.2774695315762,TRUE
"j260",7.66666666666667,51.8834360642877,TRUE
"j260",7.88888888888889,51.544689958358,TRUE
"j260",8.11111111111111,51.2145419265343,TRUE
"j260",8.33333333333333,50.9272111699559,TRUE
"j260",8.55555555555556,50.6552767707722,TRUE
"j260",8.77777777777778,50.3968463819107,TRUE
"j260",9,50.1701033709828,TRUE
"j260",9.22222222222222,49.9736479979897,TRUE
"j260",9.44444444444444,49.7918013892893,TRUE
"j260",9.66666666666667,49.6809329421863,TRUE
"j260",9.88888888888889,49.5857127679962,TRUE
"j260",10.1111111111111,49.5059006918001,TRUE
"j260",10.3333333333333,49.4412208384105,TRUE
"j260",10.5555555555556,49.4302364017445,TRUE
"j260",10.7777777777778,49.4166955798604,TRUE
"j260",11,49.4691834097505,TRUE
"j260",11.2222222222222,49.5132182767878,TRUE
"j260",11.4444444444444,49.593775059906,TRUE
"j260",11.6666666666667,49.7336957479674,TRUE
"j260",11.8888888888889,49.8556143919383,TRUE
"j260",12.1111111111111,50.0469392601319,TRUE
"j260",12.3333333333333,50.2475187828522,TRUE
"j260",12.5555555555556,50.449394499109,TRUE
"j260",12.7777777777778,50.7374172256986,TRUE
"j260",13,51.0206163507838,TRUE
"j260",13.2222222222222,51.3384280556302,TRUE
"j260",13.4444444444444,51.6671201754406,TRUE
"j260",13.6666666666667,52.0404848084767,TRUE
"j260",13.8888888888889,52.4426115174376,TRUE
"j260",14.1111111111111,52.8803284400099,TRUE
"j260",14.3333333333333,53.334375709888,TRUE
"j260",14.5555555555556,53.7740594857044,TRUE
"j260",14.7777777777778,54.2763323602002,TRUE
"j260",15,54.815603233257,TRUE
"j260",15.2222222222222,55.3879967946523,TRUE
"j260",15.4444444444444,56.0133385210671,TRUE
"j260",15.6666666666667,56.6448232039553,TRUE
"j260",15.8888888888889,57.3157282458126,TRUE
"j260",16.1111111111111,58.0014837924749,TRUE
"j260",16.3333333333333,58.6974952224867,TRUE
"j260",16.5555555555556,59.4452329698625,TRUE
"j260",16.7777777777778,60.2211526891981,TRUE
"j260",17,61.0189566889208,TRUE
"j260",17.2222222222222,61.8583767737674,TRUE
"j260",17.4444444444444,62.6998740450405,TRUE
"j260",17.6666666666667,63.5767783036159,TRUE
"j260",17.8888888888889,64.4537977179776,TRUE
"j260",18.1111111111111,65.3626965963163,TRUE
"j260",18.3333333333333,66.3367939182965,TRUE
"j260",18.5555555555556,67.3037217481648,TRUE
"j260",18.7777777777778,68.322633090522,TRUE
"j260",19,69.3536014459031,TRUE
"j260",19.2222222222222,70.384975777317,TRUE
"j260",19.4444444444444,71.4794897418549,TRUE
"j260",19.6666666666667,72.588143678779,TRUE
"j260",19.8888888888889,73.7428374665577,TRUE
"j260",20.1111111111111,74.9131102807627,TRUE
"j260",20.3333333333333,76.1184795279967,TRUE
"j260",20.5555555555556,77.3469843085203,TRUE
"j260",20.7777777777778,78.6139283706838,TRUE
"j260",21,79.9072271905412,TRUE
"j260",21.2222222222222,81.2600203473647,TRUE
"j260",21.4444444444444,82.6423713582898,TRUE
"j260",21.6666666666667,83.9949740336155,TRUE
"j260",21.8888888888889,85.3992665300643,TRUE
"j260",22.1111111111111,86.8164573598451,TRUE
"j260",22.3333333333333,88.2907767964647,TRUE
"j260",22.5555555555556,89.7402980246226,TRUE
"j260",22.7777777777778,91.2638307552001,TRUE
"j260",23,92.8327099623614,TRUE
"j394",1,72.7467721312946,TRUE
"j394",1.22222222222222,71.5624002556836,TRUE
"j394",1.44444444444444,70.4039728581858,TRUE
"j394",1.66666666666667,69.267119412945,TRUE
"j394",1.88888888888889,68.1468973176775,TRUE
"j394",2.11111111111111,67.088352125717,TRUE
"j394",2.33333333333333,66.0330330675183,TRUE
"j394",2.55555555555556,65.020897441241,TRUE
"j394",2.77777777777778,64.0123886283731,TRUE
"j394",3,63.0445708442393,TRUE
"j394",3.22222222222222,62.0987650721554,TRUE
"j394",3.44444444444444,61.2204090040324,TRUE
"j394",3.66666666666667,60.3389649722397,TRUE
"j394",3.88888888888889,59.4753792733272,TRUE
"j394",4.11111111111111,58.6456915494376,TRUE
"j394",4.33333333333333,57.8435581481798,TRUE
"j394",4.55555555555556,57.0369851348641,TRUE
"j394",4.77777777777778,56.2576253314606,TRUE
"j394",5,55.5481776204095,TRUE
"j394",5.22222222222222,54.8482061478342,TRUE
"j394",5.44444444444444,54.1857781434223,TRUE
"j394",5.66666666666667,53.5278353784447,TRUE
"j394",5.88888888888889,52.9254724707332,TRUE
"j394",6.11111111111111,52.3443556399191,TRUE
"j394",6.33333333333333,51.7705056869988,TRUE
"j394",6.55555555555556,51.2521018432733,TRUE
"j394",6.77777777777778,50.7642533355018,TRUE
"j394",7,50.282028787411,TRUE
"j394",7.22222222222222,49.8434234362309,TRUE
"j394",7.44444444444444,49.4396587810006,TRUE
"j394",7.66666666666667,49.0677246271349,TRUE
"j394",7.88888888888889,48.7149347255085,TRUE
"j394",8.11111111111111,48.370409848888,TRUE
"j394",8.33333333333333,48.0782592818656,TRUE
"j394",8.55555555555556,47.8330877562987,TRUE
"j394",8.77777777777778,47.5964454997884,TRUE
"j394",9,47.3784773164902,TRUE
"j394",9.22222222222222,47.2190590467914,TRUE
"j394",9.44444444444444,47.0661048786573,TRUE
"j394",9.66666666666667,46.9452319977876,TRUE
"j394",9.88888888888889,46.8623224461265,TRUE
"j394",10.1111111111111,46.7544783121526,TRUE
"j394",10.3333333333333,46.6935478434586,TRUE
"j394",10.5555555555556,46.690851249262,TRUE
"j394",10.7777777777778,46.7049467990059,TRUE
"j394",11,46.7371941072821,TRUE
"j394",11.2222222222222,46.7894889483085,TRUE
"j394",11.4444444444444,46.8851716692345,TRUE
"j394",11.6666666666667,47.0189489650234,TRUE
"j394",11.8888888888889,47.155697420517,TRUE
"j394",12.1111111111111,47.3279220586552,TRUE
"j394",12.3333333333333,47.5720429364375,TRUE
"j394",12.5555555555556,47.8112393440739,TRUE
"j394",12.7777777777778,48.1070219308387,TRUE
"j394",13,48.4324101105811,TRUE
"j394",13.2222222222222,48.7370887107983,TRUE
"j394",13.4444444444444,49.0882279416527,TRUE
"j394",13.6666666666667,49.4695701621894,TRUE
"j394",13.8888888888889,49.8739044321627,TRUE
"j394",14.1111111111111,50.31210314879,TRUE
"j394",14.3333333333333,50.8091421560727,TRUE
"j394",14.5555555555556,51.281486082277,TRUE
"j394",14.7777777777778,51.7911576837236,TRUE
"j394",15,52.327518067338,TRUE
"j394",15.2222222222222,52.8783025654017,TRUE
"j394",15.4444444444444,53.460244597333,TRUE
"j394",15.6666666666667,54.104882909978,TRUE
"j394",15.8888888888889,54.7638208146011,TRUE
"j394",16.1111111111111,55.4453945301881,TRUE
"j394",16.3333333333333,56.1705517388782,TRUE
"j394",16.5555555555556,56.8711956027912,TRUE
"j394",16.7777777777778,57.6576001599413,TRUE
"j394",17,58.4572427047804,TRUE
"j394",17.2222222222222,59.2923265658827,TRUE
"j394",17.4444444444444,60.1687914184947,TRUE
"j394",17.6666666666667,61.0709711378425,TRUE
"j394",17.8888888888889,61.9818871470187,TRUE
"j394",18.1111111111111,62.8991750414632,TRUE
"j394",18.3333333333333,63.8479529417011,TRUE
"j394",18.5555555555556,64.8347529625595,TRUE
"j394",18.7777777777778,65.881317372519,TRUE
"j394",19,66.8942724205995,TRUE
"j394",19.2222222222222,67.9232330175118,TRUE
"j394",19.4444444444444,69.0250030399886,TRUE
"j394",19.6666666666667,70.1901675373075,TRUE
"j394",19.8888888888889,71.3593468221622,TRUE
"j394",20.1111111111111,72.5652105880972,TRUE
"j394",20.3333333333333,73.7876795037385,TRUE
"j394",20.5555555555556,75.0259904946979,TRUE
"j394",20.7777777777778,76.2976447959696,TRUE
"j394",21,77.6084830521491,TRUE
"j394",21.2222222222222,78.930237332709,TRUE
"j394",21.4444444444444,80.2847550920114,TRUE
"j394",21.6666666666667,81.652317652831,TRUE
"j394",21.8888888888889,83.1117387052979,TRUE
"j394",22.1111111111111,84.5535219542008,TRUE
"j394",22.3333333333333,86.0239922117951,TRUE
"j394",22.5555555555556,87.5190824854267,TRUE
"j394",22.7777777777778,89.0417341888157,TRUE
"j394",23,90.5771386010576,TRUE
"j410",1,79.2014625001882,TRUE
"j410",1.22222222222222,78.0966728768827,TRUE
"j410",1.44444444444444,76.985489176711,TRUE
"j410",1.66666666666667,75.918263456642,TRUE
"j410",1.88888888888889,74.8849139832334,TRUE
"j410",2.11111111111111,73.844770084118,TRUE
"j410",2.33333333333333,72.8615168093784,TRUE
"j410",2.55555555555556,71.9120303428852,TRUE
"j410",2.77777777777778,71.0033414237994,TRUE
"j410",3,70.1490778904294,TRUE
"j410",3.22222222222222,69.3082878160046,TRUE
"j410",3.44444444444444,68.4726849968748,TRUE
"j410",3.66666666666667,67.6524932207306,TRUE
"j410",3.88888888888889,66.8460335436237,TRUE
"j410",4.11111111111111,66.0787268589357,TRUE
"j410",4.33333333333333,65.3497080477884,TRUE
"j410",4.55555555555556,64.6375843759779,TRUE
"j410",4.77777777777778,63.9137331783271,TRUE
"j410",5,63.2894268243127,TRUE
"j410",5.22222222222222,62.6493100318241,TRUE
"j410",5.44444444444444,62.0440314000299,TRUE
"j410",5.66666666666667,61.4633260484054,TRUE
"j410",5.88888888888889,60.9567503638974,TRUE
"j410",6.11111111111111,60.4297494743951,TRUE
"j410",6.33333333333333,59.9324406677788,TRUE
"j410",6.55555555555556,59.4792395424742,TRUE
"j410",6.77777777777778,59.0661329960765,TRUE
"j410",7,58.6744612670367,TRUE
"j410",7.22222222222222,58.2902088971145,TRUE
"j410",7.44444444444444,57.9616208706191,TRUE
"j410",7.66666666666667,57.619584819391,TRUE
"j410",7.88888888888889,57.3190543689732,TRUE
"j410",8.11111111111111,57.0875044872656,TRUE
"j410",8.33333333333333,56.8563253448343,TRUE
"j410",8.55555555555556,56.629033933268,TRUE
"j410",8.77777777777778,56.4349978979675,TRUE
"j410",9,56.262012063482,TRUE
"j410",9.22222222222222,56.1588122718803,TRUE
"j410",9.44444444444444,56.0787263027505,TRUE
"j410",9.66666666666667,56.0185620972948,TRUE
"j410",9.88888888888889,55.9879189286814,TRUE
"j410",10.1111111111111,55.9819207683009,TRUE
"j410",10.3333333333333,56.0227071047357,TRUE
"j410",10.5555555555556,56.0896083117855,TRUE
"j410",10.7777777777778,56.1567252087487,TRUE
"j410",11,56.2381455626083,TRUE
"j410",11.2222222222222,56.380471058931,TRUE
"j410",11.4444444444444,56.5740798935279,TRUE
"j410",11.6666666666667,56.7846738928898,TRUE
"j410",11.8888888888889,57.004239983898,TRUE
"j410",12.1111111111111,57.2515587207476,TRUE
"j410",12.3333333333333,57.4981276146789,TRUE
"j410",12.5555555555556,57.7920790461322,TRUE
"j410",12.7777777777778,58.1357288409127,TRUE
"j410",13,58.4842514686573,TRUE
"j410",13.2222222222222,58.8693624214458,TRUE
"j410",13.4444444444444,59.2689192973302,TRUE
"j410",13.6666666666667,59.7343831150492,TRUE
"j410",13.8888888888889,60.1827963211892,TRUE
"j410",14.1111111111111,60.6647342808422,TRUE
"j410",14.3333333333333,61.1963185268363,TRUE
"j410",14.5555555555556,61.7208733883644,TRUE
"j410",14.7777777777778,62.3197804676528,TRUE
"j410",15,62.9458249503687,TRUE
"j410",15.2222222222222,63.5672738455492,TRUE
"j410",15.4444444444444,64.2229044048039,TRUE
"j410",15.6666666666667,64.9394896489798,TRUE
"j410",15.8888888888889,65.6821782987648,TRUE
"j410",16.1111111111111,66.4548266344302,TRUE
"j410",16.3333333333333,67.2346047367716,TRUE
"j410",16.5555555555556,68.069480008881,TRUE
"j410",16.7777777777778,68.9076576793713,TRUE
"j410",17,69.8076659728205,TRUE
"j410",17.2222222222222,70.7063369527476,TRUE
"j410",17.4444444444444,71.6303461921318,TRUE
"j410",17.6666666666667,72.5809718531429,TRUE
"j410",17.8888888888889,73.5551250753834,TRUE
"j410",18.1111111111111,74.5544614575494,TRUE
"j410",18.3333333333333,75.5940190411393,TRUE
"j410",18.5555555555556,76.6302013653436,TRUE
"j410",18.7777777777778,77.7147741630647,TRUE
"j410",19,78.8001844594077,TRUE
"j410",19.2222222222222,79.9506027231215,TRUE
"j410",19.4444444444444,81.1265157114628,TRUE
"j410",19.6666666666667,82.3265362807878,TRUE
"j410",19.8888888888889,83.5323504787006,TRUE
"j410",20.1111111111111,84.8107451108382,TRUE
"j410",20.3333333333333,86.0991295503744,TRUE
"j410",20.5555555555556,87.400646998691,TRUE
"j410",20.7777777777778,88.7338417195551,TRUE
"j410",21,90.1065455074275,TRUE
"j410",21.2222222222222,91.521930677451,TRUE
"j410",21.4444444444444,92.9171169985296,TRUE
"j410",21.6666666666667,94.3514668563509,TRUE
"j410",21.8888888888889,95.8505302255797,TRUE
"j410",22.1111111111111,97.3464788113053,TRUE
"j410",22.3333333333333,98.8969690558214,TRUE
"j410",22.5555555555556,100.470044448809,TRUE
"j410",22.7777777777778,102.038916861647,TRUE
"j410",23,103.680752631226,TRUE
"j460",1,77.0405884722097,TRUE
"j460",1.22222222222222,75.6506588536308,TRUE
"j460",1.44444444444444,74.2920039477008,TRUE
"j460",1.66666666666667,72.9282795921179,TRUE
"j460",1.88888888888889,71.5856848433932,TRUE
"j460",2.11111111111111,70.2781939564849,TRUE
"j460",2.33333333333333,69.038435946411,TRUE
"j460",2.55555555555556,67.7964533530755,TRUE
"j460",2.77777777777778,66.5974011446651,TRUE
"j460",3,65.4225085615578,TRUE
"j460",3.22222222222222,64.2442980375064,TRUE
"j460",3.44444444444444,63.1460216921724,TRUE
"j460",3.66666666666667,62.0401935516866,TRUE
"j460",3.88888888888889,60.9786908423804,TRUE
"j460",4.11111111111111,59.9676127040745,TRUE
"j460",4.33333333333333,58.9426429226048,TRUE
"j460",4.55555555555556,57.9305449365771,TRUE
"j460",4.77777777777778,56.9733695665099,TRUE
"j460",5,56.0518068113873,TRUE
"j460",5.22222222222222,55.1677094094993,TRUE
"j460",5.44444444444444,54.3206032876555,TRUE
"j460",5.66666666666667,53.4905174651728,TRUE
"j460",5.88888888888889,52.6562614250612,TRUE
"j460",6.11111111111111,51.8312279293694,TRUE
"j460",6.33333333333333,51.058233406197,TRUE
"j460",6.55555555555556,50.3042299388049,TRUE
"j460",6.77777777777778,49.5767651212534,TRUE
"j460",7,48.9097379482585,TRUE
"j460",7.22222222222222,48.2676183362961,TRUE
"j460",7.44444444444444,47.6307773660487,TRUE
"j460",7.66666666666667,47.0415612278431,TRUE
"j460",7.88888888888889,46.4555025778774,TRUE
"j460",8.11111111111111,45.9189725731645,TRUE
"j460",8.33333333333333,45.4085143478818,TRUE
"j460",8.55555555555556,44.9330852433362,TRUE
"j460",8.77777777777778,44.486753963242,TRUE
"j460",9,44.0696464296304,TRUE
"j460",9.22222222222222,43.6588856842379,TRUE
"j460",9.44444444444444,43.2854260911405,TRUE
"j460",9.66666666666667,42.9321225039459,TRUE
"j460",9.88888888888889,42.6014914646071,TRUE
"j460",10.1111111111111,42.3068399291568,TRUE
"j460",10.3333333333333,42.0476145166837,TRUE
"j460",10.5555555555556,41.7955171531127,TRUE
"j460",10.7777777777778,41.5859086275795,TRUE
"j460",11,41.3881160339429,TRUE
"j460",11.2222222222222,41.2424018792858,TRUE
"j460",11.4444444444444,41.1119200763808,TRUE
"j460",11.6666666666667,41.0112270323396,TRUE
"j460",11.8888888888889,40.9205338054992,TRUE
"j460",12.1111111111111,40.8765535868135,TRUE
"j460",12.3333333333333,40.8643408156156,TRUE
"j460",12.5555555555556,40.8781873122825,TRUE
"j460",12.7777777777778,40.9349713824303,TRUE
"j460",13,41.0106500335163,TRUE
"j460",13.2222222222222,41.1074302067149,TRUE
"j460",13.4444444444444,41.2344667631022,TRUE
"j460",13.6666666666667,41.3856050037619,TRUE
"j460",13.8888888888889,41.5571881650955,TRUE
"j460",14.1111111111111,41.8059939066806,TRUE
"j460",14.3333333333333,42.0103282350416,TRUE
"j460",14.5555555555556,42.3031094917828,TRUE
"j460",14.7777777777778,42.5908564250478,TRUE
"j460",15,42.9243648685255,TRUE
"j460",15.2222222222222,43.2857661391844,TRUE
"j460",15.4444444444444,43.6647085558788,TRUE
"j460",15.6666666666667,44.0901002795609,TRUE
"j460",15.8888888888889,44.5614253466374,TRUE
"j460",16.1111111111111,45.0033174395137,TRUE
"j460",16.3333333333333,45.501064711116,TRUE
"j460",16.5555555555556,46.0227801728606,TRUE
"j460",16.7777777777778,46.5688250768083,TRUE
"j460",17,47.1352774881238,TRUE
"j460",17.2222222222222,47.7274523711694,TRUE
"j460",17.4444444444444,48.3731767671645,TRUE
"j460",17.6666666666667,49.0083726700661,TRUE
"j460",17.8888888888889,49.6888741376666,TRUE
"j460",18.1111111111111,50.3813720924791,TRUE
"j460",18.3333333333333,51.1081436986027,TRUE
"j460",18.5555555555556,51.8857698419111,TRUE
"j460",18.7777777777778,52.6844524589993,TRUE
"j460",19,53.5068349236639,TRUE
"j460",19.2222222222222,54.3447026536056,TRUE
"j460",19.4444444444444,55.2169466242759,TRUE
"j460",19.6666666666667,56.1053500897629,TRUE
"j460",19.8888888888889,57.0505599764255,TRUE
"j460",20.1111111111111,58.0236100258924,TRUE
"j460",20.3333333333333,58.986663440032,TRUE
"j460",20.5555555555556,60.0501056663168,TRUE
"j460",20.7777777777778,61.0994485086663,TRUE
"j460",21,62.1829367806006,TRUE
"j460",21.2222222222222,63.3030230895208,TRUE
"j460",21.4444444444444,64.4498665605083,TRUE
"j460",21.6666666666667,65.6016155226426,TRUE
"j460",21.8888888888889,66.8376978807178,TRUE
"j460",22.1111111111111,68.0503698187594,TRUE
"j460",22.3333333333333,69.2856945755927,TRUE
"j460",22.5555555555556,70.5580335488328,TRUE
"j460",22.7777777777778,71.8605823621285,TRUE
"j460",23,73.1722215850181,TRUE
"j539",1,80.5473342328352,TRUE
"j539",1.22222222222222,79.1217015323364,TRUE
"j539",1.44444444444444,77.7058694100013,TRUE
"j539",1.66666666666667,76.2956239835958,TRUE
"j539",1.88888888888889,74.9546419093812,TRUE
"j539",2.11111111111111,73.6450712299702,TRUE
"j539",2.33333333333333,72.3585029013595,TRUE
"j539",2.55555555555556,71.0941342197269,TRUE
"j539",2.77777777777778,69.839160607428,TRUE
"j539",3,68.6314761071353,TRUE
"j539",3.22222222222222,67.4329920238168,TRUE
"j539",3.44444444444444,66.2525701332137,TRUE
"j539",3.66666666666667,65.0980966445263,TRUE
"j539",3.88888888888889,63.9878016023099,TRUE
"j539",4.11111111111111,62.9145488732819,TRUE
"j539",4.33333333333333,61.8825046895764,TRUE
"j539",4.55555555555556,60.8547032435368,TRUE
"j539",4.77777777777778,59.8434482833753,TRUE
"j539",5,58.8746670598387,TRUE
"j539",5.22222222222222,57.9453508207635,TRUE
"j539",5.44444444444444,57.0274511049143,TRUE
"j539",5.66666666666667,56.1274528037213,TRUE
"j539",5.88888888888889,55.2791035751685,TRUE
"j539",6.11111111111111,54.4599199999109,TRUE
"j539",6.33333333333333,53.6393371287124,TRUE
"j539",6.55555555555556,52.878495955199,TRUE
"j539",6.77777777777778,52.1517693984982,TRUE
"j539",7,51.4612820792612,TRUE
"j539",7.22222222222222,50.762304456355,TRUE
"j539",7.44444444444444,50.0823916313322,TRUE
"j539",7.66666666666667,49.4281864142203,TRUE
"j539",7.88888888888889,48.8308487488765,TRUE
"j539",8.11111111111111,48.2377467862052,TRUE
"j539",8.33333333333333,47.6946907242975,TRUE
"j539",8.55555555555556,47.170505576978,TRUE
"j539",8.77777777777778,46.6904523940373,TRUE
"j539",9,46.2294585559004,TRUE
"j539",9.22222222222222,45.8083820262059,TRUE
"j539",9.44444444444444,45.4161302170619,TRUE
"j539",9.66666666666667,45.0317114825449,TRUE
"j539",9.88888888888889,44.6907177266246,TRUE
"j539",10.1111111111111,44.3255350298966,TRUE
"j539",10.3333333333333,44.0455132340994,TRUE
"j539",10.5555555555556,43.7566926619641,TRUE
"j539",10.7777777777778,43.5422338025052,TRUE
"j539",11,43.308853019345,TRUE
"j539",11.2222222222222,43.1160865489928,TRUE
"j539",11.4444444444444,42.9811986373504,TRUE
"j539",11.6666666666667,42.8515844594088,TRUE
"j539",11.8888888888889,42.7831223088373,TRUE
"j539",12.1111111111111,42.7450085416714,TRUE
"j539",12.3333333333333,42.7302796557111,TRUE
"j539",12.5555555555556,42.7088137496208,TRUE
"j539",12.7777777777778,42.7157802816008,TRUE
"j539",13,42.7575530365206,TRUE
"j539",13.2222222222222,42.8119520951732,TRUE
"j539",13.4444444444444,42.8963981947062,TRUE
"j539",13.6666666666667,43.0150940540075,TRUE
"j539",13.8888888888889,43.1989986275745,TRUE
"j539",14.1111111111111,43.3842278382469,TRUE
"j539",14.3333333333333,43.5991280054042,TRUE
"j539",14.5555555555556,43.8331907142982,TRUE
"j539",14.7777777777778,44.1356319556944,TRUE
"j539",15,44.4284091330013,TRUE
"j539",15.2222222222222,44.7790699461518,TRUE
"j539",15.4444444444444,45.1221829941394,TRUE
"j539",15.6666666666667,45.5301636236556,TRUE
"j539",15.8888888888889,45.9350324765628,TRUE
"j539",16.1111111111111,46.3746659433319,TRUE
"j539",16.3333333333333,46.813980794196,TRUE
"j539",16.5555555555556,47.3020916802088,TRUE
"j539",16.7777777777778,47.8088225410383,TRUE
"j539",17,48.3594698648879,TRUE
"j539",17.2222222222222,48.9780596124493,TRUE
"j539",17.4444444444444,49.5397857292811,TRUE
"j539",17.6666666666667,50.1396973046716,TRUE
"j539",17.8888888888889,50.7873395066004,TRUE
"j539",18.1111111111111,51.5081217127215,TRUE
"j539",18.3333333333333,52.2114829357783,TRUE
"j539",18.5555555555556,52.980572255073,TRUE
"j539",18.7777777777778,53.7813130983947,TRUE
"j539",19,54.569426867572,TRUE
"j539",19.2222222222222,55.4151815328019,TRUE
"j539",19.4444444444444,56.2549897613599,TRUE
"j539",19.6666666666667,57.1424731786566,TRUE
"j539",19.8888888888889,58.0648727417521,TRUE
"j539",20.1111111111111,59.0124136576439,TRUE
"j539",20.3333333333333,59.980935133035,TRUE
"j539",20.5555555555556,61.0148378790495,TRUE
"j539",20.7777777777778,62.0031142008446,TRUE
"j539",21,63.0525915349957,TRUE
"j539",21.2222222222222,64.1442977426301,TRUE
"j539",21.4444444444444,65.2447546505905,TRUE
"j539",21.6666666666667,66.3872467831204,TRUE
"j539",21.8888888888889,67.5632087807186,TRUE
"j539",22.1111111111111,68.7452732171026,TRUE
"j539",22.3333333333333,69.9781938945755,TRUE
"j539",22.5555555555556,71.2150471971238,TRUE
"j539",22.7777777777778,72.4576704998542,TRUE
"j539",23,73.7512088379899,TRUE
"k077",1,73.8733845457935,TRUE
"k077",1.22222222222222,72.6519655592679,TRUE
"k077",1.44444444444444,71.4763008077308,TRUE
"k077",1.66666666666667,70.2942685827613,TRUE
"k077",1.88888888888889,69.1633695866286,TRUE
"k077",2.11111111111111,68.078072407452,TRUE
"k077",2.33333333333333,67.0063030470661,TRUE
"k077",2.55555555555556,65.9530358494553,TRUE
"k077",2.77777777777778,64.9662444285938,TRUE
"k077",3,63.970815036224,TRUE
"k077",3.22222222222222,62.9516092975695,TRUE
"k077",3.44444444444444,62.0187748725173,TRUE
"k077",3.66666666666667,61.1195546290384,TRUE
"k077",3.88888888888889,60.2573935176052,TRUE
"k077",4.11111111111111,59.4170538870695,TRUE
"k077",4.33333333333333,58.5689667862093,TRUE
"k077",4.55555555555556,57.7800709288176,TRUE
"k077",4.77777777777778,57.0004143590038,TRUE
"k077",5,56.2850545245683,TRUE
"k077",5.22222222222222,55.5760521317908,TRUE
"k077",5.44444444444444,54.8737187811571,TRUE
"k077",5.66666666666667,54.2047597989856,TRUE
"k077",5.88888888888889,53.6088693742053,TRUE
"k077",6.11111111111111,53.0321445467475,TRUE
"k077",6.33333333333333,52.4657594397943,TRUE
"k077",6.55555555555556,51.9640514793689,TRUE
"k077",6.77777777777778,51.4696494209501,TRUE
"k077",7,51.0051219333321,TRUE
"k077",7.22222222222222,50.5674824197804,TRUE
"k077",7.44444444444444,50.1656068573643,TRUE
"k077",7.66666666666667,49.7850286635462,TRUE
"k077",7.88888888888889,49.4013381597251,TRUE
"k077",8.11111111111111,49.0651989423991,TRUE
"k077",8.33333333333333,48.759969827345,TRUE
"k077",8.55555555555556,48.4801622689114,TRUE
"k077",8.77777777777778,48.2104004381168,TRUE
"k077",9,47.9951918474176,TRUE
"k077",9.22222222222222,47.8187461992079,TRUE
"k077",9.44444444444444,47.6532821530575,TRUE
"k077",9.66666666666667,47.5182913543293,TRUE
"k077",9.88888888888889,47.4123154887258,TRUE
"k077",10.1111111111111,47.2872310344286,TRUE
"k077",10.3333333333333,47.2234281206922,TRUE
"k077",10.5555555555556,47.1683881579189,TRUE
"k077",10.7777777777778,47.143901251652,TRUE
"k077",11,47.1722213768764,TRUE
"k077",11.2222222222222,47.2446615692153,TRUE
"k077",11.4444444444444,47.3500178074004,TRUE
"k077",11.6666666666667,47.4372951884999,TRUE
"k077",11.8888888888889,47.5664182472074,TRUE
"k077",12.1111111111111,47.7436199438705,TRUE
"k077",12.3333333333333,47.9589378128879,TRUE
"k077",12.5555555555556,48.1885282561603,TRUE
"k077",12.7777777777778,48.4679822765139,TRUE
"k077",13,48.7646791143183,TRUE
"k077",13.2222222222222,49.0600694920105,TRUE
"k077",13.4444444444444,49.4172338311812,TRUE
"k077",13.6666666666667,49.7959736320691,TRUE
"k077",13.8888888888889,50.2053120427047,TRUE
"k077",14.1111111111111,50.6272123323935,TRUE
"k077",14.3333333333333,51.0507091665178,TRUE
"k077",14.5555555555556,51.5289836405645,TRUE
"k077",14.7777777777778,52.0337244449416,TRUE
"k077",15,52.56077494277,TRUE
"k077",15.2222222222222,53.0898369308846,TRUE
"k077",15.4444444444444,53.6843117665006,TRUE
"k077",15.6666666666667,54.312808444674,TRUE
"k077",15.8888888888889,54.9641907356964,TRUE
"k077",16.1111111111111,55.6561070507593,TRUE
"k077",16.3333333333333,56.3520011187402,TRUE
"k077",16.5555555555556,57.0567535039188,TRUE
"k077",16.7777777777778,57.7921362164015,TRUE
"k077",17,58.5988297171206,TRUE
"k077",17.2222222222222,59.4244450286301,TRUE
"k077",17.4444444444444,60.2729625879064,TRUE
"k077",17.6666666666667,61.122142443448,TRUE
"k077",17.8888888888889,62.0149378204609,TRUE
"k077",18.1111111111111,62.9620663134586,TRUE
"k077",18.3333333333333,63.9031475095095,TRUE
"k077",18.5555555555556,64.8957268238545,TRUE
"k077",18.7777777777778,65.8994049986772,TRUE
"k077",19,66.9377680903893,TRUE
"k077",19.2222222222222,67.9620538358821,TRUE
"k077",19.4444444444444,69.0191318044284,TRUE
"k077",19.6666666666667,70.1186969285924,TRUE
"k077",19.8888888888889,71.2892996807861,TRUE
"k077",20.1111111111111,72.4685453904912,TRUE
"k077",20.3333333333333,73.6653409300076,TRUE
"k077",20.5555555555556,74.8804896222471,TRUE
"k077",20.7777777777778,76.1510818286825,TRUE
"k077",21,77.4332797847296,TRUE
"k077",21.2222222222222,78.7729541180413,TRUE
"k077",21.4444444444444,80.0855204628046,TRUE
"k077",21.6666666666667,81.4462194629736,TRUE
"k077",21.8888888888889,82.8184325764894,TRUE
"k077",22.1111111111111,84.243896930445,TRUE
"k077",22.3333333333333,85.7038571868217,TRUE
"k077",22.5555555555556,87.2028406425735,TRUE
"k077",22.7777777777778,88.6933346198398,TRUE
"k077",23,90.2556628642661,TRUE
"k610",1,75.6045031616288,TRUE
"k610",1.22222222222222,74.4277645785182,TRUE
"k610",1.44444444444444,73.2626836150268,TRUE
"k610",1.66666666666667,72.1704616702709,TRUE
"k610",1.88888888888889,71.1057366937759,TRUE
"k610",2.11111111111111,70.0313107203573,TRUE
"k610",2.33333333333333,69.0227502726128,TRUE
"k610",2.55555555555556,68.011835329949,TRUE
"k610",2.77777777777778,67.0209053494433,TRUE
"k610",3,66.0907386415379,TRUE
"k610",3.22222222222222,65.1933357936284,TRUE
"k610",3.44444444444444,64.3157322021301,TRUE
"k610",3.66666666666667,63.4545825363276,TRUE
"k610",3.88888888888889,62.6198563789405,TRUE
"k610",4.11111111111111,61.8751694950496,TRUE
"k610",4.33333333333333,61.1181874903452,TRUE
"k610",4.55555555555556,60.3828732552945,TRUE
"k610",4.77777777777778,59.6820811120514,TRUE
"k610",5,58.958507998507,TRUE
"k610",5.22222222222222,58.2831085697056,TRUE
"k610",5.44444444444444,57.6526416417853,TRUE
"k610",5.66666666666667,57.081215110114,TRUE
"k610",5.88888888888889,56.4966998101332,TRUE
"k610",6.11111111111111,55.9673167043905,TRUE
"k610",6.33333333333333,55.4259394593241,TRUE
"k610",6.55555555555556,54.9332628239853,TRUE
"k610",6.77777777777778,54.4760196971325,TRUE
"k610",7,54.0592127076066,TRUE
"k610",7.22222222222222,53.6517578453934,TRUE
"k610",7.44444444444444,53.2728628188899,TRUE
"k610",7.66666666666667,52.9091768577728,TRUE
"k610",7.88888888888889,52.609769725444,TRUE
"k610",8.11111111111111,52.3317285306539,TRUE
"k610",8.33333333333333,52.0858277499618,TRUE
"k610",8.55555555555556,51.8927440740061,TRUE
"k610",8.77777777777778,51.7027047076122,TRUE
"k610",9,51.5267003215958,TRUE
"k610",9.22222222222222,51.4027423641645,TRUE
"k610",9.44444444444444,51.2860577569961,TRUE
"k610",9.66666666666667,51.1990461556499,TRUE
"k610",9.88888888888889,51.1414747930217,TRUE
"k610",10.1111111111111,51.1061693091735,TRUE
"k610",10.3333333333333,51.1268135171651,TRUE
"k610",10.5555555555556,51.1588110358442,TRUE
"k610",10.7777777777778,51.2205051203648,TRUE
"k610",11,51.2718754468934,TRUE
"k610",11.2222222222222,51.3860937372859,TRUE
"k610",11.4444444444444,51.4876631807503,TRUE
"k610",11.6666666666667,51.65912636238,TRUE
"k610",11.8888888888889,51.8703273013825,TRUE
"k610",12.1111111111111,52.0730502818349,TRUE
"k610",12.3333333333333,52.2968235319863,TRUE
"k610",12.5555555555556,52.5925988081718,TRUE
"k610",12.7777777777778,52.8826472171586,TRUE
"k610",13,53.2178687508919,TRUE
"k610",13.2222222222222,53.5539008898338,TRUE
"k610",13.4444444444444,53.9421670228113,TRUE
"k610",13.6666666666667,54.3613995346063,TRUE
"k610",13.8888888888889,54.7862258026239,TRUE
"k610",14.1111111111111,55.2585062874591,TRUE
"k610",14.3333333333333,55.7620942606069,TRUE
"k610",14.5555555555556,56.2928901670804,TRUE
"k610",14.7777777777778,56.8252836476267,TRUE
"k610",15,57.3987721906284,TRUE
"k610",15.2222222222222,58.0180817690817,TRUE
"k610",15.4444444444444,58.6522066049666,TRUE
"k610",15.6666666666667,59.3059504661841,TRUE
"k610",15.8888888888889,59.9949858784691,TRUE
"k610",16.1111111111111,60.696462339483,TRUE
"k610",16.3333333333333,61.4364653584074,TRUE
"k610",16.5555555555556,62.221847865613,TRUE
"k610",16.7777777777778,63.032631114339,TRUE
"k610",17,63.8767619037675,TRUE
"k610",17.2222222222222,64.7351349245733,TRUE
"k610",17.4444444444444,65.6231129984575,TRUE
"k610",17.6666666666667,66.5154213946423,TRUE
"k610",17.8888888888889,67.4188866953261,TRUE
"k610",18.1111111111111,68.3869990754761,TRUE
"k610",18.3333333333333,69.3894040275169,TRUE
"k610",18.5555555555556,70.3954652388513,TRUE
"k610",18.7777777777778,71.4644647257227,TRUE
"k610",19,72.5252364402826,TRUE
"k610",19.2222222222222,73.6268599572543,TRUE
"k610",19.4444444444444,74.7485843442017,TRUE
"k610",19.6666666666667,75.9441786180509,TRUE
"k610",19.8888888888889,77.117994818628,TRUE
"k610",20.1111111111111,78.3318746700647,TRUE
"k610",20.3333333333333,79.5930082112006,TRUE
"k610",20.5555555555556,80.8530089882714,TRUE
"k610",20.7777777777778,82.1156592448452,TRUE
"k610",21,83.4254682501143,TRUE
"k610",21.2222222222222,84.7373579702284,TRUE
"k610",21.4444444444444,86.1206399520067,TRUE
"k610",21.6666666666667,87.5262471109345,TRUE
"k610",21.8888888888889,88.9728371004502,TRUE
"k610",22.1111111111111,90.4278188782981,TRUE
"k610",22.3333333333333,91.9041064162029,TRUE
"k610",22.5555555555556,93.4624346293918,TRUE
"k610",22.7777777777778,95.0237112595442,TRUE
"k610",23,96.6320658819727,TRUE
"k632",1,79.059318931801,TRUE
"k632",1.22222222222222,77.8530183043625,TRUE
"k632",1.44444444444444,76.6567928992399,TRUE
"k632",1.66666666666667,75.4838596873514,TRUE
"k632",1.88888888888889,74.350142034332,TRUE
"k632",2.11111111111111,73.2175616388818,TRUE
"k632",2.33333333333333,72.094203958085,TRUE
"k632",2.55555555555556,71.0703789758702,TRUE
"k632",2.77777777777778,70.0474240564157,TRUE
"k632",3,69.0283763323736,TRUE
"k632",3.22222222222222,68.048611543095,TRUE
"k632",3.44444444444444,67.0996617712588,TRUE
"k632",3.66666666666667,66.1860865815912,TRUE
"k632",3.88888888888889,65.2940015077842,TRUE
"k632",4.11111111111111,64.4539545524429,TRUE
"k632",4.33333333333333,63.6363302777895,TRUE
"k632",4.55555555555556,62.8328501294172,TRUE
"k632",4.77777777777778,62.0512960178924,TRUE
"k632",5,61.2900098758676,TRUE
"k632",5.22222222222222,60.5824598970163,TRUE
"k632",5.44444444444444,59.9042018094832,TRUE
"k632",5.66666666666667,59.2383387772521,TRUE
"k632",5.88888888888889,58.5818381193199,TRUE
"k632",6.11111111111111,57.9583625179461,TRUE
"k632",6.33333333333333,57.40096349646,TRUE
"k632",6.55555555555556,56.8497635018374,TRUE
"k632",6.77777777777778,56.3129167164471,TRUE
"k632",7,55.8158630819008,TRUE
"k632",7.22222222222222,55.3471025359305,TRUE
"k632",7.44444444444444,54.8923989150869,TRUE
"k632",7.66666666666667,54.4655405399578,TRUE
"k632",7.88888888888889,54.0831824306509,TRUE
"k632",8.11111111111111,53.6881871911065,TRUE
"k632",8.33333333333333,53.3366240038733,TRUE
"k632",8.55555555555556,52.999767948238,TRUE
"k632",8.77777777777778,52.7082175779482,TRUE
"k632",9,52.4446390317013,TRUE
"k632",9.22222222222222,52.2434110688897,TRUE
"k632",9.44444444444444,52.0458252480825,TRUE
"k632",9.66666666666667,51.8786832252223,TRUE
"k632",9.88888888888889,51.761807711782,TRUE
"k632",10.1111111111111,51.6562910240493,TRUE
"k632",10.3333333333333,51.546579388837,TRUE
"k632",10.5555555555556,51.4577634646632,TRUE
"k632",10.7777777777778,51.4417779684367,TRUE
"k632",11,51.4418543652346,TRUE
"k632",11.2222222222222,51.4685777615811,TRUE
"k632",11.4444444444444,51.5309886389366,TRUE
"k632",11.6666666666667,51.6258171219244,TRUE
"k632",11.8888888888889,51.7167779636052,TRUE
"k632",12.1111111111111,51.8416994389329,TRUE
"k632",12.3333333333333,52.0132332118281,TRUE
"k632",12.5555555555556,52.1770899630387,TRUE
"k632",12.7777777777778,52.3927037650562,TRUE
"k632",13,52.6517183754369,TRUE
"k632",13.2222222222222,52.9206219513216,TRUE
"k632",13.4444444444444,53.1940213458181,TRUE
"k632",13.6666666666667,53.5252970261313,TRUE
"k632",13.8888888888889,53.9138599484805,TRUE
"k632",14.1111111111111,54.3013187426542,TRUE
"k632",14.3333333333333,54.7274192091895,TRUE
"k632",14.5555555555556,55.2050604246942,TRUE
"k632",14.7777777777778,55.7078336894064,TRUE
"k632",15,56.2361074274681,TRUE
"k632",15.2222222222222,56.7381146282602,TRUE
"k632",15.4444444444444,57.2985758371297,TRUE
"k632",15.6666666666667,57.8968664967083,TRUE
"k632",15.8888888888889,58.5133748770386,TRUE
"k632",16.1111111111111,59.145944087805,TRUE
"k632",16.3333333333333,59.7817448604277,TRUE
"k632",16.5555555555556,60.4793722441726,TRUE
"k632",16.7777777777778,61.2202156548028,TRUE
"k632",17,61.9780795663846,TRUE
"k632",17.2222222222222,62.7743428047152,TRUE
"k632",17.4444444444444,63.619667029047,TRUE
"k632",17.6666666666667,64.4561079229541,TRUE
"k632",17.8888888888889,65.3176912187228,TRUE
"k632",18.1111111111111,66.2022397292056,TRUE
"k632",18.3333333333333,67.132666512898,TRUE
"k632",18.5555555555556,68.0627413970905,TRUE
"k632",18.7777777777778,69.0608037519621,TRUE
"k632",19,70.0668624060724,TRUE
"k632",19.2222222222222,71.0969480967057,TRUE
"k632",19.4444444444444,72.1394448238569,TRUE
"k632",19.6666666666667,73.1811948101305,TRUE
"k632",19.8888888888889,74.2701312245475,TRUE
"k632",20.1111111111111,75.4044238070333,TRUE
"k632",20.3333333333333,76.5571866917018,TRUE
"k632",20.5555555555556,77.8017445245904,TRUE
"k632",20.7777777777778,79.019679150557,TRUE
"k632",21,80.3181391143933,TRUE
"k632",21.2222222222222,81.639585928448,TRUE
"k632",21.4444444444444,82.9517200815107,TRUE
"k632",21.6666666666667,84.2335699261617,TRUE
"k632",21.8888888888889,85.6075208489844,TRUE
"k632",22.1111111111111,87.0182237340016,TRUE
"k632",22.3333333333333,88.4528704492682,TRUE
"k632",22.5555555555556,89.9160640328539,TRUE
"k632",22.7777777777778,91.3964323369686,TRUE
"k632",23,92.9312073989743,TRUE
"l569",1,75.4563593073451,TRUE
"l569",1.22222222222222,74.2661625550136,TRUE
"l569",1.44444444444444,73.1735696448951,TRUE
"l569",1.66666666666667,72.0891294897277,TRUE
"l569",1.88888888888889,70.9899505265006,TRUE
"l569",2.11111111111111,69.9854784508383,TRUE
"l569",2.33333333333333,68.9794183228231,TRUE
"l569",2.55555555555556,67.9834390053603,TRUE
"l569",2.77777777777778,67.0098174873415,TRUE
"l569",3,66.109535064497,TRUE
"l569",3.22222222222222,65.2182912093795,TRUE
"l569",3.44444444444444,64.3634620048393,TRUE
"l569",3.66666666666667,63.4877424331954,TRUE
"l569",3.88888888888889,62.6870137884616,TRUE
"l569",4.11111111111111,61.8767255782284,TRUE
"l569",4.33333333333333,61.1520523099663,TRUE
"l569",4.55555555555556,60.42526130433,TRUE
"l569",4.77777777777778,59.6969398620429,TRUE
"l569",5,59.0356239674879,TRUE
"l569",5.22222222222222,58.3856201657675,TRUE
"l569",5.44444444444444,57.7725775508055,TRUE
"l569",5.66666666666667,57.2149269296943,TRUE
"l569",5.88888888888889,56.6516797899247,TRUE
"l569",6.11111111111111,56.1022943850967,TRUE
"l569",6.33333333333333,55.5659930306823,TRUE
"l569",6.55555555555556,55.0638247110967,TRUE
"l569",6.77777777777778,54.6254528178499,TRUE
"l569",7,54.2013425055396,TRUE
"l569",7.22222222222222,53.8144284383747,TRUE
"l569",7.44444444444444,53.4744293516694,TRUE
"l569",7.66666666666667,53.1639329383041,TRUE
"l569",7.88888888888889,52.8343414786301,TRUE
"l569",8.11111111111111,52.5079081260389,TRUE
"l569",8.33333333333333,52.2427851033124,TRUE
"l569",8.55555555555556,52.0126526342906,TRUE
"l569",8.77777777777778,51.8437715058084,TRUE
"l569",9,51.6896268721577,TRUE
"l569",9.22222222222222,51.5224252611726,TRUE
"l569",9.44444444444444,51.4302907717167,TRUE
"l569",9.66666666666667,51.3388314541909,TRUE
"l569",9.88888888888889,51.2712154456292,TRUE
"l569",10.1111111111111,51.2575015199417,TRUE
"l569",10.3333333333333,51.2389828798549,TRUE
"l569",10.5555555555556,51.2482195368913,TRUE
"l569",10.7777777777778,51.3057269130924,TRUE
"l569",11,51.3566088044073,TRUE
"l569",11.2222222222222,51.4844835132876,TRUE
"l569",11.4444444444444,51.6292147307923,TRUE
"l569",11.6666666666667,51.7930277554312,TRUE
"l569",11.8888888888889,52.0129325135252,TRUE
"l569",12.1111111111111,52.2499274151931,TRUE
"l569",12.3333333333333,52.5050234327797,TRUE
"l569",12.5555555555556,52.793444397355,TRUE
"l569",12.7777777777778,53.0906811775868,TRUE
"l569",13,53.4236329396422,TRUE
"l569",13.2222222222222,53.7773168515551,TRUE
"l569",13.4444444444444,54.162246928157,TRUE
"l569",13.6666666666667,54.5505387578217,TRUE
"l569",13.8888888888889,55.0059101478628,TRUE
"l569",14.1111111111111,55.4986417353033,TRUE
"l569",14.3333333333333,56.0320717094399,TRUE
"l569",14.5555555555556,56.5623920217189,TRUE
"l569",14.7777777777778,57.0832555009997,TRUE
"l569",15,57.6519715824324,TRUE
"l569",15.2222222222222,58.2551877955733,TRUE
"l569",15.4444444444444,58.910777339866,TRUE
"l569",15.6666666666667,59.5855623825145,TRUE
"l569",15.8888888888889,60.2973679431616,TRUE
"l569",16.1111111111111,61.0029424164923,TRUE
"l569",16.3333333333333,61.7689667400099,TRUE
"l569",16.5555555555556,62.5590718421584,TRUE
"l569",16.7777777777778,63.3562403872903,TRUE
"l569",17,64.1763160926491,TRUE
"l569",17.2222222222222,65.0523230743194,TRUE
"l569",17.4444444444444,65.9043498088121,TRUE
"l569",17.6666666666667,66.8125651758505,TRUE
"l569",17.8888888888889,67.7697419433219,TRUE
"l569",18.1111111111111,68.7123765050038,TRUE
"l569",18.3333333333333,69.7209541812399,TRUE
"l569",18.5555555555556,70.7613871706322,TRUE
"l569",18.7777777777778,71.8246490834165,TRUE
"l569",19,72.8978516238305,TRUE
"l569",19.2222222222222,74.0128199852254,TRUE
"l569",19.4444444444444,75.1592370497765,TRUE
"l569",19.6666666666667,76.3334528997195,TRUE
"l569",19.8888888888889,77.5543477054151,TRUE
"l569",20.1111111111111,78.7625121846462,TRUE
"l569",20.3333333333333,79.9946432950909,TRUE
"l569",20.5555555555556,81.2462769189951,TRUE
"l569",20.7777777777778,82.5213048212185,TRUE
"l569",21,83.8407428939837,TRUE
"l569",21.2222222222222,85.1855984437429,TRUE
"l569",21.4444444444444,86.5976767329421,TRUE
"l569",21.6666666666667,88.0298767890601,TRUE
"l569",21.8888888888889,89.472453126101,TRUE
"l569",22.1111111111111,90.9546166867221,TRUE
"l569",22.3333333333333,92.4443956315505,TRUE
"l569",22.5555555555556,93.9653083807188,TRUE
"l569",22.7777777777778,95.4932032316208,TRUE
"l569",23,97.0607124311944,TRUE
"m488",1,81.3959967066857,TRUE
"m488",1.22222222222222,80.164339032078,TRUE
"m488",1.44444444444444,78.9549209294738,TRUE
"m488",1.66666666666667,77.7663046619753,TRUE
"m488",1.88888888888889,76.6102620295378,TRUE
"m488",2.11111111111111,75.4641807321796,TRUE
"m488",2.33333333333333,74.3813434465483,TRUE
"m488",2.55555555555556,73.3376580801321,TRUE
"m488",2.77777777777778,72.2766424334972,TRUE
"m488",3,71.2316691718638,TRUE
"m488",3.22222222222222,70.2458833806895,TRUE
"m488",3.44444444444444,69.2824085095513,TRUE
"m488",3.66666666666667,68.3448831908611,TRUE
"m488",3.88888888888889,67.4211100933827,TRUE
"m488",4.11111111111111,66.5628347337301,TRUE
"m488",4.33333333333333,65.7280398155637,TRUE
"m488",4.55555555555556,64.8699385090898,TRUE
"m488",4.77777777777778,64.0802395151723,TRUE
"m488",5,63.2982318566022,TRUE
"m488",5.22222222222222,62.5374735232757,TRUE
"m488",5.44444444444444,61.808055564356,TRUE
"m488",5.66666666666667,61.0941964913931,TRUE
"m488",5.88888888888889,60.4342491271303,TRUE
"m488",6.11111111111111,59.8202605906323,TRUE
"m488",6.33333333333333,59.1870248789648,TRUE
"m488",6.55555555555556,58.6230871269617,TRUE
"m488",6.77777777777778,58.1006674873497,TRUE
"m488",7,57.5693731388257,TRUE
"m488",7.22222222222222,57.1036458315271,TRUE
"m488",7.44444444444444,56.6479473358133,TRUE
"m488",7.66666666666667,56.2153698858527,TRUE
"m488",7.88888888888889,55.7880565310635,TRUE
"m488",8.11111111111111,55.4161951640128,TRUE
"m488",8.33333333333333,55.0699212730553,TRUE
"m488",8.55555555555556,54.7271791477684,TRUE
"m488",8.77777777777778,54.4393609852394,TRUE
"m488",9,54.1902345895563,TRUE
"m488",9.22222222222222,53.939869897033,TRUE
"m488",9.44444444444444,53.7483178646984,TRUE
"m488",9.66666666666667,53.5612056815628,TRUE
"m488",9.88888888888889,53.425111500014,TRUE
"m488",10.1111111111111,53.3058032515002,TRUE
"m488",10.3333333333333,53.2079524694551,TRUE
"m488",10.5555555555556,53.1462329961419,TRUE
"m488",10.7777777777778,53.1176040699917,TRUE
"m488",11,53.1038371480452,TRUE
"m488",11.2222222222222,53.0787621058943,TRUE
"m488",11.4444444444444,53.1185877112513,TRUE
"m488",11.6666666666667,53.1724599275167,TRUE
"m488",11.8888888888889,53.2907032380968,TRUE
"m488",12.1111111111111,53.407780102588,TRUE
"m488",12.3333333333333,53.57942185986,TRUE
"m488",12.5555555555556,53.7632375801551,TRUE
"m488",12.7777777777778,54.0020476328532,TRUE
"m488",13,54.2492125275256,TRUE
"m488",13.2222222222222,54.5279272469142,TRUE
"m488",13.4444444444444,54.8310278634666,TRUE
"m488",13.6666666666667,55.1541034749357,TRUE
"m488",13.8888888888889,55.5007138963493,TRUE
"m488",14.1111111111111,55.8841488467135,TRUE
"m488",14.3333333333333,56.2969927304636,TRUE
"m488",14.5555555555556,56.7664937126099,TRUE
"m488",14.7777777777778,57.2378165180562,TRUE
"m488",15,57.7270877185891,TRUE
"m488",15.2222222222222,58.205824794812,TRUE
"m488",15.4444444444444,58.7667735109787,TRUE
"m488",15.6666666666667,59.3865224128504,TRUE
"m488",15.8888888888889,59.9812686562195,TRUE
"m488",16.1111111111111,60.6151990074912,TRUE
"m488",16.3333333333333,61.2978141052548,TRUE
"m488",16.5555555555556,61.9534286963567,TRUE
"m488",16.7777777777778,62.6699416089822,TRUE
"m488",17,63.4081604821656,TRUE
"m488",17.2222222222222,64.1641405062024,TRUE
"m488",17.4444444444444,64.9905733429045,TRUE
"m488",17.6666666666667,65.8270684936848,TRUE
"m488",17.8888888888889,66.6609868905861,TRUE
"m488",18.1111111111111,67.5380032551451,TRUE
"m488",18.3333333333333,68.4790938958088,TRUE
"m488",18.5555555555556,69.4101096695948,TRUE
"m488",18.7777777777778,70.4261036083178,TRUE
"m488",19,71.4299853966745,TRUE
"m488",19.2222222222222,72.4601677614078,TRUE
"m488",19.4444444444444,73.4921941950888,TRUE
"m488",19.6666666666667,74.5786050250842,TRUE
"m488",19.8888888888889,75.6994801934487,TRUE
"m488",20.1111111111111,76.8393466327944,TRUE
"m488",20.3333333333333,78.0020574229526,TRUE
"m488",20.5555555555556,79.2050581691415,TRUE
"m488",20.7777777777778,80.4365063431623,TRUE
"m488",21,81.6901539315122,TRUE
"m488",21.2222222222222,82.9802978462996,TRUE
"m488",21.4444444444444,84.2587909734848,TRUE
"m488",21.6666666666667,85.587909998513,TRUE
"m488",21.8888888888889,86.9450822478902,TRUE
"m488",22.1111111111111,88.3203512181289,TRUE
"m488",22.3333333333333,89.7467026032921,TRUE
"m488",22.5555555555556,91.1566886892877,TRUE
"m488",22.7777777777778,92.6328759778338,TRUE
"m488",23,94.0934541546326,TRUE
"m699",1,73.7800578059588,TRUE
"m699",1.22222222222222,72.5572722563762,TRUE
"m699",1.44444444444444,71.3808520399203,TRUE
"m699",1.66666666666667,70.2493518659494,TRUE
"m699",1.88888888888889,69.0884832726583,TRUE
"m699",2.11111111111111,67.994874984255,TRUE
"m699",2.33333333333333,66.9001106986245,TRUE
"m699",2.55555555555556,65.8503880968009,TRUE
"m699",2.77777777777778,64.8319089814362,TRUE
"m699",3,63.8456480243219,TRUE
"m699",3.22222222222222,62.9050803117885,TRUE
"m699",3.44444444444444,61.96497040453,TRUE
"m699",3.66666666666667,61.0611536083848,TRUE
"m699",3.88888888888889,60.1633789896116,TRUE
"m699",4.11111111111111,59.30116687114,TRUE
"m699",4.33333333333333,58.4714441167671,TRUE
"m699",4.55555555555556,57.7024262158841,TRUE
"m699",4.77777777777778,56.9213824294479,TRUE
"m699",5,56.174575285023,TRUE
"m699",5.22222222222222,55.4837841275469,TRUE
"m699",5.44444444444444,54.801250563992,TRUE
"m699",5.66666666666667,54.1470359914626,TRUE
"m699",5.88888888888889,53.5231446237185,TRUE
"m699",6.11111111111111,52.9391508022271,TRUE
"m699",6.33333333333333,52.3611580616976,TRUE
"m699",6.55555555555556,51.8278100270729,TRUE
"m699",6.77777777777778,51.3227708206799,TRUE
"m699",7,50.8322379639799,TRUE
"m699",7.22222222222222,50.3652140407478,TRUE
"m699",7.44444444444444,49.9616698232929,TRUE
"m699",7.66666666666667,49.5665008104364,TRUE
"m699",7.88888888888889,49.1904508562631,TRUE
"m699",8.11111111111111,48.8496906298463,TRUE
"m699",8.33333333333333,48.5309704650192,TRUE
"m699",8.55555555555556,48.2395548805478,TRUE
"m699",8.77777777777778,47.9818828503445,TRUE
"m699",9,47.7423609268512,TRUE
"m699",9.22222222222222,47.542354540762,TRUE
"m699",9.44444444444444,47.3248309892624,TRUE
"m699",9.66666666666667,47.1891579415807,TRUE
"m699",9.88888888888889,47.0804346450848,TRUE
"m699",10.1111111111111,46.9630769841988,TRUE
"m699",10.3333333333333,46.8976472172054,TRUE
"m699",10.5555555555556,46.8752630856194,TRUE
"m699",10.7777777777778,46.8980784013632,TRUE
"m699",11,46.926389342856,TRUE
"m699",11.2222222222222,47.0091173909656,TRUE
"m699",11.4444444444444,47.0671335880003,TRUE
"m699",11.6666666666667,47.1563512555123,TRUE
"m699",11.8888888888889,47.3001780045095,TRUE
"m699",12.1111111111111,47.451889540714,TRUE
"m699",12.3333333333333,47.6485969888327,TRUE
"m699",12.5555555555556,47.847026026054,TRUE
"m699",12.7777777777778,48.088935977535,TRUE
"m699",13,48.3771438749289,TRUE
"m699",13.2222222222222,48.6697128116667,TRUE
"m699",13.4444444444444,49.0168776359554,TRUE
"m699",13.6666666666667,49.3446732269465,TRUE
"m699",13.8888888888889,49.715913167164,TRUE
"m699",14.1111111111111,50.1176528687725,TRUE
"m699",14.3333333333333,50.5958023647455,TRUE
"m699",14.5555555555556,51.0490599478693,TRUE
"m699",14.7777777777778,51.5192968238025,TRUE
"m699",15,52.0478085811594,TRUE
"m699",15.2222222222222,52.5942144902422,TRUE
"m699",15.4444444444444,53.1994441248691,TRUE
"m699",15.6666666666667,53.8042190399361,TRUE
"m699",15.8888888888889,54.4484337706874,TRUE
"m699",16.1111111111111,55.1197160621428,TRUE
"m699",16.3333333333333,55.8094429263289,TRUE
"m699",16.5555555555556,56.5149295327909,TRUE
"m699",16.7777777777778,57.2626827353323,TRUE
"m699",17,58.0065650952098,TRUE
"m699",17.2222222222222,58.7780518881046,TRUE
"m699",17.4444444444444,59.6252176536355,TRUE
"m699",17.6666666666667,60.458639325822,TRUE
"m699",17.8888888888889,61.3282221480222,TRUE
"m699",18.1111111111111,62.2125791510389,TRUE
"m699",18.3333333333333,63.1804380672417,TRUE
"m699",18.5555555555556,64.190389010424,TRUE
"m699",18.7777777777778,65.1629023830147,TRUE
"m699",19,66.1749177529819,TRUE
"m699",19.2222222222222,67.2109513593557,TRUE
"m699",19.4444444444444,68.2959812783312,TRUE
"m699",19.6666666666667,69.4152403041471,TRUE
"m699",19.8888888888889,70.5458198078118,TRUE
"m699",20.1111111111111,71.7331159325165,TRUE
"m699",20.3333333333333,72.8979170003327,TRUE
"m699",20.5555555555556,74.1046549067484,TRUE
"m699",20.7777777777778,75.3572892515599,TRUE
"m699",21,76.6180722965054,TRUE
"m699",21.2222222222222,77.9379788524657,TRUE
"m699",21.4444444444444,79.297135978476,TRUE
"m699",21.6666666666667,80.6483016899595,TRUE
"m699",21.8888888888889,82.0447957719688,TRUE
"m699",22.1111111111111,83.424806814954,TRUE
"m699",22.3333333333333,84.8834021026303,TRUE
"m699",22.5555555555556,86.3839996218152,TRUE
"m699",22.7777777777778,87.9121736986529,TRUE
"m699",23,89.4097269096961,TRUE
"n481",1,68.9903488105659,TRUE
"n481",1.22222222222222,67.9618560541611,TRUE
"n481",1.44444444444444,66.966880192612,TRUE
"n481",1.66666666666667,65.9644917386859,TRUE
"n481",1.88888888888889,65.0106724064698,TRUE
"n481",2.11111111111111,64.065831834966,TRUE
"n481",2.33333333333333,63.1397087636622,TRUE
"n481",2.55555555555556,62.2571640303409,TRUE
"n481",2.77777777777778,61.3993432328272,TRUE
"n481",3,60.5643903481677,TRUE
"n481",3.22222222222222,59.7894544831234,TRUE
"n481",3.44444444444444,59.0335846919382,TRUE
"n481",3.66666666666667,58.3155913878833,TRUE
"n481",3.88888888888889,57.5946493919989,TRUE
"n481",4.11111111111111,56.9214906939616,TRUE
"n481",4.33333333333333,56.2518076037961,TRUE
"n481",4.55555555555556,55.6201214355204,TRUE
"n481",4.77777777777778,55.0287101512335,TRUE
"n481",5,54.4775053840026,TRUE
"n481",5.22222222222222,53.9343727143395,TRUE
"n481",5.44444444444444,53.4334509952123,TRUE
"n481",5.66666666666667,52.9446634689061,TRUE
"n481",5.88888888888889,52.4627063382385,TRUE
"n481",6.11111111111111,52.0287834211975,TRUE
"n481",6.33333333333333,51.6499104116658,TRUE
"n481",6.55555555555556,51.2981931188398,TRUE
"n481",6.77777777777778,50.9687401743078,TRUE
"n481",7,50.63536986317,TRUE
"n481",7.22222222222222,50.3741923644949,TRUE
"n481",7.44444444444444,50.1072772821148,TRUE
"n481",7.66666666666667,49.86994507258,TRUE
"n481",7.88888888888889,49.6914082555686,TRUE
"n481",8.11111111111111,49.5211707871749,TRUE
"n481",8.33333333333333,49.355055527208,TRUE
"n481",8.55555555555556,49.2255184605285,TRUE
"n481",8.77777777777778,49.133074366528,TRUE
"n481",9,49.0864051117414,TRUE
"n481",9.22222222222222,49.0504542221882,TRUE
"n481",9.44444444444444,49.0624091020242,TRUE
"n481",9.66666666666667,49.0893617073289,TRUE
"n481",9.88888888888889,49.1191282416313,TRUE
"n481",10.1111111111111,49.1887654490821,TRUE
"n481",10.3333333333333,49.2739522698311,TRUE
"n481",10.5555555555556,49.3855924229814,TRUE
"n481",10.7777777777778,49.5311381701683,TRUE
"n481",11,49.7286683656189,TRUE
"n481",11.2222222222222,49.9602939519301,TRUE
"n481",11.4444444444444,50.191730603533,TRUE
"n481",11.6666666666667,50.4642044782988,TRUE
"n481",11.8888888888889,50.7783795313637,TRUE
"n481",12.1111111111111,51.1125523324739,TRUE
"n481",12.3333333333333,51.474642684195,TRUE
"n481",12.5555555555556,51.8660564210609,TRUE
"n481",12.7777777777778,52.2955558411419,TRUE
"n481",13,52.7108022740119,TRUE
"n481",13.2222222222222,53.170936920332,TRUE
"n481",13.4444444444444,53.6879775030452,TRUE
"n481",13.6666666666667,54.192779955811,TRUE
"n481",13.8888888888889,54.7391327048327,TRUE
"n481",14.1111111111111,55.3421251141131,TRUE
"n481",14.3333333333333,55.9405959144463,TRUE
"n481",14.5555555555556,56.5607705472184,TRUE
"n481",14.7777777777778,57.2384281739892,TRUE
"n481",15,57.9327004809014,TRUE
"n481",15.2222222222222,58.656596834631,TRUE
"n481",15.4444444444444,59.4408614491655,TRUE
"n481",15.6666666666667,60.217661235358,TRUE
"n481",15.8888888888889,61.0184250232727,TRUE
"n481",16.1111111111111,61.8452174317841,TRUE
"n481",16.3333333333333,62.7099026710137,TRUE
"n481",16.5555555555556,63.588925470469,TRUE
"n481",16.7777777777778,64.5135027852682,TRUE
"n481",17,65.4518475993412,TRUE
"n481",17.2222222222222,66.4106033220393,TRUE
"n481",17.4444444444444,67.3895835266667,TRUE
"n481",17.6666666666667,68.4241130737558,TRUE
"n481",17.8888888888889,69.47698042935,TRUE
"n481",18.1111111111111,70.5817788258352,TRUE
"n481",18.3333333333333,71.7164151731508,TRUE
"n481",18.5555555555556,72.8808197373009,TRUE
"n481",18.7777777777778,74.0449975014905,TRUE
"n481",19,75.2467533523905,TRUE
"n481",19.2222222222222,76.4767486936701,TRUE
"n481",19.4444444444444,77.7743444798514,TRUE
"n481",19.6666666666667,79.0168056836401,TRUE
"n481",19.8888888888889,80.3252262441713,TRUE
"n481",20.1111111111111,81.6331872392348,TRUE
"n481",20.3333333333333,82.9892974632173,TRUE
"n481",20.5555555555556,84.4012668692012,TRUE
"n481",20.7777777777778,85.8311544058682,TRUE
"n481",21,87.2761829611327,TRUE
"n481",21.2222222222222,88.7248120833729,TRUE
"n481",21.4444444444444,90.2368031025472,TRUE
"n481",21.6666666666667,91.7401529152059,TRUE
"n481",21.8888888888889,93.2935045508827,TRUE
"n481",22.1111111111111,94.8669065268214,TRUE
"n481",22.3333333333333,96.4510587691001,TRUE
"n481",22.5555555555556,98.1025866881703,TRUE
"n481",22.7777777777778,99.7765944856338,TRUE
"n481",23,101.475778636967,TRUE
"n598",1,75.467808982233,TRUE
"n598",1.22222222222222,74.2688921063572,TRUE
"n598",1.44444444444444,73.0956036158005,TRUE
"n598",1.66666666666667,71.9211510612146,TRUE
"n598",1.88888888888889,70.820437706166,TRUE
"n598",2.11111111111111,69.7138027739332,TRUE
"n598",2.33333333333333,68.6542585758248,TRUE
"n598",2.55555555555556,67.6194175613393,TRUE
"n598",2.77777777777778,66.6134109072282,TRUE
"n598",3,65.6619544234964,TRUE
"n598",3.22222222222222,64.7251330989237,TRUE
"n598",3.44444444444444,63.8238536454521,TRUE
"n598",3.66666666666667,62.9312034423779,TRUE
"n598",3.88888888888889,62.071415596844,TRUE
"n598",4.11111111111111,61.2467555737436,TRUE
"n598",4.33333333333333,60.4735021027519,TRUE
"n598",4.55555555555556,59.6888844431876,TRUE
"n598",4.77777777777778,58.9381697132768,TRUE
"n598",5,58.201157325578,TRUE
"n598",5.22222222222222,57.5251348561474,TRUE
"n598",5.44444444444444,56.837903027713,TRUE
"n598",5.66666666666667,56.1967048007114,TRUE
"n598",5.88888888888889,55.5547894744869,TRUE
"n598",6.11111111111111,55.0001209678029,TRUE
"n598",6.33333333333333,54.4437393888024,TRUE
"n598",6.55555555555556,53.9156049108626,TRUE
"n598",6.77777777777778,53.4460625456732,TRUE
"n598",7,52.9795528873684,TRUE
"n598",7.22222222222222,52.5395651193532,TRUE
"n598",7.44444444444444,52.1230728457963,TRUE
"n598",7.66666666666667,51.7305393554435,TRUE
"n598",7.88888888888889,51.383925371268,TRUE
"n598",8.11111111111111,51.0511285307536,TRUE
"n598",8.33333333333333,50.7734233637349,TRUE
"n598",8.55555555555556,50.5195789402125,TRUE
"n598",8.77777777777778,50.2857324085005,TRUE
"n598",9,50.0921537088416,TRUE
"n598",9.22222222222222,49.905958866226,TRUE
"n598",9.44444444444444,49.7353678580446,TRUE
"n598",9.66666666666667,49.5994858548242,TRUE
"n598",9.88888888888889,49.5168336220071,TRUE
"n598",10.1111111111111,49.4441296018535,TRUE
"n598",10.3333333333333,49.435275001982,TRUE
"n598",10.5555555555556,49.4180771948376,TRUE
"n598",10.7777777777778,49.4352371660599,TRUE
"n598",11,49.4844848652726,TRUE
"n598",11.2222222222222,49.5534787133948,TRUE
"n598",11.4444444444444,49.6638324152139,TRUE
"n598",11.6666666666667,49.7971620298235,TRUE
"n598",11.8888888888889,49.9382759835093,TRUE
"n598",12.1111111111111,50.1011393563691,TRUE
"n598",12.3333333333333,50.2965665523027,TRUE
"n598",12.5555555555556,50.5196604868617,TRUE
"n598",12.7777777777778,50.7694962340437,TRUE
"n598",13,51.0418514733834,TRUE
"n598",13.2222222222222,51.3505310981592,TRUE
"n598",13.4444444444444,51.7088656047634,TRUE
"n598",13.6666666666667,52.0714426665658,TRUE
"n598",13.8888888888889,52.4847467131535,TRUE
"n598",14.1111111111111,52.899054535856,TRUE
"n598",14.3333333333333,53.3434504873602,TRUE
"n598",14.5555555555556,53.8213057229353,TRUE
"n598",14.7777777777778,54.3184022685322,TRUE
"n598",15,54.8719454393607,TRUE
"n598",15.2222222222222,55.4010522935557,TRUE
"n598",15.4444444444444,55.9603571294539,TRUE
"n598",15.6666666666667,56.5986191408687,TRUE
"n598",15.8888888888889,57.2231926079537,TRUE
"n598",16.1111111111111,57.9249435996001,TRUE
"n598",16.3333333333333,58.6283696591785,TRUE
"n598",16.5555555555556,59.3697960886635,TRUE
"n598",16.7777777777778,60.1281695455164,TRUE
"n598",17,60.972411697564,TRUE
"n598",17.2222222222222,61.7862673660543,TRUE
"n598",17.4444444444444,62.6173958916446,TRUE
"n598",17.6666666666667,63.4982128418415,TRUE
"n598",17.8888888888889,64.3739290172524,TRUE
"n598",18.1111111111111,65.2750864340131,TRUE
"n598",18.3333333333333,66.1894565360632,TRUE
"n598",18.5555555555556,67.1653504748272,TRUE
"n598",18.7777777777778,68.1462578932633,TRUE
"n598",19,69.1999209207259,TRUE
"n598",19.2222222222222,70.2561770770852,TRUE
"n598",19.4444444444444,71.354465764207,TRUE
"n598",19.6666666666667,72.4581418414318,TRUE
"n598",19.8888888888889,73.5733813455972,TRUE
"n598",20.1111111111111,74.7695256428859,TRUE
"n598",20.3333333333333,75.9774909236943,TRUE
"n598",20.5555555555556,77.2236266720738,TRUE
"n598",20.7777777777778,78.4494878237858,TRUE
"n598",21,79.7355255710314,TRUE
"n598",21.2222222222222,81.0831561363085,TRUE
"n598",21.4444444444444,82.3864098571462,TRUE
"n598",21.6666666666667,83.7625504159093,TRUE
"n598",21.8888888888889,85.1604788073064,TRUE
"n598",22.1111111111111,86.54917028275,TRUE
"n598",22.3333333333333,88.0019367006607,TRUE
"n598",22.5555555555556,89.4893821455288,TRUE
"n598",22.7777777777778,91.0618467265902,TRUE
"n598",23,92.6310290313502,TRUE
"n887",1,78.3617875331617,TRUE
"n887",1.22222222222222,77.1815659176382,TRUE
"n887",1.44444444444444,76.0402664710411,TRUE
"n887",1.66666666666667,74.9254189445763,TRUE
"n887",1.88888888888889,73.8633763346593,TRUE
"n887",2.11111111111111,72.8169876422074,TRUE
"n887",2.33333333333333,71.7426074895071,TRUE
"n887",2.55555555555556,70.7481056994094,TRUE
"n887",2.77777777777778,69.783447317826,TRUE
"n887",3,68.8611345857313,TRUE
"n887",3.22222222222222,67.9604415606281,TRUE
"n887",3.44444444444444,67.0848487894339,TRUE
"n887",3.66666666666667,66.2130946675703,TRUE
"n887",3.88888888888889,65.3997608575738,TRUE
"n887",4.11111111111111,64.5821633068902,TRUE
"n887",4.33333333333333,63.7978523006588,TRUE
"n887",4.55555555555556,63.0521936152026,TRUE
"n887",4.77777777777778,62.3382351871875,TRUE
"n887",5,61.6353416828112,TRUE
"n887",5.22222222222222,60.9627659961975,TRUE
"n887",5.44444444444444,60.3451200237074,TRUE
"n887",5.66666666666667,59.767485729919,TRUE
"n887",5.88888888888889,59.1848632309853,TRUE
"n887",6.11111111111111,58.6513810286091,TRUE
"n887",6.33333333333333,58.122076231307,TRUE
"n887",6.55555555555556,57.6481532148732,TRUE
"n887",6.77777777777778,57.1605313422097,TRUE
"n887",7,56.704929922587,TRUE
"n887",7.22222222222222,56.3131308083828,TRUE
"n887",7.44444444444444,55.9299204564983,TRUE
"n887",7.66666666666667,55.5786784518571,TRUE
"n887",7.88888888888889,55.2400299138918,TRUE
"n887",8.11111111111111,54.9369712888174,TRUE
"n887",8.33333333333333,54.6759586379474,TRUE
"n887",8.55555555555556,54.4631738977638,TRUE
"n887",8.77777777777778,54.221524981555,TRUE
"n887",9,54.0529633828869,TRUE
"n887",9.22222222222222,53.8826541570081,TRUE
"n887",9.44444444444444,53.7556066120996,TRUE
"n887",9.66666666666667,53.6566127556321,TRUE
"n887",9.88888888888889,53.5845500766882,TRUE
"n887",10.1111111111111,53.4949132491531,TRUE
"n887",10.3333333333333,53.467418526202,TRUE
"n887",10.5555555555556,53.4633724819176,TRUE
"n887",10.7777777777778,53.4920064349354,TRUE
"n887",11,53.5057953872508,TRUE
"n887",11.2222222222222,53.6015757055525,TRUE
"n887",11.4444444444444,53.7336228381321,TRUE
"n887",11.6666666666667,53.8680190796381,TRUE
"n887",11.8888888888889,54.0706696226032,TRUE
"n887",12.1111111111111,54.3029425205558,TRUE
"n887",12.3333333333333,54.5518465840349,TRUE
"n887",12.5555555555556,54.8180975332432,TRUE
"n887",12.7777777777778,55.0901181372855,TRUE
"n887",13,55.3897807151919,TRUE
"n887",13.2222222222222,55.7395494410266,TRUE
"n887",13.4444444444444,56.1141471334845,TRUE
"n887",13.6666666666667,56.54296267243,TRUE
"n887",13.8888888888889,56.9669583103025,TRUE
"n887",14.1111111111111,57.4230705680328,TRUE
"n887",14.3333333333333,57.9219490513758,TRUE
"n887",14.5555555555556,58.475860980041,TRUE
"n887",14.7777777777778,59.0028452209364,TRUE
"n887",15,59.5809156513734,TRUE
"n887",15.2222222222222,60.1766990733401,TRUE
"n887",15.4444444444444,60.7799449254421,TRUE
"n887",15.6666666666667,61.3831222020126,TRUE
"n887",15.8888888888889,62.0282986085339,TRUE
"n887",16.1111111111111,62.7338970776276,TRUE
"n887",16.3333333333333,63.4646987383296,TRUE
"n887",16.5555555555556,64.2450993088819,TRUE
"n887",16.7777777777778,65.0414155118064,TRUE
"n887",17,65.859027317032,TRUE
"n887",17.2222222222222,66.7205732954442,TRUE
"n887",17.4444444444444,67.6107078322042,TRUE
"n887",17.6666666666667,68.5213678243429,TRUE
"n887",17.8888888888889,69.438565966116,TRUE
"n887",18.1111111111111,70.3973088647741,TRUE
"n887",18.3333333333333,71.3764454455078,TRUE
"n887",18.5555555555556,72.3995497907504,TRUE
"n887",18.7777777777778,73.4400013587163,TRUE
"n887",19,74.5140636496952,TRUE
"n887",19.2222222222222,75.5732573858991,TRUE
"n887",19.4444444444444,76.7138354536836,TRUE
"n887",19.6666666666667,77.8517654406398,TRUE
"n887",19.8888888888889,79.0171542456402,TRUE
"n887",20.1111111111111,80.2458096874058,TRUE
"n887",20.3333333333333,81.4700190656376,TRUE
"n887",20.5555555555556,82.7391206314469,TRUE
"n887",20.7777777777778,84.0371747553738,TRUE
"n887",21,85.3378118192683,TRUE
"n887",21.2222222222222,86.6775197620918,TRUE
"n887",21.4444444444444,88.0898987597716,TRUE
"n887",21.6666666666667,89.4766398896508,TRUE
"n887",21.8888888888889,90.9155521980265,TRUE
"n887",22.1111111111111,92.3937475487194,TRUE
"n887",22.3333333333333,93.8712036327863,TRUE
"n887",22.5555555555556,95.3927049074728,TRUE
"n887",22.7777777777778,96.9619692749716,TRUE
"n887",23,98.545012135406,TRUE
"o100",1,79.858120525842,TRUE
"o100",1.22222222222222,78.6270895947706,TRUE
"o100",1.44444444444444,77.4256100933272,TRUE
"o100",1.66666666666667,76.3065262402256,TRUE
"o100",1.88888888888889,75.1779419311992,TRUE
"o100",2.11111111111111,74.0724822496336,TRUE
"o100",2.33333333333333,72.9633161396637,TRUE
"o100",2.55555555555556,71.9236185949358,TRUE
"o100",2.77777777777778,70.9293524047729,TRUE
"o100",3,69.9303047393378,TRUE
"o100",3.22222222222222,68.9732522622148,TRUE
"o100",3.44444444444444,68.0365795393195,TRUE
"o100",3.66666666666667,67.1052043781044,TRUE
"o100",3.88888888888889,66.225682965284,TRUE
"o100",4.11111111111111,65.3613114960889,TRUE
"o100",4.33333333333333,64.5319357822066,TRUE
"o100",4.55555555555556,63.7076077963325,TRUE
"o100",4.77777777777778,62.9405533353634,TRUE
"o100",5,62.197156715132,TRUE
"o100",5.22222222222222,61.4810788760129,TRUE
"o100",5.44444444444444,60.8325071331093,TRUE
"o100",5.66666666666667,60.1922643476685,TRUE
"o100",5.88888888888889,59.5444684858627,TRUE
"o100",6.11111111111111,58.9361736454704,TRUE
"o100",6.33333333333333,58.3594193863068,TRUE
"o100",6.55555555555556,57.8233711223286,TRUE
"o100",6.77777777777778,57.3208599388628,TRUE
"o100",7,56.8183775749422,TRUE
"o100",7.22222222222222,56.349808606171,TRUE
"o100",7.44444444444444,55.9403215897316,TRUE
"o100",7.66666666666667,55.5010091406604,TRUE
"o100",7.88888888888889,55.1209363634204,TRUE
"o100",8.11111111111111,54.7641877842186,TRUE
"o100",8.33333333333333,54.4219305306177,TRUE
"o100",8.55555555555556,54.1097834251824,TRUE
"o100",8.77777777777778,53.8123235253153,TRUE
"o100",9,53.592039210576,TRUE
"o100",9.22222222222222,53.3835343704143,TRUE
"o100",9.44444444444444,53.1828723911019,TRUE
"o100",9.66666666666667,53.042240033272,TRUE
"o100",9.88888888888889,52.9231785475198,TRUE
"o100",10.1111111111111,52.8305502093569,TRUE
"o100",10.3333333333333,52.7554233949604,TRUE
"o100",10.5555555555556,52.7182673422259,TRUE
"o100",10.7777777777778,52.6813346856525,TRUE
"o100",11,52.6999040004292,TRUE
"o100",11.2222222222222,52.7564114672973,TRUE
"o100",11.4444444444444,52.835039142381,TRUE
"o100",11.6666666666667,52.8665549794434,TRUE
"o100",11.8888888888889,52.9875118050517,TRUE
"o100",12.1111111111111,53.1181746056867,TRUE
"o100",12.3333333333333,53.3181864026639,TRUE
"o100",12.5555555555556,53.5527028492022,TRUE
"o100",12.7777777777778,53.776768766223,TRUE
"o100",13,54.0270104765201,TRUE
"o100",13.2222222222222,54.343047654088,TRUE
"o100",13.4444444444444,54.6589806402712,TRUE
"o100",13.6666666666667,54.9972200328854,TRUE
"o100",13.8888888888889,55.3860499935928,TRUE
"o100",14.1111111111111,55.7888181722937,TRUE
"o100",14.3333333333333,56.2209766240023,TRUE
"o100",14.5555555555556,56.6732151169826,TRUE
"o100",14.7777777777778,57.1419645631157,TRUE
"o100",15,57.6736618522682,TRUE
"o100",15.2222222222222,58.2116734174644,TRUE
"o100",15.4444444444444,58.7489322511639,TRUE
"o100",15.6666666666667,59.3381239907003,TRUE
"o100",15.8888888888889,59.9883464725844,TRUE
"o100",16.1111111111111,60.6271208296229,TRUE
"o100",16.3333333333333,61.2916207862021,TRUE
"o100",16.5555555555556,61.9940644487687,TRUE
"o100",16.7777777777778,62.7300935361782,TRUE
"o100",17,63.50822493474,TRUE
"o100",17.2222222222222,64.3045271088063,TRUE
"o100",17.4444444444444,65.1470891732978,TRUE
"o100",17.6666666666667,66.0371597164577,TRUE
"o100",17.8888888888889,66.8944853929437,TRUE
"o100",18.1111111111111,67.8256737757186,TRUE
"o100",18.3333333333333,68.7678105685531,TRUE
"o100",18.5555555555556,69.7284254388483,TRUE
"o100",18.7777777777778,70.7115441998277,TRUE
"o100",19,71.7323314731306,TRUE
"o100",19.2222222222222,72.7708084458441,TRUE
"o100",19.4444444444444,73.8470081841465,TRUE
"o100",19.6666666666667,74.9318897696517,TRUE
"o100",19.8888888888889,76.0673519357229,TRUE
"o100",20.1111111111111,77.2095187997864,TRUE
"o100",20.3333333333333,78.3946096632807,TRUE
"o100",20.5555555555556,79.6413229892239,TRUE
"o100",20.7777777777778,80.8849430794385,TRUE
"o100",21,82.1414259233403,TRUE
"o100",21.2222222222222,83.4723679195654,TRUE
"o100",21.4444444444444,84.7933064038623,TRUE
"o100",21.6666666666667,86.1233148171758,TRUE
"o100",21.8888888888889,87.4514506215575,TRUE
"o100",22.1111111111111,88.8878857859888,TRUE
"o100",22.3333333333333,90.3280082649185,TRUE
"o100",22.5555555555556,91.782048352603,TRUE
"o100",22.7777777777778,93.2762763850065,TRUE
"o100",23,94.7820274253748,TRUE
"o228",1,72.0493114052407,TRUE
"o228",1.22222222222222,70.8483691359119,TRUE
"o228",1.44444444444444,69.6751762235566,TRUE
"o228",1.66666666666667,68.5337343777394,TRUE
"o228",1.88888888888889,67.4292289539408,TRUE
"o228",2.11111111111111,66.3764826976648,TRUE
"o228",2.33333333333333,65.345750804174,TRUE
"o228",2.55555555555556,64.3370675738618,TRUE
"o228",2.77777777777778,63.3703337691931,TRUE
"o228",3,62.3894071789214,TRUE
"o228",3.22222222222222,61.5133644404054,TRUE
"o228",3.44444444444444,60.6603467234835,TRUE
"o228",3.66666666666667,59.792758197576,TRUE
"o228",3.88888888888889,58.9331334451662,TRUE
"o228",4.11111111111111,58.1181942831021,TRUE
"o228",4.33333333333333,57.323882608683,TRUE
"o228",4.55555555555556,56.5408736574156,TRUE
"o228",4.77777777777778,55.8134797169567,TRUE
"o228",5,55.1025413081032,TRUE
"o228",5.22222222222222,54.4102602542241,TRUE
"o228",5.44444444444444,53.7877359299633,TRUE
"o228",5.66666666666667,53.1657269801164,TRUE
"o228",5.88888888888889,52.551400192346,TRUE
"o228",6.11111111111111,51.9730656851381,TRUE
"o228",6.33333333333333,51.4329647198252,TRUE
"o228",6.55555555555556,50.9186523286802,TRUE
"o228",6.77777777777778,50.4787346609531,TRUE
"o228",7,50.0147565641088,TRUE
"o228",7.22222222222222,49.5729840299347,TRUE
"o228",7.44444444444444,49.1515006656838,TRUE
"o228",7.66666666666667,48.7888461540716,TRUE
"o228",7.88888888888889,48.4337274184488,TRUE
"o228",8.11111111111111,48.099614559915,TRUE
"o228",8.33333333333333,47.7989107507692,TRUE
"o228",8.55555555555556,47.5206975395181,TRUE
"o228",8.77777777777778,47.2904894529116,TRUE
"o228",9,47.0944723224552,TRUE
"o228",9.22222222222222,46.9336148560585,TRUE
"o228",9.44444444444444,46.7869473142028,TRUE
"o228",9.66666666666667,46.6409640493542,TRUE
"o228",9.88888888888889,46.526419366977,TRUE
"o228",10.1111111111111,46.4620563668151,TRUE
"o228",10.3333333333333,46.419495313318,TRUE
"o228",10.5555555555556,46.4273451937885,TRUE
"o228",10.7777777777778,46.4332500644688,TRUE
"o228",11,46.4820863039483,TRUE
"o228",11.2222222222222,46.555939636336,TRUE
"o228",11.4444444444444,46.6561739997861,TRUE
"o228",11.6666666666667,46.7578458767869,TRUE
"o228",11.8888888888889,46.9088034323343,TRUE
"o228",12.1111111111111,47.1061117322126,TRUE
"o228",12.3333333333333,47.3247922542865,TRUE
"o228",12.5555555555556,47.5614597735977,TRUE
"o228",12.7777777777778,47.8491017479341,TRUE
"o228",13,48.1339540764043,TRUE
"o228",13.2222222222222,48.4539304146117,TRUE
"o228",13.4444444444444,48.7882538287377,TRUE
"o228",13.6666666666667,49.1502706844212,TRUE
"o228",13.8888888888889,49.5472428034636,TRUE
"o228",14.1111111111111,49.9932386710552,TRUE
"o228",14.3333333333333,50.4494082073153,TRUE
"o228",14.5555555555556,50.9492390104373,TRUE
"o228",14.7777777777778,51.4849256990605,TRUE
"o228",15,52.0291743323829,TRUE
"o228",15.2222222222222,52.5870104877742,TRUE
"o228",15.4444444444444,53.1997846990607,TRUE
"o228",15.6666666666667,53.8117090647557,TRUE
"o228",15.8888888888889,54.4615458724242,TRUE
"o228",16.1111111111111,55.1643489097788,TRUE
"o228",16.3333333333333,55.8824293763023,TRUE
"o228",16.5555555555556,56.5908991978233,TRUE
"o228",16.7777777777778,57.3364894486995,TRUE
"o228",17,58.1100025834626,TRUE
"o228",17.2222222222222,58.9538227543266,TRUE
"o228",17.4444444444444,59.7944667486677,TRUE
"o228",17.6666666666667,60.6745700510814,TRUE
"o228",17.8888888888889,61.5988077483897,TRUE
"o228",18.1111111111111,62.5306385998409,TRUE
"o228",18.3333333333333,63.5039638488856,TRUE
"o228",18.5555555555556,64.4751048283625,TRUE
"o228",18.7777777777778,65.5205702247075,TRUE
"o228",19,66.5683172004434,TRUE
"o228",19.2222222222222,67.6344556523047,TRUE
"o228",19.4444444444444,68.7296722839228,TRUE
"o228",19.6666666666667,69.8627087633774,TRUE
"o228",19.8888888888889,71.0046192725788,TRUE
"o228",20.1111111111111,72.1728030861085,TRUE
"o228",20.3333333333333,73.3897332848242,TRUE
"o228",20.5555555555556,74.6250664722058,TRUE
"o228",20.7777777777778,75.8905093154706,TRUE
"o228",21,77.1754561259457,TRUE
"o228",21.2222222222222,78.519346126213,TRUE
"o228",21.4444444444444,79.857018986808,TRUE
"o228",21.6666666666667,81.2128925205191,TRUE
"o228",21.8888888888889,82.6219070532618,TRUE
"o228",22.1111111111111,84.0491600200354,TRUE
"o228",22.3333333333333,85.4948472703991,TRUE
"o228",22.5555555555556,86.9343719536107,TRUE
"o228",22.7777777777778,88.4611683834851,TRUE
"o228",23,90.0078447745182,TRUE
"o349",1,78.6375369103386,TRUE
"o349",1.22222222222222,77.3794233065131,TRUE
"o349",1.44444444444444,76.1123060054042,TRUE
"o349",1.66666666666667,74.903250951815,TRUE
"o349",1.88888888888889,73.7352374357226,TRUE
"o349",2.11111111111111,72.6145124163307,TRUE
"o349",2.33333333333333,71.4998392408836,TRUE
"o349",2.55555555555556,70.3910288412379,TRUE
"o349",2.77777777777778,69.3323589249897,TRUE
"o349",3,68.2929920118889,TRUE
"o349",3.22222222222222,67.2737941592553,TRUE
"o349",3.44444444444444,66.2762168072872,TRUE
"o349",3.66666666666667,65.3041965918249,TRUE
"o349",3.88888888888889,64.3628768918928,TRUE
"o349",4.11111111111111,63.4300866114067,TRUE
"o349",4.33333333333333,62.533655311075,TRUE
"o349",4.55555555555556,61.6787317232189,TRUE
"o349",4.77777777777778,60.8469188455877,TRUE
"o349",5,60.026141410533,TRUE
"o349",5.22222222222222,59.2660050487257,TRUE
"o349",5.44444444444444,58.5235014273968,TRUE
"o349",5.66666666666667,57.8287106865832,TRUE
"o349",5.88888888888889,57.1466205481965,TRUE
"o349",6.11111111111111,56.4913186501898,TRUE
"o349",6.33333333333333,55.8471527653174,TRUE
"o349",6.55555555555556,55.2866805698025,TRUE
"o349",6.77777777777778,54.7347280836107,TRUE
"o349",7,54.2078645355796,TRUE
"o349",7.22222222222222,53.7135320164337,TRUE
"o349",7.44444444444444,53.1814719978931,TRUE
"o349",7.66666666666667,52.7006146999001,TRUE
"o349",7.88888888888889,52.254879979794,TRUE
"o349",8.11111111111111,51.842529247411,TRUE
"o349",8.33333333333333,51.4837581007203,TRUE
"o349",8.55555555555556,51.1257528727153,TRUE
"o349",8.77777777777778,50.8094303901098,TRUE
"o349",9,50.5127517199528,TRUE
"o349",9.22222222222222,50.3007426496082,TRUE
"o349",9.44444444444444,50.0973120142987,TRUE
"o349",9.66666666666667,49.8796271011175,TRUE
"o349",9.88888888888889,49.6833190951204,TRUE
"o349",10.1111111111111,49.5582746024519,TRUE
"o349",10.3333333333333,49.4162917639914,TRUE
"o349",10.5555555555556,49.3314737908401,TRUE
"o349",10.7777777777778,49.2471182469866,TRUE
"o349",11,49.2269945213557,TRUE
"o349",11.2222222222222,49.2427614052366,TRUE
"o349",11.4444444444444,49.2453432920776,TRUE
"o349",11.6666666666667,49.2875996302465,TRUE
"o349",11.8888888888889,49.3681391586952,TRUE
"o349",12.1111111111111,49.4916412144705,TRUE
"o349",12.3333333333333,49.6331687424211,TRUE
"o349",12.5555555555556,49.7804677915981,TRUE
"o349",12.7777777777778,49.9358370561091,TRUE
"o349",13,50.1261433144333,TRUE
"o349",13.2222222222222,50.3615938765643,TRUE
"o349",13.4444444444444,50.6394149788285,TRUE
"o349",13.6666666666667,50.9316495947289,TRUE
"o349",13.8888888888889,51.2730425781131,TRUE
"o349",14.1111111111111,51.6313350486973,TRUE
"o349",14.3333333333333,52.0090924762537,TRUE
"o349",14.5555555555556,52.4375701350592,TRUE
"o349",14.7777777777778,52.8881251871917,TRUE
"o349",15,53.3553633744412,TRUE
"o349",15.2222222222222,53.8594360564935,TRUE
"o349",15.4444444444444,54.3727187748709,TRUE
"o349",15.6666666666667,54.9093856788062,TRUE
"o349",15.8888888888889,55.4786403939506,TRUE
"o349",16.1111111111111,56.0629186109348,TRUE
"o349",16.3333333333333,56.7168838058169,TRUE
"o349",16.5555555555556,57.386999068132,TRUE
"o349",16.7777777777778,58.0781332773185,TRUE
"o349",17,58.817293858655,TRUE
"o349",17.2222222222222,59.5841227777862,TRUE
"o349",17.4444444444444,60.3496787381415,TRUE
"o349",17.6666666666667,61.155260973533,TRUE
"o349",17.8888888888889,61.9981595302316,TRUE
"o349",18.1111111111111,62.8763290563274,TRUE
"o349",18.3333333333333,63.786441730952,TRUE
"o349",18.5555555555556,64.714492785493,TRUE
"o349",18.7777777777778,65.6450305534743,TRUE
"o349",19,66.6305158660971,TRUE
"o349",19.2222222222222,67.6502645198079,TRUE
"o349",19.4444444444444,68.6758328890023,TRUE
"o349",19.6666666666667,69.7483056605824,TRUE
"o349",19.8888888888889,70.8117575457991,TRUE
"o349",20.1111111111111,71.9307013309307,TRUE
"o349",20.3333333333333,73.0961650096667,TRUE
"o349",20.5555555555556,74.2707940189948,TRUE
"o349",20.7777777777778,75.4773595802668,TRUE
"o349",21,76.6965976678297,TRUE
"o349",21.2222222222222,77.9621472555145,TRUE
"o349",21.4444444444444,79.2556727941899,TRUE
"o349",21.6666666666667,80.5698906960212,TRUE
"o349",21.8888888888889,81.8804726109703,TRUE
"o349",22.1111111111111,83.2280395120858,TRUE
"o349",22.3333333333333,84.6046478727352,TRUE
"o349",22.5555555555556,86.0446842396929,TRUE
"o349",22.7777777777778,87.4696472933002,TRUE
"o349",23,88.9482792706192,TRUE
"o751",1,73.2679596575719,TRUE
"o751",1.22222222222222,72.0558844925426,TRUE
"o751",1.44444444444444,70.8558681585447,TRUE
"o751",1.66666666666667,69.6833629011066,TRUE
"o751",1.88888888888889,68.5571623566877,TRUE
"o751",2.11111111111111,67.4249476802773,TRUE
"o751",2.33333333333333,66.3485920711067,TRUE
"o751",2.55555555555556,65.3061552091014,TRUE
"o751",2.77777777777778,64.2798670752693,TRUE
"o751",3,63.2916395691658,TRUE
"o751",3.22222222222222,62.3539023158852,TRUE
"o751",3.44444444444444,61.4186098482279,TRUE
"o751",3.66666666666667,60.4938046119489,TRUE
"o751",3.88888888888889,59.6096508511601,TRUE
"o751",4.11111111111111,58.7681846314339,TRUE
"o751",4.33333333333333,57.9501981951919,TRUE
"o751",4.55555555555556,57.1733803415923,TRUE
"o751",4.77777777777778,56.421374214918,TRUE
"o751",5,55.6995216368954,TRUE
"o751",5.22222222222222,54.9921013687005,TRUE
"o751",5.44444444444444,54.2895462988847,TRUE
"o751",5.66666666666667,53.6093437120925,TRUE
"o751",5.88888888888889,52.965099236727,TRUE
"o751",6.11111111111111,52.3506749697794,TRUE
"o751",6.33333333333333,51.793718514933,TRUE
"o751",6.55555555555556,51.2643972906093,TRUE
"o751",6.77777777777778,50.7326835043746,TRUE
"o751",7,50.2296993235624,TRUE
"o751",7.22222222222222,49.8057177834434,TRUE
"o751",7.44444444444444,49.3738444281518,TRUE
"o751",7.66666666666667,48.9430670710481,TRUE
"o751",7.88888888888889,48.5823232695309,TRUE
"o751",8.11111111111111,48.245150801629,TRUE
"o751",8.33333333333333,47.922432951075,TRUE
"o751",8.55555555555556,47.6274898047339,TRUE
"o751",8.77777777777778,47.3740448640662,TRUE
"o751",9,47.144809264024,TRUE
"o751",9.22222222222222,46.9480404527326,TRUE
"o751",9.44444444444444,46.7639212301716,TRUE
"o751",9.66666666666667,46.6157385970392,TRUE
"o751",9.88888888888889,46.5476261865902,TRUE
"o751",10.1111111111111,46.4881654093074,TRUE
"o751",10.3333333333333,46.4124287603761,TRUE
"o751",10.5555555555556,46.3601890839618,TRUE
"o751",10.7777777777778,46.3478954199985,TRUE
"o751",11,46.3525485578518,TRUE
"o751",11.2222222222222,46.3668287166015,TRUE
"o751",11.4444444444444,46.4363225382268,TRUE
"o751",11.6666666666667,46.5204606486238,TRUE
"o751",11.8888888888889,46.647309935662,TRUE
"o751",12.1111111111111,46.8025333442694,TRUE
"o751",12.3333333333333,46.9870730309557,TRUE
"o751",12.5555555555556,47.2011280576284,TRUE
"o751",12.7777777777778,47.4673702582483,TRUE
"o751",13,47.7298145945674,TRUE
"o751",13.2222222222222,48.021961010909,TRUE
"o751",13.4444444444444,48.3054472733889,TRUE
"o751",13.6666666666667,48.6648925728565,TRUE
"o751",13.8888888888889,49.0447423566417,TRUE
"o751",14.1111111111111,49.4512780850321,TRUE
"o751",14.3333333333333,49.9120824273085,TRUE
"o751",14.5555555555556,50.3765733195069,TRUE
"o751",14.7777777777778,50.8628856972341,TRUE
"o751",15,51.3947173755836,TRUE
"o751",15.2222222222222,51.9335296825822,TRUE
"o751",15.4444444444444,52.5193230190418,TRUE
"o751",15.6666666666667,53.1120009660979,TRUE
"o751",15.8888888888889,53.7322819282304,TRUE
"o751",16.1111111111111,54.3843792010321,TRUE
"o751",16.3333333333333,55.0405539024332,TRUE
"o751",16.5555555555556,55.8066346746252,TRUE
"o751",16.7777777777778,56.5777088032682,TRUE
"o751",17,57.3482807461379,TRUE
"o751",17.2222222222222,58.146962648672,TRUE
"o751",17.4444444444444,58.9836279615694,TRUE
"o751",17.6666666666667,59.8145416866869,TRUE
"o751",17.8888888888889,60.6743293598389,TRUE
"o751",18.1111111111111,61.5874460470847,TRUE
"o751",18.3333333333333,62.5304976557543,TRUE
"o751",18.5555555555556,63.5054617496079,TRUE
"o751",18.7777777777778,64.5293712638303,TRUE
"o751",19,65.575220833742,TRUE
"o751",19.2222222222222,66.6380237441043,TRUE
"o751",19.4444444444444,67.7181629353678,TRUE
"o751",19.6666666666667,68.840318230228,TRUE
"o751",19.8888888888889,69.9644014815743,TRUE
"o751",20.1111111111111,71.1360716324469,TRUE
"o751",20.3333333333333,72.335416590327,TRUE
"o751",20.5555555555556,73.554082511358,TRUE
"o751",20.7777777777778,74.8233955013143,TRUE
"o751",21,76.1085032615659,TRUE
"o751",21.2222222222222,77.4188784487332,TRUE
"o751",21.4444444444444,78.7523096936242,TRUE
"o751",21.6666666666667,80.1326181486394,TRUE
"o751",21.8888888888889,81.5215137752723,TRUE
"o751",22.1111111111111,82.9497546477983,TRUE
"o751",22.3333333333333,84.3852246005344,TRUE
"o751",22.5555555555556,85.8707567839623,TRUE
"o751",22.7777777777778,87.4005406105442,TRUE
"o751",23,88.9229104434309,TRUE
"p392",1,73.7907342451163,TRUE
"p392",1.22222222222222,72.61528868129,TRUE
"p392",1.44444444444444,71.4324844041392,TRUE
"p392",1.66666666666667,70.3364561826884,TRUE
"p392",1.88888888888889,69.1942551746114,TRUE
"p392",2.11111111111111,68.0973675157254,TRUE
"p392",2.33333333333333,67.0507530619214,TRUE
"p392",2.55555555555556,66.0236606621895,TRUE
"p392",2.77777777777778,65.0533961484537,TRUE
"p392",3,64.0762094783961,TRUE
"p392",3.22222222222222,63.123710122083,TRUE
"p392",3.44444444444444,62.2201105894252,TRUE
"p392",3.66666666666667,61.3597162710784,TRUE
"p392",3.88888888888889,60.4992557742469,TRUE
"p392",4.11111111111111,59.6685126991861,TRUE
"p392",4.33333333333333,58.8454449528091,TRUE
"p392",4.55555555555556,58.0578668432503,TRUE
"p392",4.77777777777778,57.3045409538433,TRUE
"p392",5,56.5968869413614,TRUE
"p392",5.22222222222222,55.9261242762816,TRUE
"p392",5.44444444444444,55.2384273811106,TRUE
"p392",5.66666666666667,54.5997359166666,TRUE
"p392",5.88888888888889,53.998484162601,TRUE
"p392",6.11111111111111,53.4422962969345,TRUE
"p392",6.33333333333333,52.893933676633,TRUE
"p392",6.55555555555556,52.3974412224793,TRUE
"p392",6.77777777777778,51.9143276592429,TRUE
"p392",7,51.4371729171279,TRUE
"p392",7.22222222222222,51.0293411431646,TRUE
"p392",7.44444444444444,50.6534423335606,TRUE
"p392",7.66666666666667,50.2275533465157,TRUE
"p392",7.88888888888889,49.9029603820701,TRUE
"p392",8.11111111111111,49.5840888598324,TRUE
"p392",8.33333333333333,49.2710953249164,TRUE
"p392",8.55555555555556,48.9810509220567,TRUE
"p392",8.77777777777778,48.7669090408189,TRUE
"p392",9,48.5471190309859,TRUE
"p392",9.22222222222222,48.3583456190512,TRUE
"p392",9.44444444444444,48.1790722964914,TRUE
"p392",9.66666666666667,48.0769661127365,TRUE
"p392",9.88888888888889,47.9660273475813,TRUE
"p392",10.1111111111111,47.8691448133149,TRUE
"p392",10.3333333333333,47.8424854813462,TRUE
"p392",10.5555555555556,47.8122405003104,TRUE
"p392",10.7777777777778,47.8148457107478,TRUE
"p392",11,47.8455866350819,TRUE
"p392",11.2222222222222,47.9299754617308,TRUE
"p392",11.4444444444444,48.0419304823422,TRUE
"p392",11.6666666666667,48.1552286379167,TRUE
"p392",11.8888888888889,48.3189890110765,TRUE
"p392",12.1111111111111,48.5064820199942,TRUE
"p392",12.3333333333333,48.7083076207397,TRUE
"p392",12.5555555555556,48.9632052522332,TRUE
"p392",12.7777777777778,49.1939675005995,TRUE
"p392",13,49.4897154235346,TRUE
"p392",13.2222222222222,49.806268951252,TRUE
"p392",13.4444444444444,50.1297207920275,TRUE
"p392",13.6666666666667,50.4569471975954,TRUE
"p392",13.8888888888889,50.8565928595502,TRUE
"p392",14.1111111111111,51.2494071328718,TRUE
"p392",14.3333333333333,51.7511185235733,TRUE
"p392",14.5555555555556,52.2400545753452,TRUE
"p392",14.7777777777778,52.7782304431454,TRUE
"p392",15,53.3214759713341,TRUE
"p392",15.2222222222222,53.8776249643161,TRUE
"p392",15.4444444444444,54.4841045566365,TRUE
"p392",15.6666666666667,55.1082203508963,TRUE
"p392",15.8888888888889,55.746075460975,TRUE
"p392",16.1111111111111,56.4481834813695,TRUE
"p392",16.3333333333333,57.1560594045578,TRUE
"p392",16.5555555555556,57.8921843522354,TRUE
"p392",16.7777777777778,58.6199216024369,TRUE
"p392",17,59.4069983011221,TRUE
"p392",17.2222222222222,60.2361621679659,TRUE
"p392",17.4444444444444,61.069892089687,TRUE
"p392",17.6666666666667,61.9387614979238,TRUE
"p392",17.8888888888889,62.8316860047598,TRUE
"p392",18.1111111111111,63.7692457328027,TRUE
"p392",18.3333333333333,64.7382909242472,TRUE
"p392",18.5555555555556,65.716446607034,TRUE
"p392",18.7777777777778,66.7400734957788,TRUE
"p392",19,67.7876386468295,TRUE
"p392",19.2222222222222,68.8453156052628,TRUE
"p392",19.4444444444444,69.9462990080938,TRUE
"p392",19.6666666666667,71.0958262965256,TRUE
"p392",19.8888888888889,72.1998515824034,TRUE
"p392",20.1111111111111,73.352707444805,TRUE
"p392",20.3333333333333,74.5527599769599,TRUE
"p392",20.5555555555556,75.771263134627,TRUE
"p392",20.7777777777778,77.042447627347,TRUE
"p392",21,78.3039336552267,TRUE
"p392",21.2222222222222,79.6112182479584,TRUE
"p392",21.4444444444444,80.9376946087745,TRUE
"p392",21.6666666666667,82.3130980219125,TRUE
"p392",21.8888888888889,83.6915484888573,TRUE
"p392",22.1111111111111,85.1178379147676,TRUE
"p392",22.3333333333333,86.6013826532096,TRUE
"p392",22.5555555555556,88.1236613623851,TRUE
"p392",22.7777777777778,89.6740910050735,TRUE
"p392",23,91.258399935927,TRUE
"p406",1,73.3728392090305,TRUE
"p406",1.22222222222222,72.2007263985199,TRUE
"p406",1.44444444444444,71.0094785265194,TRUE
"p406",1.66666666666667,69.8483897026395,TRUE
"p406",1.88888888888889,68.7434138789772,TRUE
"p406",2.11111111111111,67.6813355137508,TRUE
"p406",2.33333333333333,66.6331769984646,TRUE
"p406",2.55555555555556,65.6237827584839,TRUE
"p406",2.77777777777778,64.6302729715359,TRUE
"p406",3,63.6535961512625,TRUE
"p406",3.22222222222222,62.7371285521427,TRUE
"p406",3.44444444444444,61.7939622621937,TRUE
"p406",3.66666666666667,60.9192221138648,TRUE
"p406",3.88888888888889,60.0313887231189,TRUE
"p406",4.11111111111111,59.1975440652608,TRUE
"p406",4.33333333333333,58.4200743029576,TRUE
"p406",4.55555555555556,57.6388179033128,TRUE
"p406",4.77777777777778,56.8881422157939,TRUE
"p406",5,56.163980822938,TRUE
"p406",5.22222222222222,55.4865953975701,TRUE
"p406",5.44444444444444,54.8266818680396,TRUE
"p406",5.66666666666667,54.1910384690264,TRUE
"p406",5.88888888888889,53.5891429976976,TRUE
"p406",6.11111111111111,53.016577430064,TRUE
"p406",6.33333333333333,52.4611346290688,TRUE
"p406",6.55555555555556,51.9046598855273,TRUE
"p406",6.77777777777778,51.3822705323357,TRUE
"p406",7,50.9485650787306,TRUE
"p406",7.22222222222222,50.5780586796629,TRUE
"p406",7.44444444444444,50.1795473380147,TRUE
"p406",7.66666666666667,49.7997838952106,TRUE
"p406",7.88888888888889,49.4134903835927,TRUE
"p406",8.11111111111111,49.1021440523522,TRUE
"p406",8.33333333333333,48.7993029116648,TRUE
"p406",8.55555555555556,48.5390731541515,TRUE
"p406",8.77777777777778,48.3242707930889,TRUE
"p406",9,48.1214410020591,TRUE
"p406",9.22222222222222,47.9170872038243,TRUE
"p406",9.44444444444444,47.7491042704742,TRUE
"p406",9.66666666666667,47.605292420285,TRUE
"p406",9.88888888888889,47.4682439142568,TRUE
"p406",10.1111111111111,47.4110657956434,TRUE
"p406",10.3333333333333,47.3321725270383,TRUE
"p406",10.5555555555556,47.3156189848968,TRUE
"p406",10.7777777777778,47.3299774194507,TRUE
"p406",11,47.363718660693,TRUE
"p406",11.2222222222222,47.422533937325,TRUE
"p406",11.4444444444444,47.4969098781176,TRUE
"p406",11.6666666666667,47.6432675221471,TRUE
"p406",11.8888888888889,47.8179830578555,TRUE
"p406",12.1111111111111,48.0280725203984,TRUE
"p406",12.3333333333333,48.2579405528556,TRUE
"p406",12.5555555555556,48.4681772864066,TRUE
"p406",12.7777777777778,48.7383020799659,TRUE
"p406",13,48.991344620498,TRUE
"p406",13.2222222222222,49.2865809019204,TRUE
"p406",13.4444444444444,49.6234701950248,TRUE
"p406",13.6666666666667,49.9969058185769,TRUE
"p406",13.8888888888889,50.3874842908394,TRUE
"p406",14.1111111111111,50.8320184685477,TRUE
"p406",14.3333333333333,51.287631521907,TRUE
"p406",14.5555555555556,51.7783368177329,TRUE
"p406",14.7777777777778,52.2803116706867,TRUE
"p406",15,52.8039397705868,TRUE
"p406",15.2222222222222,53.3756696251909,TRUE
"p406",15.4444444444444,53.9862163385388,TRUE
"p406",15.6666666666667,54.6263711300823,TRUE
"p406",15.8888888888889,55.2686075582405,TRUE
"p406",16.1111111111111,55.9468487465351,TRUE
"p406",16.3333333333333,56.6741817113903,TRUE
"p406",16.5555555555556,57.387839863293,TRUE
"p406",16.7777777777778,58.1555107460204,TRUE
"p406",17,58.9712256881738,TRUE
"p406",17.2222222222222,59.7954655157267,TRUE
"p406",17.4444444444444,60.6334294245792,TRUE
"p406",17.6666666666667,61.4620694859586,TRUE
"p406",17.8888888888889,62.3439579771453,TRUE
"p406",18.1111111111111,63.2613108847188,TRUE
"p406",18.3333333333333,64.2512821099211,TRUE
"p406",18.5555555555556,65.2344661329046,TRUE
"p406",18.7777777777778,66.2281660750077,TRUE
"p406",19,67.2568439784408,TRUE
"p406",19.2222222222222,68.341518084732,TRUE
"p406",19.4444444444444,69.4440250721897,TRUE
"p406",19.6666666666667,70.5698936346232,TRUE
"p406",19.8888888888889,71.7256523002095,TRUE
"p406",20.1111111111111,72.8960448801432,TRUE
"p406",20.3333333333333,74.1006730452575,TRUE
"p406",20.5555555555556,75.316952334279,TRUE
"p406",20.7777777777778,76.5361489036946,TRUE
"p406",21,77.8375848131364,TRUE
"p406",21.2222222222222,79.1816535626052,TRUE
"p406",21.4444444444444,80.5310632930571,TRUE
"p406",21.6666666666667,81.9066035471712,TRUE
"p406",21.8888888888889,83.3132662142825,TRUE
"p406",22.1111111111111,84.7453815681367,TRUE
"p406",22.3333333333333,86.1940170818756,TRUE
"p406",22.5555555555556,87.6533436953873,TRUE
"p406",22.7777777777778,89.1789373382167,TRUE
"p406",23,90.7247407832646,TRUE
"p673",1,73.8965758187518,TRUE
"p673",1.22222222222222,72.6792095482668,TRUE
"p673",1.44444444444444,71.531473146089,TRUE
"p673",1.66666666666667,70.3572209749658,TRUE
"p673",1.88888888888889,69.2457523438454,TRUE
"p673",2.11111111111111,68.1703114244751,TRUE
"p673",2.33333333333333,67.0869705405856,TRUE
"p673",2.55555555555556,66.0332960143287,TRUE
"p673",2.77777777777778,65.0273941586686,TRUE
"p673",3,64.0115079626153,TRUE
"p673",3.22222222222222,63.0633554270049,TRUE
"p673",3.44444444444444,62.1283925720765,TRUE
"p673",3.66666666666667,61.2516722695577,TRUE
"p673",3.88888888888889,60.377070655239,TRUE
"p673",4.11111111111111,59.5709583989004,TRUE
"p673",4.33333333333333,58.7166777346624,TRUE
"p673",4.55555555555556,57.9425381589027,TRUE
"p673",4.77777777777778,57.1901672431862,TRUE
"p673",5,56.4266700640377,TRUE
"p673",5.22222222222222,55.7172866427364,TRUE
"p673",5.44444444444444,55.0353287870831,TRUE
"p673",5.66666666666667,54.3793400826749,TRUE
"p673",5.88888888888889,53.7822875145372,TRUE
"p673",6.11111111111111,53.1801036103601,TRUE
"p673",6.33333333333333,52.6045116873334,TRUE
"p673",6.55555555555556,52.0628074449289,TRUE
"p673",6.77777777777778,51.5537055980089,TRUE
"p673",7,51.0627180779328,TRUE
"p673",7.22222222222222,50.6390537929076,TRUE
"p673",7.44444444444444,50.2061625884004,TRUE
"p673",7.66666666666667,49.8337953987807,TRUE
"p673",7.88888888888889,49.4791713091098,TRUE
"p673",8.11111111111111,49.1724288498465,TRUE
"p673",8.33333333333333,48.8467541685325,TRUE
"p673",8.55555555555556,48.5724510301273,TRUE
"p673",8.77777777777778,48.317867500148,TRUE
"p673",9,48.0840126734717,TRUE
"p673",9.22222222222222,47.8806594903672,TRUE
"p673",9.44444444444444,47.7183538292397,TRUE
"p673",9.66666666666667,47.5989893794407,TRUE
"p673",9.88888888888889,47.4748986775817,TRUE
"p673",10.1111111111111,47.3630168433109,TRUE
"p673",10.3333333333333,47.2826961704172,TRUE
"p673",10.5555555555556,47.2428619661945,TRUE
"p673",10.7777777777778,47.2624330145498,TRUE
"p673",11,47.2699976532844,TRUE
"p673",11.2222222222222,47.3071362660286,TRUE
"p673",11.4444444444444,47.3788657302471,TRUE
"p673",11.6666666666667,47.5156061649738,TRUE
"p673",11.8888888888889,47.6572639808444,TRUE
"p673",12.1111111111111,47.845612081817,TRUE
"p673",12.3333333333333,48.0279253155752,TRUE
"p673",12.5555555555556,48.2383338613707,TRUE
"p673",12.7777777777778,48.4765331754201,TRUE
"p673",13,48.7800362508439,TRUE
"p673",13.2222222222222,49.0937634133784,TRUE
"p673",13.4444444444444,49.4355049312182,TRUE
"p673",13.6666666666667,49.7813213948271,TRUE
"p673",13.8888888888889,50.1646231407694,TRUE
"p673",14.1111111111111,50.5722355318339,TRUE
"p673",14.3333333333333,50.9884715487909,TRUE
"p673",14.5555555555556,51.4537871073552,TRUE
"p673",14.7777777777778,52.0047203680996,TRUE
"p673",15,52.552036691429,TRUE
"p673",15.2222222222222,53.1045101880489,TRUE
"p673",15.4444444444444,53.6887201186514,TRUE
"p673",15.6666666666667,54.2702785543752,TRUE
"p673",15.8888888888889,54.9383597654814,TRUE
"p673",16.1111111111111,55.5984142257931,TRUE
"p673",16.3333333333333,56.2910502943213,TRUE
"p673",16.5555555555556,57.0000930259419,TRUE
"p673",16.7777777777778,57.7346576970973,TRUE
"p673",17,58.5457941797449,TRUE
"p673",17.2222222222222,59.3450396348362,TRUE
"p673",17.4444444444444,60.1716153526796,TRUE
"p673",17.6666666666667,60.9918643977528,TRUE
"p673",17.8888888888889,61.8949130015559,TRUE
"p673",18.1111111111111,62.7833518880845,TRUE
"p673",18.3333333333333,63.7238928542864,TRUE
"p673",18.5555555555556,64.7025438656847,TRUE
"p673",18.7777777777778,65.6881450720653,TRUE
"p673",19,66.7262304311009,TRUE
"p673",19.2222222222222,67.8023661229963,TRUE
"p673",19.4444444444444,68.8678524915281,TRUE
"p673",19.6666666666667,69.9895801217513,TRUE
"p673",19.8888888888889,71.1321274102071,TRUE
"p673",20.1111111111111,72.318075933111,TRUE
"p673",20.3333333333333,73.5326322947208,TRUE
"p673",20.5555555555556,74.7380136358466,TRUE
"p673",20.7777777777778,76.0282499750195,TRUE
"p673",21,77.2846000229828,TRUE
"p673",21.2222222222222,78.5479253518599,TRUE
"p673",21.4444444444444,79.8967378376699,TRUE
"p673",21.6666666666667,81.2926651627274,TRUE
"p673",21.8888888888889,82.6694271690958,TRUE
"p673",22.1111111111111,84.0835232091511,TRUE
"p673",22.3333333333333,85.5166851056496,TRUE
"p673",22.5555555555556,87.0036602473216,TRUE
"p673",22.7777777777778,88.5321466691489,TRUE
"p673",23,90.0480910213489,TRUE
"p743",1,76.5627810829638,TRUE
"p743",1.22222222222222,75.385364017004,TRUE
"p743",1.44444444444444,74.2090019593937,TRUE
"p743",1.66666666666667,73.0669050662918,TRUE
"p743",1.88888888888889,71.9437395202707,TRUE
"p743",2.11111111111111,70.8480040080151,TRUE
"p743",2.33333333333333,69.7948918643787,TRUE
"p743",2.55555555555556,68.8157694981462,TRUE
"p743",2.77777777777778,67.7779339818293,TRUE
"p743",3,66.8161891060001,TRUE
"p743",3.22222222222222,65.843434396306,TRUE
"p743",3.44444444444444,64.928978102875,TRUE
"p743",3.66666666666667,64.0427858476597,TRUE
"p743",3.88888888888889,63.1813779645249,TRUE
"p743",4.11111111111111,62.3415918181296,TRUE
"p743",4.33333333333333,61.5432122804363,TRUE
"p743",4.55555555555556,60.7518588400106,TRUE
"p743",4.77777777777778,60.0469111100029,TRUE
"p743",5,59.3052211820418,TRUE
"p743",5.22222222222222,58.6403430438833,TRUE
"p743",5.44444444444444,57.9952430876175,TRUE
"p743",5.66666666666667,57.3862432946189,TRUE
"p743",5.88888888888889,56.7837018722393,TRUE
"p743",6.11111111111111,56.1877789601162,TRUE
"p743",6.33333333333333,55.6318798535983,TRUE
"p743",6.55555555555556,55.1147801616878,TRUE
"p743",6.77777777777778,54.6133690546283,TRUE
"p743",7,54.1560051495702,TRUE
"p743",7.22222222222222,53.7098287512987,TRUE
"p743",7.44444444444444,53.3044977116881,TRUE
"p743",7.66666666666667,52.8935208017897,TRUE
"p743",7.88888888888889,52.5350275572703,TRUE
"p743",8.11111111111111,52.2047140644378,TRUE
"p743",8.33333333333333,51.9112473363845,TRUE
"p743",8.55555555555556,51.6209278565496,TRUE
"p743",8.77777777777778,51.3693840231386,TRUE
"p743",9,51.1716831000528,TRUE
"p743",9.22222222222222,50.9707075996308,TRUE
"p743",9.44444444444444,50.8047260693934,TRUE
"p743",9.66666666666667,50.6675059803542,TRUE
"p743",9.88888888888889,50.5636110759123,TRUE
"p743",10.1111111111111,50.4809272817639,TRUE
"p743",10.3333333333333,50.401164963274,TRUE
"p743",10.5555555555556,50.3877354784303,TRUE
"p743",10.7777777777778,50.3777252266857,TRUE
"p743",11,50.4113999864058,TRUE
"p743",11.2222222222222,50.4878450664151,TRUE
"p743",11.4444444444444,50.5875817808245,TRUE
"p743",11.6666666666667,50.6922994548665,TRUE
"p743",11.8888888888889,50.8657915687368,TRUE
"p743",12.1111111111111,51.0487924656387,TRUE
"p743",12.3333333333333,51.2662306626742,TRUE
"p743",12.5555555555556,51.4912069936158,TRUE
"p743",12.7777777777778,51.7615996840395,TRUE
"p743",13,52.0222623549914,TRUE
"p743",13.2222222222222,52.3449211915156,TRUE
"p743",13.4444444444444,52.6869805374867,TRUE
"p743",13.6666666666667,53.0644823250887,TRUE
"p743",13.8888888888889,53.4211064702955,TRUE
"p743",14.1111111111111,53.8237171237435,TRUE
"p743",14.3333333333333,54.2988460168413,TRUE
"p743",14.5555555555556,54.8121567777667,TRUE
"p743",14.7777777777778,55.3132201461722,TRUE
"p743",15,55.8542640970205,TRUE
"p743",15.2222222222222,56.4129237915967,TRUE
"p743",15.4444444444444,56.9931717860978,TRUE
"p743",15.6666666666667,57.6146458842827,TRUE
"p743",15.8888888888889,58.2743973881309,TRUE
"p743",16.1111111111111,58.9357212145185,TRUE
"p743",16.3333333333333,59.6504171098801,TRUE
"p743",16.5555555555556,60.3615318008067,TRUE
"p743",16.7777777777778,61.1299956779088,TRUE
"p743",17,61.9338297074142,TRUE
"p743",17.2222222222222,62.7458006247344,TRUE
"p743",17.4444444444444,63.6091843273702,TRUE
"p743",17.6666666666667,64.4870174030043,TRUE
"p743",17.8888888888889,65.3888716901709,TRUE
"p743",18.1111111111111,66.2920115909368,TRUE
"p743",18.3333333333333,67.2634301244296,TRUE
"p743",18.5555555555556,68.2685812778928,TRUE
"p743",18.7777777777778,69.2722544993264,TRUE
"p743",19,70.2953242215895,TRUE
"p743",19.2222222222222,71.3553549922777,TRUE
"p743",19.4444444444444,72.4692247355277,TRUE
"p743",19.6666666666667,73.5862588018193,TRUE
"p743",19.8888888888889,74.7259011908489,TRUE
"p743",20.1111111111111,75.9275520477552,TRUE
"p743",20.3333333333333,77.1209962035147,TRUE
"p743",20.5555555555556,78.3476132482355,TRUE
"p743",20.7777777777778,79.6179236421785,TRUE
"p743",21,80.9010081397481,TRUE
"p743",21.2222222222222,82.2231631692471,TRUE
"p743",21.4444444444444,83.5535335656966,TRUE
"p743",21.6666666666667,84.930981879604,TRUE
"p743",21.8888888888889,86.3038329822498,TRUE
"p743",22.1111111111111,87.7571758711035,TRUE
"p743",22.3333333333333,89.1956721240897,TRUE
"p743",22.5555555555556,90.662646244119,TRUE
"p743",22.7777777777778,92.1673056773682,TRUE
"p743",23,93.6940418655985,TRUE
"r071",1,80.0432435023422,TRUE
"r071",1.22222222222222,78.8678971606118,TRUE
"r071",1.44444444444444,77.6765636929389,TRUE
"r071",1.66666666666667,76.5283946477944,TRUE
"r071",1.88888888888889,75.4078923157686,TRUE
"r071",2.11111111111111,74.2944049397601,TRUE
"r071",2.33333333333333,73.2205682008839,TRUE
"r071",2.55555555555556,72.2064151249297,TRUE
"r071",2.77777777777778,71.1971640285048,TRUE
"r071",3,70.196921731012,TRUE
"r071",3.22222222222222,69.2381569984956,TRUE
"r071",3.44444444444444,68.3011056806402,TRUE
"r071",3.66666666666667,67.3905886730683,TRUE
"r071",3.88888888888889,66.4936873116678,TRUE
"r071",4.11111111111111,65.6878298654199,TRUE
"r071",4.33333333333333,64.8720707794751,TRUE
"r071",4.55555555555556,64.1016703678625,TRUE
"r071",4.77777777777778,63.3186451339156,TRUE
"r071",5,62.6026738100802,TRUE
"r071",5.22222222222222,61.8838296772808,TRUE
"r071",5.44444444444444,61.1771957246742,TRUE
"r071",5.66666666666667,60.5133884396534,TRUE
"r071",5.88888888888889,59.9107324638546,TRUE
"r071",6.11111111111111,59.2966201576469,TRUE
"r071",6.33333333333333,58.7626853451079,TRUE
"r071",6.55555555555556,58.2073001646708,TRUE
"r071",6.77777777777778,57.6835919836474,TRUE
"r071",7,57.1960842792519,TRUE
"r071",7.22222222222222,56.7388701788179,TRUE
"r071",7.44444444444444,56.306580136946,TRUE
"r071",7.66666666666667,55.8817214038834,TRUE
"r071",7.88888888888889,55.4907459394612,TRUE
"r071",8.11111111111111,55.1606507782885,TRUE
"r071",8.33333333333333,54.821578518041,TRUE
"r071",8.55555555555556,54.5335719373416,TRUE
"r071",8.77777777777778,54.2605783296074,TRUE
"r071",9,54.0349270566269,TRUE
"r071",9.22222222222222,53.8558841716149,TRUE
"r071",9.44444444444444,53.681953054686,TRUE
"r071",9.66666666666667,53.5316264014554,TRUE
"r071",9.88888888888889,53.4267857764959,TRUE
"r071",10.1111111111111,53.3435697672269,TRUE
"r071",10.3333333333333,53.2872291726275,TRUE
"r071",10.5555555555556,53.2280433311382,TRUE
"r071",10.7777777777778,53.1975456879819,TRUE
"r071",11,53.2085999822696,TRUE
"r071",11.2222222222222,53.2410985722084,TRUE
"r071",11.4444444444444,53.3249620319079,TRUE
"r071",11.6666666666667,53.4332488103096,TRUE
"r071",11.8888888888889,53.5318000020628,TRUE
"r071",12.1111111111111,53.676325325761,TRUE
"r071",12.3333333333333,53.8728335294531,TRUE
"r071",12.5555555555556,54.0868716531368,TRUE
"r071",12.7777777777778,54.3335518809358,TRUE
"r071",13,54.6061614553614,TRUE
"r071",13.2222222222222,54.8842149390462,TRUE
"r071",13.4444444444444,55.1772288383401,TRUE
"r071",13.6666666666667,55.5030265109461,TRUE
"r071",13.8888888888889,55.8701452461039,TRUE
"r071",14.1111111111111,56.2923813374436,TRUE
"r071",14.3333333333333,56.7302411839467,TRUE
"r071",14.5555555555556,57.2120031456959,TRUE
"r071",14.7777777777778,57.7192218027739,TRUE
"r071",15,58.2514767700333,TRUE
"r071",15.2222222222222,58.8236651947062,TRUE
"r071",15.4444444444444,59.3934596301014,TRUE
"r071",15.6666666666667,59.9752070993736,TRUE
"r071",15.8888888888889,60.6271716912504,TRUE
"r071",16.1111111111111,61.2979684096525,TRUE
"r071",16.3333333333333,61.9870550724827,TRUE
"r071",16.5555555555556,62.7205869987014,TRUE
"r071",16.7777777777778,63.4647762605554,TRUE
"r071",17,64.2050290500671,TRUE
"r071",17.2222222222222,64.9913965321079,TRUE
"r071",17.4444444444444,65.8205604004701,TRUE
"r071",17.6666666666667,66.7023220926762,TRUE
"r071",17.8888888888889,67.5649781054149,TRUE
"r071",18.1111111111111,68.4598498928771,TRUE
"r071",18.3333333333333,69.3917473630747,TRUE
"r071",18.5555555555556,70.3666115076896,TRUE
"r071",18.7777777777778,71.3811482410498,TRUE
"r071",19,72.4256184314133,TRUE
"r071",19.2222222222222,73.4877834689634,TRUE
"r071",19.4444444444444,74.5490686338108,TRUE
"r071",19.6666666666667,75.6510468631006,TRUE
"r071",19.8888888888889,76.7549120830899,TRUE
"r071",20.1111111111111,77.9297719757608,TRUE
"r071",20.3333333333333,79.0972015785085,TRUE
"r071",20.5555555555556,80.3200993660108,TRUE
"r071",20.7777777777778,81.5848578600752,TRUE
"r071",21,82.8504637196415,TRUE
"r071",21.2222222222222,84.1488751795463,TRUE
"r071",21.4444444444444,85.481163332201,TRUE
"r071",21.6666666666667,86.801016264599,TRUE
"r071",21.8888888888889,88.1948184170656,TRUE
"r071",22.1111111111111,89.6030424904642,TRUE
"r071",22.3333333333333,91.0383153733986,TRUE
"r071",22.5555555555556,92.5134995828965,TRUE
"r071",22.7777777777778,94.0309363115368,TRUE
"r071",23,95.5456636126958,TRUE
"r919",1,81.4934279299306,TRUE
"r919",1.22222222222222,80.2779367382336,TRUE
"r919",1.44444444444444,79.1123951347555,TRUE
"r919",1.66666666666667,77.9368902932295,TRUE
"r919",1.88888888888889,76.813772696341,TRUE
"r919",2.11111111111111,75.7285453607755,TRUE
"r919",2.33333333333333,74.6409075886625,TRUE
"r919",2.55555555555556,73.5544298413384,TRUE
"r919",2.77777777777778,72.5408254115017,TRUE
"r919",3,71.5508519042473,TRUE
"r919",3.22222222222222,70.5828472943733,TRUE
"r919",3.44444444444444,69.6254385825457,TRUE
"r919",3.66666666666667,68.7016453118547,TRUE
"r919",3.88888888888889,67.8327621984085,TRUE
"r919",4.11111111111111,66.9954280326178,TRUE
"r919",4.33333333333333,66.1828316533896,TRUE
"r919",4.55555555555556,65.403073929977,TRUE
"r919",4.77777777777778,64.6321156086762,TRUE
"r919",5,63.9056497422872,TRUE
"r919",5.22222222222222,63.2150980526758,TRUE
"r919",5.44444444444444,62.5388802328321,TRUE
"r919",5.66666666666667,61.8916863825066,TRUE
"r919",5.88888888888889,61.254859093191,TRUE
"r919",6.11111111111111,60.6268369818378,TRUE
"r919",6.33333333333333,60.0608346988546,TRUE
"r919",6.55555555555556,59.5320021184587,TRUE
"r919",6.77777777777778,58.9732913114885,TRUE
"r919",7,58.5221567491938,TRUE
"r919",7.22222222222222,58.0142317818502,TRUE
"r919",7.44444444444444,57.5563500673993,TRUE
"r919",7.66666666666667,57.1443574513697,TRUE
"r919",7.88888888888889,56.7627187217358,TRUE
"r919",8.11111111111111,56.4143079561979,TRUE
"r919",8.33333333333333,56.0950734768772,TRUE
"r919",8.55555555555556,55.8017324153276,TRUE
"r919",8.77777777777778,55.5120090988625,TRUE
"r919",9,55.3100891144774,TRUE
"r919",9.22222222222222,55.0792337375093,TRUE
"r919",9.44444444444444,54.911549629218,TRUE
"r919",9.66666666666667,54.7347356262978,TRUE
"r919",9.88888888888889,54.6435193861609,TRUE
"r919",10.1111111111111,54.5667107641389,TRUE
"r919",10.3333333333333,54.5143297616789,TRUE
"r919",10.5555555555556,54.4728399068095,TRUE
"r919",10.7777777777778,54.485581044062,TRUE
"r919",11,54.5065197291937,TRUE
"r919",11.2222222222222,54.549284850092,TRUE
"r919",11.4444444444444,54.5873941740819,TRUE
"r919",11.6666666666667,54.6714492559953,TRUE
"r919",11.8888888888889,54.7989861081291,TRUE
"r919",12.1111111111111,54.928931719199,TRUE
"r919",12.3333333333333,55.1207763252447,TRUE
"r919",12.5555555555556,55.3172297305172,TRUE
"r919",12.7777777777778,55.561673338293,TRUE
"r919",13,55.8373882699854,TRUE
"r919",13.2222222222222,56.111331917325,TRUE
"r919",13.4444444444444,56.4020439670008,TRUE
"r919",13.6666666666667,56.7170586686918,TRUE
"r919",13.8888888888889,57.0971695931062,TRUE
"r919",14.1111111111111,57.4996447133426,TRUE
"r919",14.3333333333333,57.9265729635271,TRUE
"r919",14.5555555555556,58.3658505563648,TRUE
"r919",14.7777777777778,58.8516977685359,TRUE
"r919",15,59.3707869694831,TRUE
"r919",15.2222222222222,59.9169497452599,TRUE
"r919",15.4444444444444,60.4848794726182,TRUE
"r919",15.6666666666667,61.0773438085747,TRUE
"r919",15.8888888888889,61.6921834404815,TRUE
"r919",16.1111111111111,62.3533724688373,TRUE
"r919",16.3333333333333,63.0259425975423,TRUE
"r919",16.5555555555556,63.7275119020454,TRUE
"r919",16.7777777777778,64.4583957904965,TRUE
"r919",17,65.2245468570371,TRUE
"r919",17.2222222222222,66.0293453907606,TRUE
"r919",17.4444444444444,66.8816986271031,TRUE
"r919",17.6666666666667,67.7631982620422,TRUE
"r919",17.8888888888889,68.6417420280617,TRUE
"r919",18.1111111111111,69.5520313096025,TRUE
"r919",18.3333333333333,70.479713009665,TRUE
"r919",18.5555555555556,71.4445511211139,TRUE
"r919",18.7777777777778,72.4414064197978,TRUE
"r919",19,73.4520857941005,TRUE
"r919",19.2222222222222,74.4804178895162,TRUE
"r919",19.4444444444444,75.5651525441598,TRUE
"r919",19.6666666666667,76.6363093078459,TRUE
"r919",19.8888888888889,77.7464795005654,TRUE
"r919",20.1111111111111,78.9395715061062,TRUE
"r919",20.3333333333333,80.1067880808792,TRUE
"r919",20.5555555555556,81.3181709985105,TRUE
"r919",20.7777777777778,82.5760419302872,TRUE
"r919",21,83.823601621812,TRUE
"r919",21.2222222222222,85.1202510235556,TRUE
"r919",21.4444444444444,86.4568012523337,TRUE
"r919",21.6666666666667,87.7997583048039,TRUE
"r919",21.8888888888889,89.2149797564588,TRUE
"r919",22.1111111111111,90.6357763294654,TRUE
"r919",22.3333333333333,92.0890291981457,TRUE
"r919",22.5555555555556,93.5785898817033,TRUE
"r919",22.7777777777778,95.08358285451,TRUE
"r919",23,96.5942100640361,TRUE
"s122",1,75.903954337662,TRUE
"s122",1.22222222222222,74.6803068397159,TRUE
"s122",1.44444444444444,73.4780268586258,TRUE
"s122",1.66666666666667,72.3610513229844,TRUE
"s122",1.88888888888889,71.2515907138076,TRUE
"s122",2.11111111111111,70.1707934503839,TRUE
"s122",2.33333333333333,69.1412364449253,TRUE
"s122",2.55555555555556,68.0910785907831,TRUE
"s122",2.77777777777778,67.0718933824854,TRUE
"s122",3,66.081531235497,TRUE
"s122",3.22222222222222,65.0943867593042,TRUE
"s122",3.44444444444444,64.1537345500641,TRUE
"s122",3.66666666666667,63.252450059856,TRUE
"s122",3.88888888888889,62.4160101059339,TRUE
"s122",4.11111111111111,61.5851563329692,TRUE
"s122",4.33333333333333,60.8134561984711,TRUE
"s122",4.55555555555556,59.9961040691626,TRUE
"s122",4.77777777777778,59.2283596871667,TRUE
"s122",5,58.4742401573038,TRUE
"s122",5.22222222222222,57.7640104260754,TRUE
"s122",5.44444444444444,57.0994579392035,TRUE
"s122",5.66666666666667,56.4250901548056,TRUE
"s122",5.88888888888889,55.8042258190271,TRUE
"s122",6.11111111111111,55.1910501513012,TRUE
"s122",6.33333333333333,54.6079236847497,TRUE
"s122",6.55555555555556,54.0765591694823,TRUE
"s122",6.77777777777778,53.5735274445643,TRUE
"s122",7,53.1058997321731,TRUE
"s122",7.22222222222222,52.6502583248274,TRUE
"s122",7.44444444444444,52.2365330852806,TRUE
"s122",7.66666666666667,51.8110243906294,TRUE
"s122",7.88888888888889,51.4203375929499,TRUE
"s122",8.11111111111111,51.0686020884439,TRUE
"s122",8.33333333333333,50.7563562282648,TRUE
"s122",8.55555555555556,50.4592058182255,TRUE
"s122",8.77777777777778,50.1972413590844,TRUE
"s122",9,49.9746600672947,TRUE
"s122",9.22222222222222,49.7678046863158,TRUE
"s122",9.44444444444444,49.6202908589334,TRUE
"s122",9.66666666666667,49.4982423199879,TRUE
"s122",9.88888888888889,49.3909948045322,TRUE
"s122",10.1111111111111,49.3036698290084,TRUE
"s122",10.3333333333333,49.2445628950528,TRUE
"s122",10.5555555555556,49.2279954796746,TRUE
"s122",10.7777777777778,49.2507804699846,TRUE
"s122",11,49.282050291688,TRUE
"s122",11.2222222222222,49.3337346967726,TRUE
"s122",11.4444444444444,49.4194333358497,TRUE
"s122",11.6666666666667,49.5347017726769,TRUE
"s122",11.8888888888889,49.6714357002398,TRUE
"s122",12.1111111111111,49.8403661593293,TRUE
"s122",12.3333333333333,50.0560576474513,TRUE
"s122",12.5555555555556,50.2941241108641,TRUE
"s122",12.7777777777778,50.5415003366881,TRUE
"s122",13,50.8443966276476,TRUE
"s122",13.2222222222222,51.1341626377685,TRUE
"s122",13.4444444444444,51.4894690183571,TRUE
"s122",13.6666666666667,51.8355213674248,TRUE
"s122",13.8888888888889,52.2389420630554,TRUE
"s122",14.1111111111111,52.6711893712686,TRUE
"s122",14.3333333333333,53.1160467295724,TRUE
"s122",14.5555555555556,53.5824865693167,TRUE
"s122",14.7777777777778,54.0719645393009,TRUE
"s122",15,54.5871507408101,TRUE
"s122",15.2222222222222,55.1575961884343,TRUE
"s122",15.4444444444444,55.7600855862397,TRUE
"s122",15.6666666666667,56.3903684688668,TRUE
"s122",15.8888888888889,57.0184140529486,TRUE
"s122",16.1111111111111,57.6987026244734,TRUE
"s122",16.3333333333333,58.3914791051188,TRUE
"s122",16.5555555555556,59.1025086022253,TRUE
"s122",16.7777777777778,59.8213458051746,TRUE
"s122",17,60.6353988314007,TRUE
"s122",17.2222222222222,61.4810288876756,TRUE
"s122",17.4444444444444,62.2877785924918,TRUE
"s122",17.6666666666667,63.1945732896761,TRUE
"s122",17.8888888888889,64.1039343816109,TRUE
"s122",18.1111111111111,65.0171549129686,TRUE
"s122",18.3333333333333,66.0171787126847,TRUE
"s122",18.5555555555556,67.0148390346102,TRUE
"s122",18.7777777777778,68.0201648682861,TRUE
"s122",19,69.085517149486,TRUE
"s122",19.2222222222222,70.1834427993081,TRUE
"s122",19.4444444444444,71.2542850969543,TRUE
"s122",19.6666666666667,72.3934200918261,TRUE
"s122",19.8888888888889,73.5260980554824,TRUE
"s122",20.1111111111111,74.710661120969,TRUE
"s122",20.3333333333333,75.9161224946472,TRUE
"s122",20.5555555555556,77.1330520372069,TRUE
"s122",20.7777777777778,78.3925471772936,TRUE
"s122",21,79.6582752196296,TRUE
"s122",21.2222222222222,80.9697522943339,TRUE
"s122",21.4444444444444,82.3158303344013,TRUE
"s122",21.6666666666667,83.671676295437,TRUE
"s122",21.8888888888889,85.0732767217586,TRUE
"s122",22.1111111111111,86.4627371690986,TRUE
"s122",22.3333333333333,87.9274032602344,TRUE
"s122",22.5555555555556,89.4156162552902,TRUE
"s122",22.7777777777778,90.9385750797414,TRUE
"s122",23,92.4665158915907,TRUE
"s124",1,77.1924189186801,TRUE
"s124",1.22222222222222,75.978855098853,TRUE
"s124",1.44444444444444,74.8114836207374,TRUE
"s124",1.66666666666667,73.6727973987274,TRUE
"s124",1.88888888888889,72.5560772001181,TRUE
"s124",2.11111111111111,71.4501253398584,TRUE
"s124",2.33333333333333,70.3753922101745,TRUE
"s124",2.55555555555556,69.3330658415349,TRUE
"s124",2.77777777777778,68.3367099500573,TRUE
"s124",3,67.3419123152545,TRUE
"s124",3.22222222222222,66.3691390204145,TRUE
"s124",3.44444444444444,65.4556947887492,TRUE
"s124",3.66666666666667,64.5259502563429,TRUE
"s124",3.88888888888889,63.6763071370788,TRUE
"s124",4.11111111111111,62.8419236619719,TRUE
"s124",4.33333333333333,62.0221799248994,TRUE
"s124",4.55555555555556,61.259335309372,TRUE
"s124",4.77777777777778,60.5250428092622,TRUE
"s124",5,59.818834842385,TRUE
"s124",5.22222222222222,59.121521545266,TRUE
"s124",5.44444444444444,58.4160641472868,TRUE
"s124",5.66666666666667,57.7723831154617,TRUE
"s124",5.88888888888889,57.1542504151371,TRUE
"s124",6.11111111111111,56.5604663215086,TRUE
"s124",6.33333333333333,55.9611243837375,TRUE
"s124",6.55555555555556,55.40766498833,TRUE
"s124",6.77777777777778,54.8998181801098,TRUE
"s124",7,54.3785430182733,TRUE
"s124",7.22222222222222,53.9103198040299,TRUE
"s124",7.44444444444444,53.4872898629004,TRUE
"s124",7.66666666666667,53.1298977953177,TRUE
"s124",7.88888888888889,52.7580452215678,TRUE
"s124",8.11111111111111,52.4040485526025,TRUE
"s124",8.33333333333333,52.078953379477,TRUE
"s124",8.55555555555556,51.8175330560561,TRUE
"s124",8.77777777777778,51.5455061848113,TRUE
"s124",9,51.3608050272765,TRUE
"s124",9.22222222222222,51.1658599330908,TRUE
"s124",9.44444444444444,51.0072834107332,TRUE
"s124",9.66666666666667,50.8556024249301,TRUE
"s124",9.88888888888889,50.7351857184294,TRUE
"s124",10.1111111111111,50.6318486148045,TRUE
"s124",10.3333333333333,50.5693203733993,TRUE
"s124",10.5555555555556,50.5143858553729,TRUE
"s124",10.7777777777778,50.4696210897064,TRUE
"s124",11,50.4910779651586,TRUE
"s124",11.2222222222222,50.5662451506839,TRUE
"s124",11.4444444444444,50.6503340928927,TRUE
"s124",11.6666666666667,50.7586821449657,TRUE
"s124",11.8888888888889,50.8846890008397,TRUE
"s124",12.1111111111111,51.0538217110697,TRUE
"s124",12.3333333333333,51.2487274676834,TRUE
"s124",12.5555555555556,51.4467691550327,TRUE
"s124",12.7777777777778,51.7077658997388,TRUE
"s124",13,51.9806386659715,TRUE
"s124",13.2222222222222,52.2728752244912,TRUE
"s124",13.4444444444444,52.6236333671033,TRUE
"s124",13.6666666666667,53.0108249519992,TRUE
"s124",13.8888888888889,53.3816568614322,TRUE
"s124",14.1111111111111,53.7610773247704,TRUE
"s124",14.3333333333333,54.1891862094275,TRUE
"s124",14.5555555555556,54.6497582430607,TRUE
"s124",14.7777777777778,55.147544412193,TRUE
"s124",15,55.6611792889996,TRUE
"s124",15.2222222222222,56.2078422289932,TRUE
"s124",15.4444444444444,56.8210628973273,TRUE
"s124",15.6666666666667,57.4563164996068,TRUE
"s124",15.8888888888889,58.1110350712154,TRUE
"s124",16.1111111111111,58.7779050242946,TRUE
"s124",16.3333333333333,59.4641179274067,TRUE
"s124",16.5555555555556,60.2033034310546,TRUE
"s124",16.7777777777778,60.9535958808775,TRUE
"s124",17,61.7378148106194,TRUE
"s124",17.2222222222222,62.5749788275866,TRUE
"s124",17.4444444444444,63.3875746466795,TRUE
"s124",17.6666666666667,64.2675477004573,TRUE
"s124",17.8888888888889,65.144824391937,TRUE
"s124",18.1111111111111,66.0935159463608,TRUE
"s124",18.3333333333333,67.0288669501987,TRUE
"s124",18.5555555555556,68.0033372374588,TRUE
"s124",18.7777777777778,69.0160291687602,TRUE
"s124",19,70.0532219387447,TRUE
"s124",19.2222222222222,71.1213704482969,TRUE
"s124",19.4444444444444,72.2182833779078,TRUE
"s124",19.6666666666667,73.3221226670861,TRUE
"s124",19.8888888888889,74.4659975023636,TRUE
"s124",20.1111111111111,75.6153526826732,TRUE
"s124",20.3333333333333,76.8196840854663,TRUE
"s124",20.5555555555556,78.0464033922486,TRUE
"s124",20.7777777777778,79.2766597173537,TRUE
"s124",21,80.5426381625463,TRUE
"s124",21.2222222222222,81.8414239837578,TRUE
"s124",21.4444444444444,83.1910757534421,TRUE
"s124",21.6666666666667,84.547081987883,TRUE
"s124",21.8888888888889,85.9144235628197,TRUE
"s124",22.1111111111111,87.3729800344309,TRUE
"s124",22.3333333333333,88.8049573676265,TRUE
"s124",22.5555555555556,90.2827669734586,TRUE
"s124",22.7777777777778,91.7849147582398,TRUE
"s124",23,93.308417210089,TRUE
"t040",1,72.9470056172289,TRUE
"t040",1.22222222222222,71.80737266629,TRUE
"t040",1.44444444444444,70.651668750811,TRUE
"t040",1.66666666666667,69.5170082011964,TRUE
"t040",1.88888888888889,68.4479340153491,TRUE
"t040",2.11111111111111,67.401404340139,TRUE
"t040",2.33333333333333,66.4034902698509,TRUE
"t040",2.55555555555556,65.4252316531523,TRUE
"t040",2.77777777777778,64.45849537282,TRUE
"t040",3,63.5205870763012,TRUE
"t040",3.22222222222222,62.5906226410905,TRUE
"t040",3.44444444444444,61.738495590089,TRUE
"t040",3.66666666666667,60.9323960243652,TRUE
"t040",3.88888888888889,60.0994446219562,TRUE
"t040",4.11111111111111,59.2962632089852,TRUE
"t040",4.33333333333333,58.5251039824217,TRUE
"t040",4.55555555555556,57.8059545200873,TRUE
"t040",4.77777777777778,57.0454941836833,TRUE
"t040",5,56.3708597436026,TRUE
"t040",5.22222222222222,55.714209044069,TRUE
"t040",5.44444444444444,55.1013227481123,TRUE
"t040",5.66666666666667,54.4910241159719,TRUE
"t040",5.88888888888889,53.8907170991117,TRUE
"t040",6.11111111111111,53.3631408447861,TRUE
"t040",6.33333333333333,52.8503470793183,TRUE
"t040",6.55555555555556,52.3175416320028,TRUE
"t040",6.77777777777778,51.8546252919568,TRUE
"t040",7,51.4491685637618,TRUE
"t040",7.22222222222222,51.0690345093677,TRUE
"t040",7.44444444444444,50.7153015117121,TRUE
"t040",7.66666666666667,50.3552807218061,TRUE
"t040",7.88888888888889,50.0293703156712,TRUE
"t040",8.11111111111111,49.7370083556912,TRUE
"t040",8.33333333333333,49.4522585341338,TRUE
"t040",8.55555555555556,49.2337505291794,TRUE
"t040",8.77777777777778,49.0014801932055,TRUE
"t040",9,48.8443814301132,TRUE
"t040",9.22222222222222,48.7149735390762,TRUE
"t040",9.44444444444444,48.5923757161128,TRUE
"t040",9.66666666666667,48.4836173160118,TRUE
"t040",9.88888888888889,48.3966170587677,TRUE
"t040",10.1111111111111,48.3824075104818,TRUE
"t040",10.3333333333333,48.3699939520237,TRUE
"t040",10.5555555555556,48.3672680745514,TRUE
"t040",10.7777777777778,48.4437124351713,TRUE
"t040",11,48.5156741815234,TRUE
"t040",11.2222222222222,48.5834653547958,TRUE
"t040",11.4444444444444,48.7031132790172,TRUE
"t040",11.6666666666667,48.8433275254344,TRUE
"t040",11.8888888888889,49.0126417927835,TRUE
"t040",12.1111111111111,49.2034941214994,TRUE
"t040",12.3333333333333,49.4324092874416,TRUE
"t040",12.5555555555556,49.7030301686058,TRUE
"t040",12.7777777777778,49.9934718150893,TRUE
"t040",13,50.3133189719351,TRUE
"t040",13.2222222222222,50.6675837081476,TRUE
"t040",13.4444444444444,51.0528029887975,TRUE
"t040",13.6666666666667,51.4797780147732,TRUE
"t040",13.8888888888889,51.9437987107659,TRUE
"t040",14.1111111111111,52.4359082779697,TRUE
"t040",14.3333333333333,52.9381175267034,TRUE
"t040",14.5555555555556,53.4713608577204,TRUE
"t040",14.7777777777778,54.0627268221298,TRUE
"t040",15,54.6308666501844,TRUE
"t040",15.2222222222222,55.2445820513395,TRUE
"t040",15.4444444444444,55.8932546842373,TRUE
"t040",15.6666666666667,56.5352050230001,TRUE
"t040",15.8888888888889,57.2093098030361,TRUE
"t040",16.1111111111111,57.9201492294106,TRUE
"t040",16.3333333333333,58.6811161490401,TRUE
"t040",16.5555555555556,59.4436236130356,TRUE
"t040",16.7777777777778,60.2642622540375,TRUE
"t040",17,61.0872434064669,TRUE
"t040",17.2222222222222,61.9483630093934,TRUE
"t040",17.4444444444444,62.8417881714666,TRUE
"t040",17.6666666666667,63.7535181478358,TRUE
"t040",17.8888888888889,64.6703391586627,TRUE
"t040",18.1111111111111,65.6481655373702,TRUE
"t040",18.3333333333333,66.651723965093,TRUE
"t040",18.5555555555556,67.6472630574402,TRUE
"t040",18.7777777777778,68.7164492681354,TRUE
"t040",19,69.8027149555835,TRUE
"t040",19.2222222222222,70.8847177563917,TRUE
"t040",19.4444444444444,72.0270351673987,TRUE
"t040",19.6666666666667,73.2216980719027,TRUE
"t040",19.8888888888889,74.3913218822343,TRUE
"t040",20.1111111111111,75.6009801816031,TRUE
"t040",20.3333333333333,76.8627063990263,TRUE
"t040",20.5555555555556,78.1082996055246,TRUE
"t040",20.7777777777778,79.4420144619467,TRUE
"t040",21,80.7523160132296,TRUE
"t040",21.2222222222222,82.1206070967097,TRUE
"t040",21.4444444444444,83.5142029546897,TRUE
"t040",21.6666666666667,84.8905706091981,TRUE
"t040",21.8888888888889,86.3538604865338,TRUE
"t040",22.1111111111111,87.8204364907193,TRUE
"t040",22.3333333333333,89.3213663211099,TRUE
"t040",22.5555555555556,90.827857114168,TRUE
"t040",22.7777777777778,92.4002701665197,TRUE
"t040",23,94.0066579810809,TRUE
"t925",1,73.6314715232231,TRUE
"t925",1.22222222222222,72.271857947434,TRUE
"t925",1.44444444444444,70.9590002058916,TRUE
"t925",1.66666666666667,69.6638316009453,TRUE
"t925",1.88888888888889,68.3697654488833,TRUE
"t925",2.11111111111111,67.1261633077713,TRUE
"t925",2.33333333333333,65.922703924103,TRUE
"t925",2.55555555555556,64.7419508897192,TRUE
"t925",2.77777777777778,63.5716878865394,TRUE
"t925",3,62.4555952123402,TRUE
"t925",3.22222222222222,61.3270940838423,TRUE
"t925",3.44444444444444,60.273576135321,TRUE
"t925",3.66666666666667,59.2027821859091,TRUE
"t925",3.88888888888889,58.1628302699984,TRUE
"t925",4.11111111111111,57.1592830763807,TRUE
"t925",4.33333333333333,56.1745499519084,TRUE
"t925",4.55555555555556,55.2335864736063,TRUE
"t925",4.77777777777778,54.334352946087,TRUE
"t925",5,53.4511456501162,TRUE
"t925",5.22222222222222,52.5731143337231,TRUE
"t925",5.44444444444444,51.7544391565896,TRUE
"t925",5.66666666666667,50.9569802202862,TRUE
"t925",5.88888888888889,50.212229621099,TRUE
"t925",6.11111111111111,49.4874693972492,TRUE
"t925",6.33333333333333,48.7781981641458,TRUE
"t925",6.55555555555556,48.08598549146,TRUE
"t925",6.77777777777778,47.4271509701655,TRUE
"t925",7,46.7888546017849,TRUE
"t925",7.22222222222222,46.1815445336841,TRUE
"t925",7.44444444444444,45.6119412883309,TRUE
"t925",7.66666666666667,45.0683153757568,TRUE
"t925",7.88888888888889,44.545374314437,TRUE
"t925",8.11111111111111,44.049896728159,TRUE
"t925",8.33333333333333,43.5581857599225,TRUE
"t925",8.55555555555556,43.1078685418074,TRUE
"t925",8.77777777777778,42.7089215535282,TRUE
"t925",9,42.3070746621247,TRUE
"t925",9.22222222222222,41.9652417920243,TRUE
"t925",9.44444444444444,41.6356922063783,TRUE
"t925",9.66666666666667,41.3289692867873,TRUE
"t925",9.88888888888889,41.077230332074,TRUE
"t925",10.1111111111111,40.8301084839526,TRUE
"t925",10.3333333333333,40.6002887473459,TRUE
"t925",10.5555555555556,40.4271159951353,TRUE
"t925",10.7777777777778,40.2974125903635,TRUE
"t925",11,40.1596204938186,TRUE
"t925",11.2222222222222,40.0600363916275,TRUE
"t925",11.4444444444444,39.9765234501031,TRUE
"t925",11.6666666666667,39.9219652592994,TRUE
"t925",11.8888888888889,39.8918702145161,TRUE
"t925",12.1111111111111,39.8907980914763,TRUE
"t925",12.3333333333333,39.9411495991054,TRUE
"t925",12.5555555555556,40.0339966881729,TRUE
"t925",12.7777777777778,40.146794568239,TRUE
"t925",13,40.2815456415702,TRUE
"t925",13.2222222222222,40.4351106321488,TRUE
"t925",13.4444444444444,40.6175847641959,TRUE
"t925",13.6666666666667,40.8257481901234,TRUE
"t925",13.8888888888889,41.048245337794,TRUE
"t925",14.1111111111111,41.3174735331593,TRUE
"t925",14.3333333333333,41.6476751130515,TRUE
"t925",14.5555555555556,41.9639433662647,TRUE
"t925",14.7777777777778,42.3047065697909,TRUE
"t925",15,42.6952986066699,TRUE
"t925",15.2222222222222,43.103606465786,TRUE
"t925",15.4444444444444,43.5436306111768,TRUE
"t925",15.6666666666667,44.0352153330998,TRUE
"t925",15.8888888888889,44.5241088393666,TRUE
"t925",16.1111111111111,45.0437215140508,TRUE
"t925",16.3333333333333,45.5794352150045,TRUE
"t925",16.5555555555556,46.1459922720192,TRUE
"t925",16.7777777777778,46.7253297009984,TRUE
"t925",17,47.3309088572018,TRUE
"t925",17.2222222222222,47.9791138821924,TRUE
"t925",17.4444444444444,48.6777769261502,TRUE
"t925",17.6666666666667,49.356128874294,TRUE
"t925",17.8888888888889,50.0656523767048,TRUE
"t925",18.1111111111111,50.8086389439776,TRUE
"t925",18.3333333333333,51.6081657153822,TRUE
"t925",18.5555555555556,52.4222417110871,TRUE
"t925",18.7777777777778,53.2898816238698,TRUE
"t925",19,54.1261800598975,TRUE
"t925",19.2222222222222,55.0368726631982,TRUE
"t925",19.4444444444444,55.9575979171159,TRUE
"t925",19.6666666666667,56.9311354751212,TRUE
"t925",19.8888888888889,57.9432792295835,TRUE
"t925",20.1111111111111,58.9788604247988,TRUE
"t925",20.3333333333333,60.0397919997616,TRUE
"t925",20.5555555555556,61.1324895537545,TRUE
"t925",20.7777777777778,62.2206901952611,TRUE
"t925",21,63.3467507725429,TRUE
"t925",21.2222222222222,64.5409652519638,TRUE
"t925",21.4444444444444,65.7217865993377,TRUE
"t925",21.6666666666667,66.9398002454177,TRUE
"t925",21.8888888888889,68.2109097998754,TRUE
"t925",22.1111111111111,69.4867064322464,TRUE
"t925",22.3333333333333,70.7651928958792,TRUE
"t925",22.5555555555556,72.0994933545285,TRUE
"t925",22.7777777777778,73.4429483119081,TRUE
"t925",23,74.8373389680072,TRUE
"u062",1,74.5708428929477,TRUE
"u062",1.22222222222222,73.3517745013427,TRUE
"u062",1.44444444444444,72.1800287721892,TRUE
"u062",1.66666666666667,71.0202914577114,TRUE
"u062",1.88888888888889,69.8867224868196,TRUE
"u062",2.11111111111111,68.8017779009266,TRUE
"u062",2.33333333333333,67.7571122449001,TRUE
"u062",2.55555555555556,66.6809242031249,TRUE
"u062",2.77777777777778,65.6733457310087,TRUE
"u062",3,64.6572625468184,TRUE
"u062",3.22222222222222,63.6692668946598,TRUE
"u062",3.44444444444444,62.7407468432806,TRUE
"u062",3.66666666666667,61.8364871953601,TRUE
"u062",3.88888888888889,60.9409027338702,TRUE
"u062",4.11111111111111,60.1115978199329,TRUE
"u062",4.33333333333333,59.2876504990595,TRUE
"u062",4.55555555555556,58.437063944785,TRUE
"u062",4.77777777777778,57.6498848756189,TRUE
"u062",5,56.9081968553322,TRUE
"u062",5.22222222222222,56.191269302724,TRUE
"u062",5.44444444444444,55.5074303631171,TRUE
"u062",5.66666666666667,54.8556469934176,TRUE
"u062",5.88888888888889,54.2089641754622,TRUE
"u062",6.11111111111111,53.5899173683397,TRUE
"u062",6.33333333333333,53.0093510437154,TRUE
"u062",6.55555555555556,52.4634065034832,TRUE
"u062",6.77777777777778,51.9601441200728,TRUE
"u062",7,51.5076114553519,TRUE
"u062",7.22222222222222,51.0632502593689,TRUE
"u062",7.44444444444444,50.6041294088148,TRUE
"u062",7.66666666666667,50.1917094591433,TRUE
"u062",7.88888888888889,49.813429131358,TRUE
"u062",8.11111111111111,49.4924557575414,TRUE
"u062",8.33333333333333,49.1842556245189,TRUE
"u062",8.55555555555556,48.9237203963815,TRUE
"u062",8.77777777777778,48.6469038492085,TRUE
"u062",9,48.4248841487176,TRUE
"u062",9.22222222222222,48.2023188661954,TRUE
"u062",9.44444444444444,48.0218557440923,TRUE
"u062",9.66666666666667,47.8626269207702,TRUE
"u062",9.88888888888889,47.7132549783858,TRUE
"u062",10.1111111111111,47.623183362323,TRUE
"u062",10.3333333333333,47.5429256876765,TRUE
"u062",10.5555555555556,47.5010410829955,TRUE
"u062",10.7777777777778,47.4958757526409,TRUE
"u062",11,47.5133189791544,TRUE
"u062",11.2222222222222,47.5539540952404,TRUE
"u062",11.4444444444444,47.612331680646,TRUE
"u062",11.6666666666667,47.7087834331613,TRUE
"u062",11.8888888888889,47.831509134695,TRUE
"u062",12.1111111111111,47.9878302261995,TRUE
"u062",12.3333333333333,48.1553110113689,TRUE
"u062",12.5555555555556,48.3601515855063,TRUE
"u062",12.7777777777778,48.6171390851639,TRUE
"u062",13,48.8996623956036,TRUE
"u062",13.2222222222222,49.1816844193767,TRUE
"u062",13.4444444444444,49.4964613858463,TRUE
"u062",13.6666666666667,49.8655936603723,TRUE
"u062",13.8888888888889,50.2324213462502,TRUE
"u062",14.1111111111111,50.6464225833056,TRUE
"u062",14.3333333333333,51.0652578938302,TRUE
"u062",14.5555555555556,51.5454669314042,TRUE
"u062",14.7777777777778,52.0677480385866,TRUE
"u062",15,52.5900831327967,TRUE
"u062",15.2222222222222,53.1360269434094,TRUE
"u062",15.4444444444444,53.6923499980951,TRUE
"u062",15.6666666666667,54.270391747195,TRUE
"u062",15.8888888888889,54.8998541242802,TRUE
"u062",16.1111111111111,55.5851860363968,TRUE
"u062",16.3333333333333,56.2733646746927,TRUE
"u062",16.5555555555556,57.0202790664641,TRUE
"u062",16.7777777777778,57.7304385364397,TRUE
"u062",17,58.483660824797,TRUE
"u062",17.2222222222222,59.288259311479,TRUE
"u062",17.4444444444444,60.1488745937935,TRUE
"u062",17.6666666666667,61.037125134853,TRUE
"u062",17.8888888888889,61.9184192315903,TRUE
"u062",18.1111111111111,62.8615658331803,TRUE
"u062",18.3333333333333,63.8187371032895,TRUE
"u062",18.5555555555556,64.7999240616678,TRUE
"u062",18.7777777777778,65.8109051005103,TRUE
"u062",19,66.7992339925195,TRUE
"u062",19.2222222222222,67.8392447629512,TRUE
"u062",19.4444444444444,68.8982112466458,TRUE
"u062",19.6666666666667,69.9807375576527,TRUE
"u062",19.8888888888889,71.1136154579984,TRUE
"u062",20.1111111111111,72.3071475178798,TRUE
"u062",20.3333333333333,73.492671728454,TRUE
"u062",20.5555555555556,74.6874065761702,TRUE
"u062",20.7777777777778,75.9070414063984,TRUE
"u062",21,77.1821548222063,TRUE
"u062",21.2222222222222,78.4656353280535,TRUE
"u062",21.4444444444444,79.7723149162199,TRUE
"u062",21.6666666666667,81.1067400662907,TRUE
"u062",21.8888888888889,82.4658059997497,TRUE
"u062",22.1111111111111,83.8510205135229,TRUE
"u062",22.3333333333333,85.2813914420826,TRUE
"u062",22.5555555555556,86.706393705358,TRUE
"u062",22.7777777777778,88.1519088481045,TRUE
"u062",23,89.6707532175592,TRUE
"u318",1,70.1561450681148,TRUE
"u318",1.22222222222222,68.9349830945656,TRUE
"u318",1.44444444444444,67.80459000042,TRUE
"u318",1.66666666666667,66.621294924082,TRUE
"u318",1.88888888888889,65.490000233029,TRUE
"u318",2.11111111111111,64.377577349603,TRUE
"u318",2.33333333333333,63.3278568499817,TRUE
"u318",2.55555555555556,62.2831404166174,TRUE
"u318",2.77777777777778,61.2921379560976,TRUE
"u318",3,60.3068914369893,TRUE
"u318",3.22222222222222,59.3765016421124,TRUE
"u318",3.44444444444444,58.4340015775308,TRUE
"u318",3.66666666666667,57.5563685853561,TRUE
"u318",3.88888888888889,56.6814240613706,TRUE
"u318",4.11111111111111,55.8360592582439,TRUE
"u318",4.33333333333333,55.0121857896167,TRUE
"u318",4.55555555555556,54.2111642219969,TRUE
"u318",4.77777777777778,53.4524920354639,TRUE
"u318",5,52.7192792931417,TRUE
"u318",5.22222222222222,52.0251986421593,TRUE
"u318",5.44444444444444,51.3564059618209,TRUE
"u318",5.66666666666667,50.7148437320929,TRUE
"u318",5.88888888888889,50.1195844183497,TRUE
"u318",6.11111111111111,49.5408155817975,TRUE
"u318",6.33333333333333,49.0120573564441,TRUE
"u318",6.55555555555556,48.4742431257123,TRUE
"u318",6.77777777777778,47.9773692063225,TRUE
"u318",7,47.5049604348845,TRUE
"u318",7.22222222222222,47.0644889095012,TRUE
"u318",7.44444444444444,46.6467170000928,TRUE
"u318",7.66666666666667,46.2466859885356,TRUE
"u318",7.88888888888889,45.8900353634204,TRUE
"u318",8.11111111111111,45.5624089142284,TRUE
"u318",8.33333333333333,45.2641893695381,TRUE
"u318",8.55555555555556,44.9837486706687,TRUE
"u318",8.77777777777778,44.7332735727007,TRUE
"u318",9,44.5253570578149,TRUE
"u318",9.22222222222222,44.3142167650101,TRUE
"u318",9.44444444444444,44.1416661562541,TRUE
"u318",9.66666666666667,44.0185444524668,TRUE
"u318",9.88888888888889,43.921506363024,TRUE
"u318",10.1111111111111,43.8429599407955,TRUE
"u318",10.3333333333333,43.7916040909565,TRUE
"u318",10.5555555555556,43.7588863011334,TRUE
"u318",10.7777777777778,43.7697169008394,TRUE
"u318",11,43.8000346248377,TRUE
"u318",11.2222222222222,43.8783947250046,TRUE
"u318",11.4444444444444,43.9768502285345,TRUE
"u318",11.6666666666667,44.1180744476418,TRUE
"u318",11.8888888888889,44.2924245328762,TRUE
"u318",12.1111111111111,44.4441519780986,TRUE
"u318",12.3333333333333,44.6552549048341,TRUE
"u318",12.5555555555556,44.8675889737053,TRUE
"u318",12.7777777777778,45.1216484393498,TRUE
"u318",13,45.4000494189391,TRUE
"u318",13.2222222222222,45.7000834185234,TRUE
"u318",13.4444444444444,46.0428209556494,TRUE
"u318",13.6666666666667,46.3799488760195,TRUE
"u318",13.8888888888889,46.7627890181606,TRUE
"u318",14.1111111111111,47.1400199199655,TRUE
"u318",14.3333333333333,47.5951119371655,TRUE
"u318",14.5555555555556,48.0755985344451,TRUE
"u318",14.7777777777778,48.5910987728696,TRUE
"u318",15,49.1362748520603,TRUE
"u318",15.2222222222222,49.690942911346,TRUE
"u318",15.4444444444444,50.2851889978146,TRUE
"u318",15.6666666666667,50.9173239738609,TRUE
"u318",15.8888888888889,51.5518003951644,TRUE
"u318",16.1111111111111,52.2383869306063,TRUE
"u318",16.3333333333333,52.9046200320268,TRUE
"u318",16.5555555555556,53.6381389796811,TRUE
"u318",16.7777777777778,54.3748934034486,TRUE
"u318",17,55.1810111251072,TRUE
"u318",17.2222222222222,55.9728441125053,TRUE
"u318",17.4444444444444,56.8309374307205,TRUE
"u318",17.6666666666667,57.7106228632369,TRUE
"u318",17.8888888888889,58.6054791410696,TRUE
"u318",18.1111111111111,59.507937902709,TRUE
"u318",18.3333333333333,60.4381815452556,TRUE
"u318",18.5555555555556,61.4186120996429,TRUE
"u318",18.7777777777778,62.3969921645083,TRUE
"u318",19,63.4206379087403,TRUE
"u318",19.2222222222222,64.5030005453209,TRUE
"u318",19.4444444444444,65.5648642510487,TRUE
"u318",19.6666666666667,66.6599951867817,TRUE
"u318",19.8888888888889,67.8147522166322,TRUE
"u318",20.1111111111111,68.9941255897875,TRUE
"u318",20.3333333333333,70.1670957317696,TRUE
"u318",20.5555555555556,71.380534520485,TRUE
"u318",20.7777777777778,72.6254964184021,TRUE
"u318",21,73.9383508185961,TRUE
"u318",21.2222222222222,75.2503891181642,TRUE
"u318",21.4444444444444,76.597621443413,TRUE
"u318",21.6666666666667,77.9857502922645,TRUE
"u318",21.8888888888889,79.3859022718657,TRUE
"u318",22.1111111111111,80.791597655673,TRUE
"u318",22.3333333333333,82.2559015983296,TRUE
"u318",22.5555555555556,83.7550150094534,TRUE
"u318",22.7777777777778,85.2780718152752,TRUE
"u318",23,86.795513550364,TRUE
"u382",1,73.5801875193677,TRUE
"u382",1.22222222222222,72.3908942153441,TRUE
"u382",1.44444444444444,71.1993544726497,TRUE
"u382",1.66666666666667,70.0828737414408,TRUE
"u382",1.88888888888889,68.9629606458244,TRUE
"u382",2.11111111111111,67.8647136220317,TRUE
"u382",2.33333333333333,66.759174709767,TRUE
"u382",2.55555555555556,65.7387731863135,TRUE
"u382",2.77777777777778,64.7235304316543,TRUE
"u382",3,63.7554369601833,TRUE
"u382",3.22222222222222,62.827022752003,TRUE
"u382",3.44444444444444,61.8608852897309,TRUE
"u382",3.66666666666667,60.9461205023947,TRUE
"u382",3.88888888888889,60.0816808424876,TRUE
"u382",4.11111111111111,59.2689988289466,TRUE
"u382",4.33333333333333,58.4793340354571,TRUE
"u382",4.55555555555556,57.6759474355214,TRUE
"u382",4.77777777777778,56.9035642502296,TRUE
"u382",5,56.1517721016273,TRUE
"u382",5.22222222222222,55.4528020359915,TRUE
"u382",5.44444444444444,54.8046097280384,TRUE
"u382",5.66666666666667,54.1457068593633,TRUE
"u382",5.88888888888889,53.5479522587792,TRUE
"u382",6.11111111111111,52.990734544732,TRUE
"u382",6.33333333333333,52.4232771909848,TRUE
"u382",6.55555555555556,51.8712004852105,TRUE
"u382",6.77777777777778,51.3377645926462,TRUE
"u382",7,50.8853592090777,TRUE
"u382",7.22222222222222,50.4291001502979,TRUE
"u382",7.44444444444444,49.9837651503969,TRUE
"u382",7.66666666666667,49.6139392073832,TRUE
"u382",7.88888888888889,49.240292780099,TRUE
"u382",8.11111111111111,48.8919867094365,TRUE
"u382",8.33333333333333,48.5879127201834,TRUE
"u382",8.55555555555556,48.3227051788968,TRUE
"u382",8.77777777777778,48.0728515614932,TRUE
"u382",9,47.8466712885457,TRUE
"u382",9.22222222222222,47.6403464637559,TRUE
"u382",9.44444444444444,47.4815212988871,TRUE
"u382",9.66666666666667,47.3287615563843,TRUE
"u382",9.88888888888889,47.2582665328212,TRUE
"u382",10.1111111111111,47.1828567855341,TRUE
"u382",10.3333333333333,47.116131062333,TRUE
"u382",10.5555555555556,47.1073373353552,TRUE
"u382",10.7777777777778,47.1155389549682,TRUE
"u382",11,47.1477357448542,TRUE
"u382",11.2222222222222,47.2072143656299,TRUE
"u382",11.4444444444444,47.2552628778343,TRUE
"u382",11.6666666666667,47.3496921863322,TRUE
"u382",11.8888888888889,47.4924382446803,TRUE
"u382",12.1111111111111,47.6642098935649,TRUE
"u382",12.3333333333333,47.8258522993814,TRUE
"u382",12.5555555555556,48.0558846200177,TRUE
"u382",12.7777777777778,48.3024443437239,TRUE
"u382",13,48.5389837446982,TRUE
"u382",13.2222222222222,48.8605847615738,TRUE
"u382",13.4444444444444,49.2015349958709,TRUE
"u382",13.6666666666667,49.5794363939452,TRUE
"u382",13.8888888888889,49.9419669100016,TRUE
"u382",14.1111111111111,50.3776403104185,TRUE
"u382",14.3333333333333,50.8299865958868,TRUE
"u382",14.5555555555556,51.3109993625554,TRUE
"u382",14.7777777777778,51.8077944389775,TRUE
"u382",15,52.333118317881,TRUE
"u382",15.2222222222222,52.8858557214695,TRUE
"u382",15.4444444444444,53.4988139635009,TRUE
"u382",15.6666666666667,54.1124440627008,TRUE
"u382",15.8888888888889,54.7582854004028,TRUE
"u382",16.1111111111111,55.4424023775894,TRUE
"u382",16.3333333333333,56.1207435507147,TRUE
"u382",16.5555555555556,56.8732254160349,TRUE
"u382",16.7777777777778,57.6240952550874,TRUE
"u382",17,58.4122005957674,TRUE
"u382",17.2222222222222,59.1892765255501,TRUE
"u382",17.4444444444444,60.0558756269323,TRUE
"u382",17.6666666666667,60.8937871679128,TRUE
"u382",17.8888888888889,61.8084069160205,TRUE
"u382",18.1111111111111,62.747766350314,TRUE
"u382",18.3333333333333,63.6809835812917,TRUE
"u382",18.5555555555556,64.6361133125972,TRUE
"u382",18.7777777777778,65.6793118230575,TRUE
"u382",19,66.7050510990143,TRUE
"u382",19.2222222222222,67.7388694058623,TRUE
"u382",19.4444444444444,68.8099902181995,TRUE
"u382",19.6666666666667,69.9261922428652,TRUE
"u382",19.8888888888889,71.0555133473335,TRUE
"u382",20.1111111111111,72.2355714606907,TRUE
"u382",20.3333333333333,73.4372753836852,TRUE
"u382",20.5555555555556,74.6861254618446,TRUE
"u382",20.7777777777778,75.9592954555222,TRUE
"u382",21,77.265927592202,TRUE
"u382",21.2222222222222,78.5391503434791,TRUE
"u382",21.4444444444444,79.8692321771209,TRUE
"u382",21.6666666666667,81.2051661134938,TRUE
"u382",21.8888888888889,82.5842194921003,TRUE
"u382",22.1111111111111,84.0402940432148,TRUE
"u382",22.3333333333333,85.4841798965381,TRUE
"u382",22.5555555555556,86.9734933780274,TRUE
"u382",22.7777777777778,88.4937578567653,TRUE
"u382",23,90.0132066809349,TRUE
"u834",1,76.2123484133872,TRUE
"u834",1.22222222222222,74.9787095909021,TRUE
"u834",1.44444444444444,73.7681737090142,TRUE
"u834",1.66666666666667,72.6050926314393,TRUE
"u834",1.88888888888889,71.4184973819666,TRUE
"u834",2.11111111111111,70.2883419571112,TRUE
"u834",2.33333333333333,69.1818255814386,TRUE
"u834",2.55555555555556,68.0889862497253,TRUE
"u834",2.77777777777778,67.0541218469928,TRUE
"u834",3,66.0303541056995,TRUE
"u834",3.22222222222222,65.0601673537534,TRUE
"u834",3.44444444444444,64.0993976672644,TRUE
"u834",3.66666666666667,63.1624279694082,TRUE
"u834",3.88888888888889,62.2596804695584,TRUE
"u834",4.11111111111111,61.355635959852,TRUE
"u834",4.33333333333333,60.5013928908031,TRUE
"u834",4.55555555555556,59.7020835903048,TRUE
"u834",4.77777777777778,58.9453524124981,TRUE
"u834",5,58.1876881225882,TRUE
"u834",5.22222222222222,57.4490773040962,TRUE
"u834",5.44444444444444,56.7716159436597,TRUE
"u834",5.66666666666667,56.1077853033754,TRUE
"u834",5.88888888888889,55.4632328436789,TRUE
"u834",6.11111111111111,54.8338173823885,TRUE
"u834",6.33333333333333,54.2512024408117,TRUE
"u834",6.55555555555556,53.7042470741281,TRUE
"u834",6.77777777777778,53.1776094415185,TRUE
"u834",7,52.6770841770062,TRUE
"u834",7.22222222222222,52.1911701686556,TRUE
"u834",7.44444444444444,51.7579491099077,TRUE
"u834",7.66666666666667,51.3038785908451,TRUE
"u834",7.88888888888889,50.9069286224147,TRUE
"u834",8.11111111111111,50.529166955843,TRUE
"u834",8.33333333333333,50.1849563485757,TRUE
"u834",8.55555555555556,49.8910195096606,TRUE
"u834",8.77777777777778,49.602857750413,TRUE
"u834",9,49.3532657360578,TRUE
"u834",9.22222222222222,49.1012013077138,TRUE
"u834",9.44444444444444,48.8901877978894,TRUE
"u834",9.66666666666667,48.7178718793824,TRUE
"u834",9.88888888888889,48.5701965996362,TRUE
"u834",10.1111111111111,48.4488299547511,TRUE
"u834",10.3333333333333,48.3734543669434,TRUE
"u834",10.5555555555556,48.3264170059394,TRUE
"u834",10.7777777777778,48.2964688490592,TRUE
"u834",11,48.290690203009,TRUE
"u834",11.2222222222222,48.3475777940404,TRUE
"u834",11.4444444444444,48.4099508831601,TRUE
"u834",11.6666666666667,48.5069059892289,TRUE
"u834",11.8888888888889,48.6077840672214,TRUE
"u834",12.1111111111111,48.7662260862662,TRUE
"u834",12.3333333333333,48.9172641520197,TRUE
"u834",12.5555555555556,49.1145427163795,TRUE
"u834",12.7777777777778,49.3323015836921,TRUE
"u834",13,49.5470067866123,TRUE
"u834",13.2222222222222,49.793557807564,TRUE
"u834",13.4444444444444,50.0792247220517,TRUE
"u834",13.6666666666667,50.3958336746209,TRUE
"u834",13.8888888888889,50.756695558655,TRUE
"u834",14.1111111111111,51.2004235401795,TRUE
"u834",14.3333333333333,51.6299810030775,TRUE
"u834",14.5555555555556,52.0915552938395,TRUE
"u834",14.7777777777778,52.5450886447206,TRUE
"u834",15,53.0272292297701,TRUE
"u834",15.2222222222222,53.5633691685741,TRUE
"u834",15.4444444444444,54.1292119775789,TRUE
"u834",15.6666666666667,54.7342690577647,TRUE
"u834",15.8888888888889,55.3640361807427,TRUE
"u834",16.1111111111111,56.0077662986357,TRUE
"u834",16.3333333333333,56.6695344176182,TRUE
"u834",16.5555555555556,57.3374021380218,TRUE
"u834",16.7777777777778,58.0841787361456,TRUE
"u834",17,58.8283565813071,TRUE
"u834",17.2222222222222,59.6206884456708,TRUE
"u834",17.4444444444444,60.3873303235906,TRUE
"u834",17.6666666666667,61.234326617261,TRUE
"u834",17.8888888888889,62.0880755268455,TRUE
"u834",18.1111111111111,62.9895456034745,TRUE
"u834",18.3333333333333,63.9062234033597,TRUE
"u834",18.5555555555556,64.8806686914563,TRUE
"u834",18.7777777777778,65.8444641119394,TRUE
"u834",19,66.8671007626373,TRUE
"u834",19.2222222222222,67.9290185646671,TRUE
"u834",19.4444444444444,68.9913274132477,TRUE
"u834",19.6666666666667,70.0491469216474,TRUE
"u834",19.8888888888889,71.1670390351507,TRUE
"u834",20.1111111111111,72.3275392100122,TRUE
"u834",20.3333333333333,73.4709716300938,TRUE
"u834",20.5555555555556,74.6403201478992,TRUE
"u834",20.7777777777778,75.8687350317395,TRUE
"u834",21,77.1131711626502,TRUE
"u834",21.2222222222222,78.4266497715038,TRUE
"u834",21.4444444444444,79.7325849985747,TRUE
"u834",21.6666666666667,81.0570167135819,TRUE
"u834",21.8888888888889,82.4237168000321,TRUE
"u834",22.1111111111111,83.8077188416066,TRUE
"u834",22.3333333333333,85.2269616538873,TRUE
"u834",22.5555555555556,86.6875651128433,TRUE
"u834",22.7777777777778,88.2050895365666,TRUE
"u834",23,89.6913018248272,TRUE
"w070",1,75.1959074198255,TRUE
"w070",1.22222222222222,73.9449234586644,TRUE
"w070",1.44444444444444,72.7448015226332,TRUE
"w070",1.66666666666667,71.5507056239592,TRUE
"w070",1.88888888888889,70.4215794181138,TRUE
"w070",2.11111111111111,69.2938690379296,TRUE
"w070",2.33333333333333,68.2097932334386,TRUE
"w070",2.55555555555556,67.2024774621606,TRUE
"w070",2.77777777777778,66.1997637045348,TRUE
"w070",3,65.2054162602307,TRUE
"w070",3.22222222222222,64.2151605658109,TRUE
"w070",3.44444444444444,63.2843855984315,TRUE
"w070",3.66666666666667,62.3585086799041,TRUE
"w070",3.88888888888889,61.4658550463874,TRUE
"w070",4.11111111111111,60.6401756587005,TRUE
"w070",4.33333333333333,59.842806472725,TRUE
"w070",4.55555555555556,59.0147139432558,TRUE
"w070",4.77777777777778,58.2625919502426,TRUE
"w070",5,57.4956067264397,TRUE
"w070",5.22222222222222,56.8109320485097,TRUE
"w070",5.44444444444444,56.1549723776174,TRUE
"w070",5.66666666666667,55.4838460694043,TRUE
"w070",5.88888888888889,54.848288368642,TRUE
"w070",6.11111111111111,54.2343604371336,TRUE
"w070",6.33333333333333,53.6418978984623,TRUE
"w070",6.55555555555556,53.0828771507607,TRUE
"w070",6.77777777777778,52.5266308167956,TRUE
"w070",7,52.041708794973,TRUE
"w070",7.22222222222222,51.5779610178625,TRUE
"w070",7.44444444444444,51.1312304396117,TRUE
"w070",7.66666666666667,50.7400104569576,TRUE
"w070",7.88888888888889,50.3163140403495,TRUE
"w070",8.11111111111111,49.9870730814777,TRUE
"w070",8.33333333333333,49.6757675170523,TRUE
"w070",8.55555555555556,49.3679166937523,TRUE
"w070",8.77777777777778,49.0867058315615,TRUE
"w070",9,48.8494769531081,TRUE
"w070",9.22222222222222,48.6565467771715,TRUE
"w070",9.44444444444444,48.4493561881432,TRUE
"w070",9.66666666666667,48.2845257653993,TRUE
"w070",9.88888888888889,48.134359518965,TRUE
"w070",10.1111111111111,48.0134345768082,TRUE
"w070",10.3333333333333,47.9518649391767,TRUE
"w070",10.5555555555556,47.9296386139252,TRUE
"w070",10.7777777777778,47.9128617719579,TRUE
"w070",11,47.9461344911604,TRUE
"w070",11.2222222222222,48.0189756202291,TRUE
"w070",11.4444444444444,48.1008258969007,TRUE
"w070",11.6666666666667,48.1973822201527,TRUE
"w070",11.8888888888889,48.3369206425239,TRUE
"w070",12.1111111111111,48.4904676952551,TRUE
"w070",12.3333333333333,48.6753912317927,TRUE
"w070",12.5555555555556,48.8836724985798,TRUE
"w070",12.7777777777778,49.1391868552995,TRUE
"w070",13,49.3731937322164,TRUE
"w070",13.2222222222222,49.6735735610333,TRUE
"w070",13.4444444444444,49.9656713795949,TRUE
"w070",13.6666666666667,50.3000147563624,TRUE
"w070",13.8888888888889,50.6684929614288,TRUE
"w070",14.1111111111111,51.0699894947392,TRUE
"w070",14.3333333333333,51.5116065533859,TRUE
"w070",14.5555555555556,51.981755064146,TRUE
"w070",14.7777777777778,52.4908160423909,TRUE
"w070",15,52.9930277444859,TRUE
"w070",15.2222222222222,53.5092762976285,TRUE
"w070",15.4444444444444,54.0855161679964,TRUE
"w070",15.6666666666667,54.686849554713,TRUE
"w070",15.8888888888889,55.2951079408324,TRUE
"w070",16.1111111111111,55.9565635680356,TRUE
"w070",16.3333333333333,56.6272072666942,TRUE
"w070",16.5555555555556,57.3525461101442,TRUE
"w070",16.7777777777778,58.1042561404262,TRUE
"w070",17,58.8439571626023,TRUE
"w070",17.2222222222222,59.6376002964102,TRUE
"w070",17.4444444444444,60.4841649085445,TRUE
"w070",17.6666666666667,61.3237042001813,TRUE
"w070",17.8888888888889,62.2238617985066,TRUE
"w070",18.1111111111111,63.1077592811058,TRUE
"w070",18.3333333333333,64.0291323264277,TRUE
"w070",18.5555555555556,64.9816019213284,TRUE
"w070",18.7777777777778,65.967127607308,TRUE
"w070",19,67.022896472246,TRUE
"w070",19.2222222222222,68.0622006344107,TRUE
"w070",19.4444444444444,69.1095006563876,TRUE
"w070",19.6666666666667,70.2480607289034,TRUE
"w070",19.8888888888889,71.3422005842314,TRUE
"w070",20.1111111111111,72.4867770702666,TRUE
"w070",20.3333333333333,73.6974150805796,TRUE
"w070",20.5555555555556,74.9156388175387,TRUE
"w070",20.7777777777778,76.1616221575167,TRUE
"w070",21,77.4534862213428,TRUE
"w070",21.2222222222222,78.7522951382424,TRUE
"w070",21.4444444444444,80.0957885370657,TRUE
"w070",21.6666666666667,81.4420017485547,TRUE
"w070",21.8888888888889,82.8228609638122,TRUE
"w070",22.1111111111111,84.2190711653169,TRUE
"w070",22.3333333333333,85.6529532609244,TRUE
"w070",22.5555555555556,87.1417927228515,TRUE
"w070",22.7777777777778,88.6223216102848,TRUE
"w070",23,90.1326773673414,TRUE
"w098",1,79.3147888640815,TRUE
"w098",1.22222222222222,78.1142015834084,TRUE
"w098",1.44444444444444,76.9304516144096,TRUE
"w098",1.66666666666667,75.7800008766039,TRUE
"w098",1.88888888888889,74.6553962721789,TRUE
"w098",2.11111111111111,73.5869374291748,TRUE
"w098",2.33333333333333,72.5564623267947,TRUE
"w098",2.55555555555556,71.5436170646032,TRUE
"w098",2.77777777777778,70.5446652325239,TRUE
"w098",3,69.6134965393485,TRUE
"w098",3.22222222222222,68.6547142944041,TRUE
"w098",3.44444444444444,67.7479262573496,TRUE
"w098",3.66666666666667,66.8547008019145,TRUE
"w098",3.88888888888889,66.0056358900657,TRUE
"w098",4.11111111111111,65.1795877597371,TRUE
"w098",4.33333333333333,64.3835122800359,TRUE
"w098",4.55555555555556,63.5987918101326,TRUE
"w098",4.77777777777778,62.8435985943108,TRUE
"w098",5,62.1480358360127,TRUE
"w098",5.22222222222222,61.4292037160233,TRUE
"w098",5.44444444444444,60.7685318291138,TRUE
"w098",5.66666666666667,60.1323043831831,TRUE
"w098",5.88888888888889,59.5391623276421,TRUE
"w098",6.11111111111111,58.9708334304129,TRUE
"w098",6.33333333333333,58.3986500195846,TRUE
"w098",6.55555555555556,57.907739927244,TRUE
"w098",6.77777777777778,57.4060768907975,TRUE
"w098",7,56.9543833722726,TRUE
"w098",7.22222222222222,56.499294619264,TRUE
"w098",7.44444444444444,56.0999096619588,TRUE
"w098",7.66666666666667,55.7023820380532,TRUE
"w098",7.88888888888889,55.3308743916801,TRUE
"w098",8.11111111111111,54.9926961238704,TRUE
"w098",8.33333333333333,54.6730306384429,TRUE
"w098",8.55555555555556,54.400969109072,TRUE
"w098",8.77777777777778,54.1527765886489,TRUE
"w098",9,53.948748076297,TRUE
"w098",9.22222222222222,53.7406447446443,TRUE
"w098",9.44444444444444,53.5818264740514,TRUE
"w098",9.66666666666667,53.4606913458627,TRUE
"w098",9.88888888888889,53.3868173606433,TRUE
"w098",10.1111111111111,53.340570544257,TRUE
"w098",10.3333333333333,53.262392830302,TRUE
"w098",10.5555555555556,53.2403005274689,TRUE
"w098",10.7777777777778,53.2364690281353,TRUE
"w098",11,53.2533512679171,TRUE
"w098",11.2222222222222,53.3355755760572,TRUE
"w098",11.4444444444444,53.412781832567,TRUE
"w098",11.6666666666667,53.5550535211227,TRUE
"w098",11.8888888888889,53.7042773558126,TRUE
"w098",12.1111111111111,53.9133054720287,TRUE
"w098",12.3333333333333,54.1176993153024,TRUE
"w098",12.5555555555556,54.3601203585335,TRUE
"w098",12.7777777777778,54.6380959312329,TRUE
"w098",13,54.9348333845964,TRUE
"w098",13.2222222222222,55.2605385125647,TRUE
"w098",13.4444444444444,55.5899036196473,TRUE
"w098",13.6666666666667,55.9558733355109,TRUE
"w098",13.8888888888889,56.3731291291567,TRUE
"w098",14.1111111111111,56.8016270899266,TRUE
"w098",14.3333333333333,57.2531000864213,TRUE
"w098",14.5555555555556,57.7143592733149,TRUE
"w098",14.7777777777778,58.2286519965231,TRUE
"w098",15,58.7517945505429,TRUE
"w098",15.2222222222222,59.325771036239,TRUE
"w098",15.4444444444444,59.9246714337785,TRUE
"w098",15.6666666666667,60.5721639581917,TRUE
"w098",15.8888888888889,61.2383917796133,TRUE
"w098",16.1111111111111,61.931401497186,TRUE
"w098",16.3333333333333,62.6459222686287,TRUE
"w098",16.5555555555556,63.3751650856166,TRUE
"w098",16.7777777777778,64.12897446422,TRUE
"w098",17,64.9319972227942,TRUE
"w098",17.2222222222222,65.7266775896811,TRUE
"w098",17.4444444444444,66.5695139385859,TRUE
"w098",17.6666666666667,67.4450422455224,TRUE
"w098",17.8888888888889,68.3392001935097,TRUE
"w098",18.1111111111111,69.2721046924573,TRUE
"w098",18.3333333333333,70.2435480219615,TRUE
"w098",18.5555555555556,71.2259951705948,TRUE
"w098",18.7777777777778,72.2738457632321,TRUE
"w098",19,73.3120241275103,TRUE
"w098",19.2222222222222,74.3868584056464,TRUE
"w098",19.4444444444444,75.4688899756039,TRUE
"w098",19.6666666666667,76.6002314120799,TRUE
"w098",19.8888888888889,77.75121163198,TRUE
"w098",20.1111111111111,78.9700874642322,TRUE
"w098",20.3333333333333,80.1815249915044,TRUE
"w098",20.5555555555556,81.3857387270461,TRUE
"w098",20.7777777777778,82.6375556177175,TRUE
"w098",21,83.9546063909416,TRUE
"w098",21.2222222222222,85.2906167669429,TRUE
"w098",21.4444444444444,86.6298714053245,TRUE
"w098",21.6666666666667,88.0333488414495,TRUE
"w098",21.8888888888889,89.42952020651,TRUE
"w098",22.1111111111111,90.9003993065604,TRUE
"w098",22.3333333333333,92.3744563081083,TRUE
"w098",22.5555555555556,93.8737237226862,TRUE
"w098",22.7777777777778,95.4015567407986,TRUE
"w098",23,96.9403568729448,TRUE
"w379",1,77.642750982073,TRUE
"w379",1.22222222222222,76.4710230380254,TRUE
"w379",1.44444444444444,75.3140985398023,TRUE
"w379",1.66666666666667,74.1873903213957,TRUE
"w379",1.88888888888889,73.082522573765,TRUE
"w379",2.11111111111111,71.9846740518592,TRUE
"w379",2.33333333333333,70.9356527395927,TRUE
"w379",2.55555555555556,69.9168134325344,TRUE
"w379",2.77777777777778,68.9312971258268,TRUE
"w379",3,67.980164991064,TRUE
"w379",3.22222222222222,67.0222423111883,TRUE
"w379",3.44444444444444,66.1187826621248,TRUE
"w379",3.66666666666667,65.2581157384625,TRUE
"w379",3.88888888888889,64.4002357987191,TRUE
"w379",4.11111111111111,63.5705113443262,TRUE
"w379",4.33333333333333,62.7938189262155,TRUE
"w379",4.55555555555556,62.0682917856104,TRUE
"w379",4.77777777777778,61.3004583327961,TRUE
"w379",5,60.5897303375208,TRUE
"w379",5.22222222222222,59.8759465452343,TRUE
"w379",5.44444444444444,59.2295373830126,TRUE
"w379",5.66666666666667,58.569793204181,TRUE
"w379",5.88888888888889,57.9577617315286,TRUE
"w379",6.11111111111111,57.4074322403535,TRUE
"w379",6.33333333333333,56.8682385815984,TRUE
"w379",6.55555555555556,56.3432551116951,TRUE
"w379",6.77777777777778,55.8135241787779,TRUE
"w379",7,55.3757680028209,TRUE
"w379",7.22222222222222,54.9586526119855,TRUE
"w379",7.44444444444444,54.5208162547238,TRUE
"w379",7.66666666666667,54.121483986331,TRUE
"w379",7.88888888888889,53.7852044505627,TRUE
"w379",8.11111111111111,53.4714550626286,TRUE
"w379",8.33333333333333,53.1903484037921,TRUE
"w379",8.55555555555556,52.9002936225827,TRUE
"w379",8.77777777777778,52.6408244225649,TRUE
"w379",9,52.4108648212761,TRUE
"w379",9.22222222222222,52.2490537833379,TRUE
"w379",9.44444444444444,52.1167901994896,TRUE
"w379",9.66666666666667,51.9566855245426,TRUE
"w379",9.88888888888889,51.8637268097467,TRUE
"w379",10.1111111111111,51.7990333383653,TRUE
"w379",10.3333333333333,51.743593257319,TRUE
"w379",10.5555555555556,51.7471236604346,TRUE
"w379",10.7777777777778,51.765613024842,TRUE
"w379",11,51.7926181991674,TRUE
"w379",11.2222222222222,51.8497350835956,TRUE
"w379",11.4444444444444,51.9488786898907,TRUE
"w379",11.6666666666667,52.0533328761348,TRUE
"w379",11.8888888888889,52.1928253080748,TRUE
"w379",12.1111111111111,52.3721824393315,TRUE
"w379",12.3333333333333,52.5614050952848,TRUE
"w379",12.5555555555556,52.8030681039281,TRUE
"w379",12.7777777777778,53.0730356198009,TRUE
"w379",13,53.3442372101127,TRUE
"w379",13.2222222222222,53.6674259438007,TRUE
"w379",13.4444444444444,54.0105760226244,TRUE
"w379",13.6666666666667,54.3880079740073,TRUE
"w379",13.8888888888889,54.7917279410593,TRUE
"w379",14.1111111111111,55.2204861451931,TRUE
"w379",14.3333333333333,55.6936344656712,TRUE
"w379",14.5555555555556,56.1650470617409,TRUE
"w379",14.7777777777778,56.6839079835567,TRUE
"w379",15,57.2148773884682,TRUE
"w379",15.2222222222222,57.7637283721392,TRUE
"w379",15.4444444444444,58.333539377236,TRUE
"w379",15.6666666666667,58.9824022608346,TRUE
"w379",15.8888888888889,59.6087965346655,TRUE
"w379",16.1111111111111,60.2690990906021,TRUE
"w379",16.3333333333333,60.9690050987868,TRUE
"w379",16.5555555555556,61.683895845037,TRUE
"w379",16.7777777777778,62.4642455949821,TRUE
"w379",17,63.2820884712769,TRUE
"w379",17.2222222222222,64.0877946416789,TRUE
"w379",17.4444444444444,64.9423295467422,TRUE
"w379",17.6666666666667,65.8299737312962,TRUE
"w379",17.8888888888889,66.7300406525927,TRUE
"w379",18.1111111111111,67.6807650484051,TRUE
"w379",18.3333333333333,68.6453892675689,TRUE
"w379",18.5555555555556,69.6182812804051,TRUE
"w379",18.7777777777778,70.6473034007095,TRUE
"w379",19,71.6845650205041,TRUE
"w379",19.2222222222222,72.7512252609771,TRUE
"w379",19.4444444444444,73.8558347824915,TRUE
"w379",19.6666666666667,74.9968610687064,TRUE
"w379",19.8888888888889,76.1627389067689,TRUE
"w379",20.1111111111111,77.3430573974099,TRUE
"w379",20.3333333333333,78.5814347607571,TRUE
"w379",20.5555555555556,79.8143195815016,TRUE
"w379",20.7777777777778,81.077923712998,TRUE
"w379",21,82.3542317041751,TRUE
"w379",21.2222222222222,83.6646630007359,TRUE
"w379",21.4444444444444,85.019745082306,TRUE
"w379",21.6666666666667,86.4139641465375,TRUE
"w379",21.8888888888889,87.8181563692254,TRUE
"w379",22.1111111111111,89.2612206300651,TRUE
"w379",22.3333333333333,90.7066706820676,TRUE
"w379",22.5555555555556,92.1601227086096,TRUE
"w379",22.7777777777778,93.6922502181309,TRUE
"w379",23,95.215668819029,TRUE
"w513",1,74.8302995792366,TRUE
"w513",1.22222222222222,73.6734029013527,TRUE
"w513",1.44444444444444,72.5610649411997,TRUE
"w513",1.66666666666667,71.4501805779022,TRUE
"w513",1.88888888888889,70.3500708402856,TRUE
"w513",2.11111111111111,69.2855184913676,TRUE
"w513",2.33333333333333,68.2432146761478,TRUE
"w513",2.55555555555556,67.2150389612695,TRUE
"w513",2.77777777777778,66.2492951469621,TRUE
"w513",3,65.2902027770804,TRUE
"w513",3.22222222222222,64.3442138626531,TRUE
"w513",3.44444444444444,63.4381123460231,TRUE
"w513",3.66666666666667,62.5606791997457,TRUE
"w513",3.88888888888889,61.7109108939644,TRUE
"w513",4.11111111111111,60.8988728305363,TRUE
"w513",4.33333333333333,60.1095776634029,TRUE
"w513",4.55555555555556,59.3365663000878,TRUE
"w513",4.77777777777778,58.6101660320586,TRUE
"w513",5,57.9010573553322,TRUE
"w513",5.22222222222222,57.2156214122253,TRUE
"w513",5.44444444444444,56.544819352594,TRUE
"w513",5.66666666666667,55.8971854923554,TRUE
"w513",5.88888888888889,55.3128099967244,TRUE
"w513",6.11111111111111,54.7455731834967,TRUE
"w513",6.33333333333333,54.2135471774477,TRUE
"w513",6.55555555555556,53.7279607972868,TRUE
"w513",6.77777777777778,53.2199664451847,TRUE
"w513",7,52.7242343836973,TRUE
"w513",7.22222222222222,52.2537333773822,TRUE
"w513",7.44444444444444,51.8767697039999,TRUE
"w513",7.66666666666667,51.485573609292,TRUE
"w513",7.88888888888889,51.1260396850709,TRUE
"w513",8.11111111111111,50.8099652362985,TRUE
"w513",8.33333333333333,50.5453487620593,TRUE
"w513",8.55555555555556,50.296313702284,TRUE
"w513",8.77777777777778,50.0773571699293,TRUE
"w513",9,49.8616355901135,TRUE
"w513",9.22222222222222,49.6881817598715,TRUE
"w513",9.44444444444444,49.5470542461126,TRUE
"w513",9.66666666666667,49.4322127370829,TRUE
"w513",9.88888888888889,49.3386381398346,TRUE
"w513",10.1111111111111,49.3073446982525,TRUE
"w513",10.3333333333333,49.2468042399171,TRUE
"w513",10.5555555555556,49.224322426789,TRUE
"w513",10.7777777777778,49.2399766494015,TRUE
"w513",11,49.2904511078924,TRUE
"w513",11.2222222222222,49.3439638946614,TRUE
"w513",11.4444444444444,49.4575880107742,TRUE
"w513",11.6666666666667,49.5760432123312,TRUE
"w513",11.8888888888889,49.7247138571373,TRUE
"w513",12.1111111111111,49.8932295457531,TRUE
"w513",12.3333333333333,50.104963106944,TRUE
"w513",12.5555555555556,50.3370166052375,TRUE
"w513",12.7777777777778,50.6326521116921,TRUE
"w513",13,50.9162505867082,TRUE
"w513",13.2222222222222,51.2434511212053,TRUE
"w513",13.4444444444444,51.5929877060194,TRUE
"w513",13.6666666666667,51.9914360740613,TRUE
"w513",13.8888888888889,52.4225880195858,TRUE
"w513",14.1111111111111,52.8585598229993,TRUE
"w513",14.3333333333333,53.3194453934576,TRUE
"w513",14.5555555555556,53.8089158360489,TRUE
"w513",14.7777777777778,54.3382006588394,TRUE
"w513",15,54.9224704881996,TRUE
"w513",15.2222222222222,55.4578355151829,TRUE
"w513",15.4444444444444,56.0834253620247,TRUE
"w513",15.6666666666667,56.7140707450251,TRUE
"w513",15.8888888888889,57.3807315835203,TRUE
"w513",16.1111111111111,58.0205677771083,TRUE
"w513",16.3333333333333,58.7070227752587,TRUE
"w513",16.5555555555556,59.4308221221036,TRUE
"w513",16.7777777777778,60.1864333383653,TRUE
"w513",17,60.992956225418,TRUE
"w513",17.2222222222222,61.8252849299037,TRUE
"w513",17.4444444444444,62.677947190704,TRUE
"w513",17.6666666666667,63.5435505838972,TRUE
"w513",17.8888888888889,64.4443553392799,TRUE
"w513",18.1111111111111,65.3700322965252,TRUE
"w513",18.3333333333333,66.3626940409753,TRUE
"w513",18.5555555555556,67.354051676334,TRUE
"w513",18.7777777777778,68.3839784463549,TRUE
"w513",19,69.4249933973539,TRUE
"w513",19.2222222222222,70.4957553229206,TRUE
"w513",19.4444444444444,71.5765632905353,TRUE
"w513",19.6666666666667,72.7040114662143,TRUE
"w513",19.8888888888889,73.8323429602823,TRUE
"w513",20.1111111111111,75.0077462147841,TRUE
"w513",20.3333333333333,76.2032813527341,TRUE
"w513",20.5555555555556,77.4442380233984,TRUE
"w513",20.7777777777778,78.7114147182377,TRUE
"w513",21,80.0065712300558,TRUE
"w513",21.2222222222222,81.3059380861266,TRUE
"w513",21.4444444444444,82.6787044618561,TRUE
"w513",21.6666666666667,84.0810502973233,TRUE
"w513",21.8888888888889,85.4683486652686,TRUE
"w513",22.1111111111111,86.8991862418187,TRUE
"w513",22.3333333333333,88.3900157359423,TRUE
"w513",22.5555555555556,89.8979585847197,TRUE
"w513",22.7777777777778,91.4033112851396,TRUE
"w513",23,92.9672996324226,TRUE
"y585",1,73.6733674986399,TRUE
"y585",1.22222222222222,72.4867878337762,TRUE
"y585",1.44444444444444,71.2943494461539,TRUE
"y585",1.66666666666667,70.15810552132,TRUE
"y585",1.88888888888889,69.0430383549143,TRUE
"y585",2.11111111111111,67.9509403736996,TRUE
"y585",2.33333333333333,66.8612531399045,TRUE
"y585",2.55555555555556,65.8247962108518,TRUE
"y585",2.77777777777778,64.8287525633568,TRUE
"y585",3,63.852573399408,TRUE
"y585",3.22222222222222,62.9507995941611,TRUE
"y585",3.44444444444444,62.054372461754,TRUE
"y585",3.66666666666667,61.133526989146,TRUE
"y585",3.88888888888889,60.2370478889292,TRUE
"y585",4.11111111111111,59.3866517839882,TRUE
"y585",4.33333333333333,58.5952354509417,TRUE
"y585",4.55555555555556,57.8191559489657,TRUE
"y585",4.77777777777778,57.051324871801,TRUE
"y585",5,56.3095173094967,TRUE
"y585",5.22222222222222,55.6562053522251,TRUE
"y585",5.44444444444444,54.977822137312,TRUE
"y585",5.66666666666667,54.3596523273334,TRUE
"y585",5.88888888888889,53.724934707353,TRUE
"y585",6.11111111111111,53.1091907594392,TRUE
"y585",6.33333333333333,52.5541743572038,TRUE
"y585",6.55555555555556,51.9963657395554,TRUE
"y585",6.77777777777778,51.5135733390714,TRUE
"y585",7,51.0202954133756,TRUE
"y585",7.22222222222222,50.5586195946606,TRUE
"y585",7.44444444444444,50.1087705250909,TRUE
"y585",7.66666666666667,49.7213477547294,TRUE
"y585",7.88888888888889,49.3508762978368,TRUE
"y585",8.11111111111111,49.0148161768947,TRUE
"y585",8.33333333333333,48.7145916100955,TRUE
"y585",8.55555555555556,48.454108737293,TRUE
"y585",8.77777777777778,48.2134059937049,TRUE
"y585",9,48.0138984694895,TRUE
"y585",9.22222222222222,47.8318238200805,TRUE
"y585",9.44444444444444,47.6580016224133,TRUE
"y585",9.66666666666667,47.5526277296424,TRUE
"y585",9.88888888888889,47.4431701287947,TRUE
"y585",10.1111111111111,47.4007876877366,TRUE
"y585",10.3333333333333,47.3332361260248,TRUE
"y585",10.5555555555556,47.3106740938231,TRUE
"y585",10.7777777777778,47.3130627655743,TRUE
"y585",11,47.3437037477193,TRUE
"y585",11.2222222222222,47.3864350168407,TRUE
"y585",11.4444444444444,47.4953491714772,TRUE
"y585",11.6666666666667,47.6096550054876,TRUE
"y585",11.8888888888889,47.7314015653088,TRUE
"y585",12.1111111111111,47.9112347935769,TRUE
"y585",12.3333333333333,48.1051207287832,TRUE
"y585",12.5555555555556,48.3438938663876,TRUE
"y585",12.7777777777778,48.6011179119321,TRUE
"y585",13,48.8690760729373,TRUE
"y585",13.2222222222222,49.1618427478608,TRUE
"y585",13.4444444444444,49.5131303967997,TRUE
"y585",13.6666666666667,49.9098295410576,TRUE
"y585",13.8888888888889,50.2882037465626,TRUE
"y585",14.1111111111111,50.7090199510745,TRUE
"y585",14.3333333333333,51.1341148764506,TRUE
"y585",14.5555555555556,51.6191391166659,TRUE
"y585",14.7777777777778,52.1084570399337,TRUE
"y585",15,52.6446794240318,TRUE
"y585",15.2222222222222,53.1817153054414,TRUE
"y585",15.4444444444444,53.7528556843792,TRUE
"y585",15.6666666666667,54.3544468961847,TRUE
"y585",15.8888888888889,54.9955285878908,TRUE
"y585",16.1111111111111,55.6589399199243,TRUE
"y585",16.3333333333333,56.3478627881689,TRUE
"y585",16.5555555555556,57.0880804887765,TRUE
"y585",16.7777777777778,57.8398556154059,TRUE
"y585",17,58.6119835551753,TRUE
"y585",17.2222222222222,59.4077713065023,TRUE
"y585",17.4444444444444,60.2511338486939,TRUE
"y585",17.6666666666667,61.124216034037,TRUE
"y585",17.8888888888889,62.0176968847003,TRUE
"y585",18.1111111111111,62.9324477705548,TRUE
"y585",18.3333333333333,63.8758035784182,TRUE
"y585",18.5555555555556,64.8470314473747,TRUE
"y585",18.7777777777778,65.8234509084367,TRUE
"y585",19,66.811880881084,TRUE
"y585",19.2222222222222,67.8860469216442,TRUE
"y585",19.4444444444444,68.9973917251254,TRUE
"y585",19.6666666666667,70.1282540069675,TRUE
"y585",19.8888888888889,71.2493629287474,TRUE
"y585",20.1111111111111,72.4546473297435,TRUE
"y585",20.3333333333333,73.6082402214926,TRUE
"y585",20.5555555555556,74.8317471554007,TRUE
"y585",20.7777777777778,76.1004066723993,TRUE
"y585",21,77.3953685618558,TRUE
"y585",21.2222222222222,78.7095650160158,TRUE
"y585",21.4444444444444,80.015510161807,TRUE
"y585",21.6666666666667,81.4021982893831,TRUE
"y585",21.8888888888889,82.7911439792411,TRUE
"y585",22.1111111111111,84.253794245271,TRUE
"y585",22.3333333333333,85.6844969556874,TRUE
"y585",22.5555555555556,87.1879403042986,TRUE
"y585",22.7777777777778,88.7041402122652,TRUE
"y585",23,90.2588726258933,TRUE
