"ring","age_years","posterior_median_mismatch_days","within_axis_limits"
"c564",1,68.9816351852225,TRUE
"c564",1.22222222222222,67.6345979867468,TRUE
"c564",1.44444444444444,66.2931298948356,TRUE
"c564",1.66666666666667,64.969607970597,TRUE
"c564",1.88888888888889,63.685542974334,TRUE
"c564",2.11111111111111,62.4559323634993,TRUE
"c564",2.33333333333333,61.2466601846325,TRUE
"c564",2.55555555555556,60.0739603754664,TRUE
"c564",2.77777777777778,58.9440684623694,TRUE
"c564",3,57.816878123802,TRUE
"c564",3.22222222222222,56.7539921185771,TRUE
"c564",3.44444444444444,55.7240581169885,TRUE
"c564",3.66666666666667,54.7190215848617,TRUE
"c564",3.88888888888889,53.7361367904551,TRUE
"c564",4.11111111111111,52.7931309372397,TRUE
"c564",4.33333333333333,51.8714313758509,TRUE
"c564",4.55555555555556,50.9932879813426,TRUE
"c564",4.77777777777778,50.1551141587787,TRUE
"c564",5,49.3623599811166,TRUE
"c564",5.22222222222222,48.5883455108173,TRUE
"c564",5.44444444444444,47.8305076835175,TRUE
"c564",5.66666666666667,47.1460504059616,TRUE
"c564",5.88888888888889,46.490654673959,TRUE
"c564",6.11111111111111,45.8289955425324,TRUE
"c564",6.33333333333333,45.2278341503011,TRUE
"c564",6.55555555555556,44.6435575674747,TRUE
"c564",6.77777777777778,44.0794462313543,TRUE
"c564",7,43.553205514727,TRUE
"c564",7.22222222222222,43.0761824985698,TRUE
"c564",7.44444444444444,42.6326146511777,TRUE
"c564",7.66666666666667,42.2433938389418,TRUE
"c564",7.88888888888889,41.8643956544085,TRUE
"c564",8.11111111111111,41.4914835778722,TRUE
"c564",8.33333333333333,41.1807378123196,TRUE
"c564",8.55555555555556,40.886136433957,TRUE
"c564",8.77777777777778,40.6235874052457,TRUE
"c564",9,40.3604564144137,TRUE
"c564",9.22222222222222,40.1622361617397,TRUE
"c564",9.44444444444444,39.9927817385725,TRUE
"c564",9.66666666666667,39.8828667833872,TRUE
"c564",9.88888888888889,39.7909384517926,TRUE
"c564",10.1111111111111,39.7307304654657,TRUE
"c564",10.3333333333333,39.7417539259089,TRUE
"c564",10.5555555555556,39.7718253925911,TRUE
"c564",10.7777777777778,39.8299701238325,TRUE
"c564",11,39.8994607773829,TRUE
"c564",11.2222222222222,40.0178598471682,TRUE
"c564",11.4444444444444,40.1521268929788,TRUE
"c564",11.6666666666667,40.3189431839152,TRUE
"c564",11.8888888888889,40.5408267197021,TRUE
"c564",12.1111111111111,40.7807083197558,TRUE
"c564",12.3333333333333,41.0652330373341,TRUE
"c564",12.5555555555556,41.3665120825621,TRUE
"c564",12.7777777777778,41.6824619257483,TRUE
"c564",13,42.0278651896092,TRUE
"c564",13.2222222222222,42.4336825775457,TRUE
"c564",13.4444444444444,42.8706925123588,TRUE
"c564",13.6666666666667,43.3642959885076,TRUE
"c564",13.8888888888889,43.8699213985239,TRUE
"c564",14.1111111111111,44.4208664779517,TRUE
"c564",14.3333333333333,45.0040611312092,TRUE
"c564",14.5555555555556,45.595927904524,TRUE
"c564",14.7777777777778,46.2106620600021,TRUE
"c564",15,46.8650415703229,TRUE
"c564",15.2222222222222,47.577447471142,TRUE
"c564",15.4444444444444,48.312889215268,TRUE
"c564",15.6666666666667,49.0949571504661,TRUE
"c564",15.8888888888889,49.9028457367433,TRUE
"c564",16.1111111111111,50.75348021999,TRUE
"c564",16.3333333333333,51.6067443286201,TRUE
"c564",16.5555555555556,52.5113383576225,TRUE
"c564",16.7777777777778,53.4314469464463,TRUE
"c564",17,54.36749447071,TRUE
"c564",17.2222222222222,55.3763716596116,TRUE
"c564",17.4444444444444,56.3937842837297,TRUE
"c564",17.6666666666667,57.4794345026461,TRUE
"c564",17.8888888888889,58.5728271097483,TRUE
"c564",18.1111111111111,59.73678078754,TRUE
"c564",18.3333333333333,60.9287732462985,TRUE
"c564",18.5555555555556,62.1276670082636,TRUE
"c564",18.7777777777778,63.3679415121026,TRUE
"c564",19,64.6299982571638,TRUE
"c564",19.2222222222222,65.9338846298092,TRUE
"c564",19.4444444444444,67.2815076757863,TRUE
"c564",19.6666666666667,68.6555382962583,TRUE
"c564",19.8888888888889,70.0790406085157,TRUE
"c564",20.1111111111111,71.5055556488889,TRUE
"c564",20.3333333333333,72.9756963242378,TRUE
"c564",20.5555555555556,74.4753845690547,TRUE
"c564",20.7777777777778,75.9898348585332,TRUE
"c564",21,77.5505471849772,TRUE
"c564",21.2222222222222,79.1929127469597,TRUE
"c564",21.4444444444444,80.824817784439,TRUE
"c564",21.6666666666667,82.5033768310219,TRUE
"c564",21.8888888888889,84.1908753687024,TRUE
"c564",22.1111111111111,85.9361045637128,TRUE
"c564",22.3333333333333,87.6941734403795,TRUE
"c564",22.5555555555556,89.4965757538729,TRUE
"c564",22.7777777777778,91.3151460286093,TRUE
"c564",23,93.1851653915659,TRUE
"f136",1,70.6138566356056,TRUE
"f136",1.22222222222222,69.2522214551821,TRUE
"f136",1.44444444444444,67.9632116226863,TRUE
"f136",1.66666666666667,66.6862148610205,TRUE
"f136",1.88888888888889,65.4547559414226,TRUE
"f136",2.11111111111111,64.2081767006576,TRUE
"f136",2.33333333333333,63.0022270149291,TRUE
"f136",2.55555555555556,61.8373043043521,TRUE
"f136",2.77777777777778,60.7035788618261,TRUE
"f136",3,59.6388593291481,TRUE
"f136",3.22222222222222,58.5828771666623,TRUE
"f136",3.44444444444444,57.5637998039964,TRUE
"f136",3.66666666666667,56.5401047532769,TRUE
"f136",3.88888888888889,55.565761982049,TRUE
"f136",4.11111111111111,54.6430085468865,TRUE
"f136",4.33333333333333,53.7522199496957,TRUE
"f136",4.55555555555556,52.8731338865289,TRUE
"f136",4.77777777777778,52.056495367555,TRUE
"f136",5,51.2595498716507,TRUE
"f136",5.22222222222222,50.4984104630148,TRUE
"f136",5.44444444444444,49.776912640218,TRUE
"f136",5.66666666666667,49.0710117178872,TRUE
"f136",5.88888888888889,48.418634009949,TRUE
"f136",6.11111111111111,47.7979672544554,TRUE
"f136",6.33333333333333,47.1853578287567,TRUE
"f136",6.55555555555556,46.6102735502361,TRUE
"f136",6.77777777777778,46.0411049342512,TRUE
"f136",7,45.5462182758577,TRUE
"f136",7.22222222222222,45.0940768755601,TRUE
"f136",7.44444444444444,44.6878701462693,TRUE
"f136",7.66666666666667,44.2903765920889,TRUE
"f136",7.88888888888889,43.9080762852497,TRUE
"f136",8.11111111111111,43.5760319899062,TRUE
"f136",8.33333333333333,43.2720353785262,TRUE
"f136",8.55555555555556,43.0022311055868,TRUE
"f136",8.77777777777778,42.7422585174086,TRUE
"f136",9,42.5574360182935,TRUE
"f136",9.22222222222222,42.3649972049894,TRUE
"f136",9.44444444444444,42.2562657954697,TRUE
"f136",9.66666666666667,42.1599977316046,TRUE
"f136",9.88888888888889,42.0762805968445,TRUE
"f136",10.1111111111111,42.0413595708569,TRUE
"f136",10.3333333333333,42.0540797003042,TRUE
"f136",10.5555555555556,42.1093232724282,TRUE
"f136",10.7777777777778,42.1957391144907,TRUE
"f136",11,42.2733625043902,TRUE
"f136",11.2222222222222,42.3792858190973,TRUE
"f136",11.4444444444444,42.5365660577284,TRUE
"f136",11.6666666666667,42.7440048286147,TRUE
"f136",11.8888888888889,42.9835200846489,TRUE
"f136",12.1111111111111,43.2336885559754,TRUE
"f136",12.3333333333333,43.5184156793546,TRUE
"f136",12.5555555555556,43.8404829681314,TRUE
"f136",12.7777777777778,44.1885103749086,TRUE
"f136",13,44.5815024329187,TRUE
"f136",13.2222222222222,44.99331312912,TRUE
"f136",13.4444444444444,45.4577565283718,TRUE
"f136",13.6666666666667,45.9499213105926,TRUE
"f136",13.8888888888889,46.4400264270628,TRUE
"f136",14.1111111111111,46.9979493822198,TRUE
"f136",14.3333333333333,47.5850130001578,TRUE
"f136",14.5555555555556,48.1939828982971,TRUE
"f136",14.7777777777778,48.847750988923,TRUE
"f136",15,49.5389307754036,TRUE
"f136",15.2222222222222,50.2344620077824,TRUE
"f136",15.4444444444444,51.0004749101177,TRUE
"f136",15.6666666666667,51.7704259225,TRUE
"f136",15.8888888888889,52.6089418975499,TRUE
"f136",16.1111111111111,53.4572177704611,TRUE
"f136",16.3333333333333,54.3004925076614,TRUE
"f136",16.5555555555556,55.206713204385,TRUE
"f136",16.7777777777778,56.1475721386227,TRUE
"f136",17,57.1526159862471,TRUE
"f136",17.2222222222222,58.196509787411,TRUE
"f136",17.4444444444444,59.2678018323399,TRUE
"f136",17.6666666666667,60.341907791211,TRUE
"f136",17.8888888888889,61.4781457284864,TRUE
"f136",18.1111111111111,62.6323878388629,TRUE
"f136",18.3333333333333,63.8149032766594,TRUE
"f136",18.5555555555556,65.0331970908989,TRUE
"f136",18.7777777777778,66.3037782587514,TRUE
"f136",19,67.6034618480791,TRUE
"f136",19.2222222222222,68.9055593595895,TRUE
"f136",19.4444444444444,70.2771065263554,TRUE
"f136",19.6666666666667,71.6699898777301,TRUE
"f136",19.8888888888889,73.0824746482768,TRUE
"f136",20.1111111111111,74.5822312677552,TRUE
"f136",20.3333333333333,76.0710212776801,TRUE
"f136",20.5555555555556,77.5644603400072,TRUE
"f136",20.7777777777778,79.0937217612608,TRUE
"f136",21,80.6859616506623,TRUE
"f136",21.2222222222222,82.3009383631799,TRUE
"f136",21.4444444444444,83.9470861799119,TRUE
"f136",21.6666666666667,85.6561542799848,TRUE
"f136",21.8888888888889,87.3896404269566,TRUE
"f136",22.1111111111111,89.1580189509495,TRUE
"f136",22.3333333333333,90.9479374848868,TRUE
"f136",22.5555555555556,92.7543732496914,TRUE
"f136",22.7777777777778,94.5737898598397,TRUE
"f136",23,96.483610801552,TRUE
"g168",1,71.0906920692292,TRUE
"g168",1.22222222222222,70.0120088761109,TRUE
"g168",1.44444444444444,69.019499436649,TRUE
"g168",1.66666666666667,68.0403005360083,TRUE
"g168",1.88888888888889,67.1078641849514,TRUE
"g168",2.11111111111111,66.1783383691779,TRUE
"g168",2.33333333333333,65.3057333912851,TRUE
"g168",2.55555555555556,64.4218859267738,TRUE
"g168",2.77777777777778,63.5839030264674,TRUE
"g168",3,62.7970417621767,TRUE
"g168",3.22222222222222,62.0607413695964,TRUE
"g168",3.44444444444444,61.3469325115523,TRUE
"g168",3.66666666666667,60.6793458344686,TRUE
"g168",3.88888888888889,60.0668218533941,TRUE
"g168",4.11111111111111,59.4796342732989,TRUE
"g168",4.33333333333333,58.9211156895161,TRUE
"g168",4.55555555555556,58.3541005337856,TRUE
"g168",4.77777777777778,57.8474922958086,TRUE
"g168",5,57.3751557175362,TRUE
"g168",5.22222222222222,56.930930934865,TRUE
"g168",5.44444444444444,56.4703640136324,TRUE
"g168",5.66666666666667,56.1015801081492,TRUE
"g168",5.88888888888889,55.7738350536269,TRUE
"g168",6.11111111111111,55.4999838384648,TRUE
"g168",6.33333333333333,55.1927495330988,TRUE
"g168",6.55555555555556,54.9322755754242,TRUE
"g168",6.77777777777778,54.7009867099634,TRUE
"g168",7,54.5437998988843,TRUE
"g168",7.22222222222222,54.3759820829447,TRUE
"g168",7.44444444444444,54.2312091341014,TRUE
"g168",7.66666666666667,54.1473310473143,TRUE
"g168",7.88888888888889,54.1098548157278,TRUE
"g168",8.11111111111111,54.0687103479649,TRUE
"g168",8.33333333333333,54.0978217618704,TRUE
"g168",8.55555555555556,54.1344358203983,TRUE
"g168",8.77777777777778,54.2322118382004,TRUE
"g168",9,54.3579300728275,TRUE
"g168",9.22222222222222,54.515217920356,TRUE
"g168",9.44444444444444,54.6795917675043,TRUE
"g168",9.66666666666667,54.9029344373688,TRUE
"g168",9.88888888888889,55.1722814689133,TRUE
"g168",10.1111111111111,55.4623706839997,TRUE
"g168",10.3333333333333,55.8245357047928,TRUE
"g168",10.5555555555556,56.1795330794696,TRUE
"g168",10.7777777777778,56.5395874989929,TRUE
"g168",11,56.9252831134627,TRUE
"g168",11.2222222222222,57.3914047325309,TRUE
"g168",11.4444444444444,57.8851340884845,TRUE
"g168",11.6666666666667,58.365331797258,TRUE
"g168",11.8888888888889,58.9089113029541,TRUE
"g168",12.1111111111111,59.4537336563082,TRUE
"g168",12.3333333333333,60.0774270628045,TRUE
"g168",12.5555555555556,60.7368142820463,TRUE
"g168",12.7777777777778,61.4014126601476,TRUE
"g168",13,62.1375048856032,TRUE
"g168",13.2222222222222,62.8731105777925,TRUE
"g168",13.4444444444444,63.6518434673196,TRUE
"g168",13.6666666666667,64.4556168552569,TRUE
"g168",13.8888888888889,65.2959444406538,TRUE
"g168",14.1111111111111,66.1753286669406,TRUE
"g168",14.3333333333333,67.0696864902161,TRUE
"g168",14.5555555555556,67.9751861355293,TRUE
"g168",14.7777777777778,68.9782781766236,TRUE
"g168",15,69.9866963313041,TRUE
"g168",15.2222222222222,71.0192349881984,TRUE
"g168",15.4444444444444,72.1098363541273,TRUE
"g168",15.6666666666667,73.2463909018512,TRUE
"g168",15.8888888888889,74.4055260314434,TRUE
"g168",16.1111111111111,75.5756171362376,TRUE
"g168",16.3333333333333,76.797967883706,TRUE
"g168",16.5555555555556,78.0318990234943,TRUE
"g168",16.7777777777778,79.2859189415399,TRUE
"g168",17,80.5782392869318,TRUE
"g168",17.2222222222222,81.9188167920657,TRUE
"g168",17.4444444444444,83.2913801812911,TRUE
"g168",17.6666666666667,84.6789459875423,TRUE
"g168",17.8888888888889,86.092709709283,TRUE
"g168",18.1111111111111,87.5626634423105,TRUE
"g168",18.3333333333333,89.0416864242282,TRUE
"g168",18.5555555555556,90.5412442628317,TRUE
"g168",18.7777777777778,92.126487695516,TRUE
"g168",19,93.7054794352776,TRUE
"g168",19.2222222222222,95.3343346426197,TRUE
"g168",19.4444444444444,97.0337619727086,TRUE
"g168",19.6666666666667,98.7052289989852,TRUE
"g168",19.8888888888889,100.4043209616,TRUE
"g168",20.1111111111111,102.168409412663,TRUE
"g168",20.3333333333333,103.969869872819,TRUE
"g168",20.5555555555556,105.827705862808,TRUE
"g168",20.7777777777778,107.672386221167,TRUE
"g168",21,109.568201304278,TRUE
"g168",21.2222222222222,111.505600964055,TRUE
"g168",21.4444444444444,113.466759727005,TRUE
"g168",21.6666666666667,115.467858946139,TRUE
"g168",21.8888888888889,117.464928940821,TRUE
"g168",22.1111111111111,119.506642615082,TRUE
"g168",22.3333333333333,121.592923636562,TRUE
"g168",22.5555555555556,123.751180920576,TRUE
"g168",22.7777777777778,125.899420725686,TRUE
"g168",23,128.125854018813,TRUE
"g271",1,69.9059972215141,TRUE
"g271",1.22222222222222,68.6734164789186,TRUE
"g271",1.44444444444444,67.4667279686512,TRUE
"g271",1.66666666666667,66.2699647245183,TRUE
"g271",1.88888888888889,65.1285547605257,TRUE
"g271",2.11111111111111,63.9949515499564,TRUE
"g271",2.33333333333333,62.8979953755996,TRUE
"g271",2.55555555555556,61.8321813784919,TRUE
"g271",2.77777777777778,60.7963130577277,TRUE
"g271",3,59.8041885896769,TRUE
"g271",3.22222222222222,58.8330417095008,TRUE
"g271",3.44444444444444,57.9469666726557,TRUE
"g271",3.66666666666667,57.0347469371926,TRUE
"g271",3.88888888888889,56.1751700934917,TRUE
"g271",4.11111111111111,55.3544943967572,TRUE
"g271",4.33333333333333,54.5753950134349,TRUE
"g271",4.55555555555556,53.8162417062997,TRUE
"g271",4.77777777777778,53.1207936763455,TRUE
"g271",5,52.4260256956135,TRUE
"g271",5.22222222222222,51.8142408344679,TRUE
"g271",5.44444444444444,51.1589269370209,TRUE
"g271",5.66666666666667,50.5640096148415,TRUE
"g271",5.88888888888889,50.007958383711,TRUE
"g271",6.11111111111111,49.5003936753174,TRUE
"g271",6.33333333333333,49.0521243763877,TRUE
"g271",6.55555555555556,48.6102709503702,TRUE
"g271",6.77777777777778,48.1830821408747,TRUE
"g271",7,47.76782725584,TRUE
"g271",7.22222222222222,47.4134550543484,TRUE
"g271",7.44444444444444,47.107351298177,TRUE
"g271",7.66666666666667,46.8363099165667,TRUE
"g271",7.88888888888889,46.5974678758647,TRUE
"g271",8.11111111111111,46.3909999937952,TRUE
"g271",8.33333333333333,46.2099123258293,TRUE
"g271",8.55555555555556,46.0467076861938,TRUE
"g271",8.77777777777778,45.9512948791502,TRUE
"g271",9,45.8433248199477,TRUE
"g271",9.22222222222222,45.7763960822811,TRUE
"g271",9.44444444444444,45.7424694285396,TRUE
"g271",9.66666666666667,45.7671032256944,TRUE
"g271",9.88888888888889,45.8034023213543,TRUE
"g271",10.1111111111111,45.8900880960648,TRUE
"g271",10.3333333333333,46.0203970342437,TRUE
"g271",10.5555555555556,46.1374088446928,TRUE
"g271",10.7777777777778,46.2730340772851,TRUE
"g271",11,46.4605775504026,TRUE
"g271",11.2222222222222,46.6801788039774,TRUE
"g271",11.4444444444444,46.9576699855594,TRUE
"g271",11.6666666666667,47.2377801053371,TRUE
"g271",11.8888888888889,47.5810197913199,TRUE
"g271",12.1111111111111,47.9438442134738,TRUE
"g271",12.3333333333333,48.3431658566719,TRUE
"g271",12.5555555555556,48.7959756917191,TRUE
"g271",12.7777777777778,49.2604299689573,TRUE
"g271",13,49.7760294599099,TRUE
"g271",13.2222222222222,50.3071349616232,TRUE
"g271",13.4444444444444,50.8697737515043,TRUE
"g271",13.6666666666667,51.4871396921375,TRUE
"g271",13.8888888888889,52.1403327071657,TRUE
"g271",14.1111111111111,52.8222853519245,TRUE
"g271",14.3333333333333,53.5372318270998,TRUE
"g271",14.5555555555556,54.2547595383709,TRUE
"g271",14.7777777777778,55.0272000090987,TRUE
"g271",15,55.8433880639917,TRUE
"g271",15.2222222222222,56.6525612422014,TRUE
"g271",15.4444444444444,57.5060539979,TRUE
"g271",15.6666666666667,58.3757593230705,TRUE
"g271",15.8888888888889,59.2920842731987,TRUE
"g271",16.1111111111111,60.2604385309444,TRUE
"g271",16.3333333333333,61.2732172399532,TRUE
"g271",16.5555555555556,62.3134037466926,TRUE
"g271",16.7777777777778,63.3487573299715,TRUE
"g271",17,64.4404324771205,TRUE
"g271",17.2222222222222,65.5619817702183,TRUE
"g271",17.4444444444444,66.7391711687608,TRUE
"g271",17.6666666666667,67.9142511300472,TRUE
"g271",17.8888888888889,69.1380400148443,TRUE
"g271",18.1111111111111,70.4303299725723,TRUE
"g271",18.3333333333333,71.7180670433596,TRUE
"g271",18.5555555555556,73.057779737989,TRUE
"g271",18.7777777777778,74.3952671222293,TRUE
"g271",19,75.7926968511499,TRUE
"g271",19.2222222222222,77.23436467993,TRUE
"g271",19.4444444444444,78.6478513923157,TRUE
"g271",19.6666666666667,80.1483304972697,TRUE
"g271",19.8888888888889,81.6873334011315,TRUE
"g271",20.1111111111111,83.2626277735906,TRUE
"g271",20.3333333333333,84.8679462604729,TRUE
"g271",20.5555555555556,86.4887472204453,TRUE
"g271",20.7777777777778,88.1627148741365,TRUE
"g271",21,89.8459488176733,TRUE
"g271",21.2222222222222,91.5881244520709,TRUE
"g271",21.4444444444444,93.3303738495644,TRUE
"g271",21.6666666666667,95.1343637182349,TRUE
"g271",21.8888888888889,96.9596911357247,TRUE
"g271",22.1111111111111,98.7942721455655,TRUE
"g271",22.3333333333333,100.684094663046,TRUE
"g271",22.5555555555556,102.623642893082,TRUE
"g271",22.7777777777778,104.585925736099,TRUE
"g271",23,106.561565122751,TRUE
"g845",1,73.7079541666718,TRUE
"g845",1.22222222222222,72.5723243272404,TRUE
"g845",1.44444444444444,71.4406939167012,TRUE
"g845",1.66666666666667,70.3606095912606,TRUE
"g845",1.88888888888889,69.2809186460319,TRUE
"g845",2.11111111111111,68.2601017531709,TRUE
"g845",2.33333333333333,67.3054784937362,TRUE
"g845",2.55555555555556,66.3477184675094,TRUE
"g845",2.77777777777778,65.4414032929126,TRUE
"g845",3,64.5721048519661,TRUE
"g845",3.22222222222222,63.751783899509,TRUE
"g845",3.44444444444444,62.9132855974553,TRUE
"g845",3.66666666666667,62.0825882853486,TRUE
"g845",3.88888888888889,61.3128993945811,TRUE
"g845",4.11111111111111,60.5816625283305,TRUE
"g845",4.33333333333333,59.9164291687986,TRUE
"g845",4.55555555555556,59.2722486000144,TRUE
"g845",4.77777777777778,58.6539787392338,TRUE
"g845",5,58.0483226901372,TRUE
"g845",5.22222222222222,57.4895139768141,TRUE
"g845",5.44444444444444,56.9692041802676,TRUE
"g845",5.66666666666667,56.4478362700697,TRUE
"g845",5.88888888888889,55.9636118823,TRUE
"g845",6.11111111111111,55.5399905122713,TRUE
"g845",6.33333333333333,55.139275083251,TRUE
"g845",6.55555555555556,54.7801745154105,TRUE
"g845",6.77777777777778,54.445366912302,TRUE
"g845",7,54.1778123655477,TRUE
"g845",7.22222222222222,53.9290171871522,TRUE
"g845",7.44444444444444,53.7253607695566,TRUE
"g845",7.66666666666667,53.553316679965,TRUE
"g845",7.88888888888889,53.3990359088057,TRUE
"g845",8.11111111111111,53.2976107145247,TRUE
"g845",8.33333333333333,53.222194516597,TRUE
"g845",8.55555555555556,53.1436588041985,TRUE
"g845",8.77777777777778,53.1384896752152,TRUE
"g845",9,53.1827891263284,TRUE
"g845",9.22222222222222,53.2253960102203,TRUE
"g845",9.44444444444444,53.3249388146545,TRUE
"g845",9.66666666666667,53.409359472811,TRUE
"g845",9.88888888888889,53.542670341165,TRUE
"g845",10.1111111111111,53.746804365116,TRUE
"g845",10.3333333333333,53.9629656205527,TRUE
"g845",10.5555555555556,54.2012985532787,TRUE
"g845",10.7777777777778,54.4429986440975,TRUE
"g845",11,54.7473514365348,TRUE
"g845",11.2222222222222,55.0781800316112,TRUE
"g845",11.4444444444444,55.4380409377619,TRUE
"g845",11.6666666666667,55.8452217882624,TRUE
"g845",11.8888888888889,56.2580635562048,TRUE
"g845",12.1111111111111,56.7354663169771,TRUE
"g845",12.3333333333333,57.2276824116307,TRUE
"g845",12.5555555555556,57.7325512268769,TRUE
"g845",12.7777777777778,58.2847830213151,TRUE
"g845",13,58.8880129154869,TRUE
"g845",13.2222222222222,59.5038869291803,TRUE
"g845",13.4444444444444,60.1747944898382,TRUE
"g845",13.6666666666667,60.9064599332637,TRUE
"g845",13.8888888888889,61.6254686851026,TRUE
"g845",14.1111111111111,62.3963190511538,TRUE
"g845",14.3333333333333,63.1893616209175,TRUE
"g845",14.5555555555556,64.0501102002342,TRUE
"g845",14.7777777777778,64.9240715799183,TRUE
"g845",15,65.8147338581285,TRUE
"g845",15.2222222222222,66.7307091834141,TRUE
"g845",15.4444444444444,67.6881585566535,TRUE
"g845",15.6666666666667,68.7038877917212,TRUE
"g845",15.8888888888889,69.7429897735539,TRUE
"g845",16.1111111111111,70.8111270716846,TRUE
"g845",16.3333333333333,71.8896787343951,TRUE
"g845",16.5555555555556,73.004460823846,TRUE
"g845",16.7777777777778,74.1972331852342,TRUE
"g845",17,75.3884103267548,TRUE
"g845",17.2222222222222,76.6166003417706,TRUE
"g845",17.4444444444444,77.8891094408082,TRUE
"g845",17.6666666666667,79.1539259240277,TRUE
"g845",17.8888888888889,80.494360700589,TRUE
"g845",18.1111111111111,81.8353351933412,TRUE
"g845",18.3333333333333,83.2295347695604,TRUE
"g845",18.5555555555556,84.6481715315236,TRUE
"g845",18.7777777777778,86.0546839752894,TRUE
"g845",19,87.5467451487225,TRUE
"g845",19.2222222222222,89.0654113242994,TRUE
"g845",19.4444444444444,90.625932989508,TRUE
"g845",19.6666666666667,92.2129012585065,TRUE
"g845",19.8888888888889,93.8876385198911,TRUE
"g845",20.1111111111111,95.5348948953068,TRUE
"g845",20.3333333333333,97.2331601506146,TRUE
"g845",20.5555555555556,98.9556946222456,TRUE
"g845",20.7777777777778,100.725224068856,TRUE
"g845",21,102.485724059639,TRUE
"g845",21.2222222222222,104.317072087461,TRUE
"g845",21.4444444444444,106.173648594348,TRUE
"g845",21.6666666666667,108.062578657894,TRUE
"g845",21.8888888888889,109.940550664478,TRUE
"g845",22.1111111111111,111.843544032219,TRUE
"g845",22.3333333333333,113.832981711368,TRUE
"g845",22.5555555555556,115.830660874665,TRUE
"g845",22.7777777777778,117.868836343039,TRUE
"g845",23,119.947976830768,TRUE
"h086",1,69.3585336942867,TRUE
"h086",1.22222222222222,68.0518658868969,TRUE
"h086",1.44444444444444,66.7594989339845,TRUE
"h086",1.66666666666667,65.5035626735714,TRUE
"h086",1.88888888888889,64.2619534447038,TRUE
"h086",2.11111111111111,63.0840033702359,TRUE
"h086",2.33333333333333,61.9668384692674,TRUE
"h086",2.55555555555556,60.8451657548516,TRUE
"h086",2.77777777777778,59.7913672359267,TRUE
"h086",3,58.7135784475649,TRUE
"h086",3.22222222222222,57.7003112050771,TRUE
"h086",3.44444444444444,56.7208125785733,TRUE
"h086",3.66666666666667,55.7664340388501,TRUE
"h086",3.88888888888889,54.8491423332961,TRUE
"h086",4.11111111111111,53.9711705413914,TRUE
"h086",4.33333333333333,53.1283159319811,TRUE
"h086",4.55555555555556,52.2978454227444,TRUE
"h086",4.77777777777778,51.5159923282753,TRUE
"h086",5,50.7560821163832,TRUE
"h086",5.22222222222222,50.0085302763979,TRUE
"h086",5.44444444444444,49.3000300249477,TRUE
"h086",5.66666666666667,48.6140624453903,TRUE
"h086",5.88888888888889,47.9892497257678,TRUE
"h086",6.11111111111111,47.4103528585135,TRUE
"h086",6.33333333333333,46.8525637127102,TRUE
"h086",6.55555555555556,46.3063520485386,TRUE
"h086",6.77777777777778,45.8250420526696,TRUE
"h086",7,45.3545607709367,TRUE
"h086",7.22222222222222,44.9406316435942,TRUE
"h086",7.44444444444444,44.5511693453643,TRUE
"h086",7.66666666666667,44.2077224291582,TRUE
"h086",7.88888888888889,43.8817602510977,TRUE
"h086",8.11111111111111,43.5924017027647,TRUE
"h086",8.33333333333333,43.296961409328,TRUE
"h086",8.55555555555556,43.0858942862343,TRUE
"h086",8.77777777777778,42.8869879800255,TRUE
"h086",9,42.7210439471981,TRUE
"h086",9.22222222222222,42.5864326801988,TRUE
"h086",9.44444444444444,42.494630727546,TRUE
"h086",9.66666666666667,42.4163152699999,TRUE
"h086",9.88888888888889,42.4185548142793,TRUE
"h086",10.1111111111111,42.4187003315291,TRUE
"h086",10.3333333333333,42.4708909183698,TRUE
"h086",10.5555555555556,42.522464724094,TRUE
"h086",10.7777777777778,42.6354674475564,TRUE
"h086",11,42.7828470532719,TRUE
"h086",11.2222222222222,42.9551770545823,TRUE
"h086",11.4444444444444,43.1440670548491,TRUE
"h086",11.6666666666667,43.3619847668413,TRUE
"h086",11.8888888888889,43.6432327978411,TRUE
"h086",12.1111111111111,43.9375292403535,TRUE
"h086",12.3333333333333,44.2790752534918,TRUE
"h086",12.5555555555556,44.6398101630435,TRUE
"h086",12.7777777777778,45.0676472498367,TRUE
"h086",13,45.4941852795508,TRUE
"h086",13.2222222222222,45.9499285972074,TRUE
"h086",13.4444444444444,46.4497311584937,TRUE
"h086",13.6666666666667,46.9888967622709,TRUE
"h086",13.8888888888889,47.5426241348107,TRUE
"h086",14.1111111111111,48.1780847126191,TRUE
"h086",14.3333333333333,48.8159709513573,TRUE
"h086",14.5555555555556,49.4376213757109,TRUE
"h086",14.7777777777778,50.1298398126981,TRUE
"h086",15,50.860109438662,TRUE
"h086",15.2222222222222,51.6415065416693,TRUE
"h086",15.4444444444444,52.4201241652558,TRUE
"h086",15.6666666666667,53.2392903475561,TRUE
"h086",15.8888888888889,54.0998730388657,TRUE
"h086",16.1111111111111,55.0145238932663,TRUE
"h086",16.3333333333333,55.9475147241443,TRUE
"h086",16.5555555555556,56.8808582161474,TRUE
"h086",16.7777777777778,57.8721136955663,TRUE
"h086",17,58.8768948185534,TRUE
"h086",17.2222222222222,59.9278119671596,TRUE
"h086",17.4444444444444,61.0459800842749,TRUE
"h086",17.6666666666667,62.1967628831652,TRUE
"h086",17.8888888888889,63.3688074565114,TRUE
"h086",18.1111111111111,64.5662831129991,TRUE
"h086",18.3333333333333,65.826874380457,TRUE
"h086",18.5555555555556,67.1059990755994,TRUE
"h086",18.7777777777778,68.3756223630755,TRUE
"h086",19,69.7211604958284,TRUE
"h086",19.2222222222222,71.1151114304614,TRUE
"h086",19.4444444444444,72.5068186454746,TRUE
"h086",19.6666666666667,73.9252722892642,TRUE
"h086",19.8888888888889,75.3862428435277,TRUE
"h086",20.1111111111111,76.8603148358724,TRUE
"h086",20.3333333333333,78.3829942207746,TRUE
"h086",20.5555555555556,79.993169333768,TRUE
"h086",20.7777777777778,81.5848530464708,TRUE
"h086",21,83.1898438818618,TRUE
"h086",21.2222222222222,84.8495593134251,TRUE
"h086",21.4444444444444,86.5045492922216,TRUE
"h086",21.6666666666667,88.22739999229,TRUE
"h086",21.8888888888889,89.9761778981024,TRUE
"h086",22.1111111111111,91.7808175502119,TRUE
"h086",22.3333333333333,93.602529719289,TRUE
"h086",22.5555555555556,95.4511017048038,TRUE
"h086",22.7777777777778,97.3288212505054,TRUE
"h086",23,99.2198761929622,TRUE
"h578",1,89.6267046100506,TRUE
"h578",1.22222222222222,88.4228084212426,TRUE
"h578",1.44444444444444,87.2506825174779,TRUE
"h578",1.66666666666667,86.0818916469788,TRUE
"h578",1.88888888888889,84.96787037529,TRUE
"h578",2.11111111111111,83.8982583980939,TRUE
"h578",2.33333333333333,82.8678136688492,TRUE
"h578",2.55555555555556,81.8702299878126,TRUE
"h578",2.77777777777778,80.8884217427621,TRUE
"h578",3,79.9363961431574,TRUE
"h578",3.22222222222222,79.0121296048046,TRUE
"h578",3.44444444444444,78.0853946495934,TRUE
"h578",3.66666666666667,77.2520337841586,TRUE
"h578",3.88888888888889,76.458225791694,TRUE
"h578",4.11111111111111,75.735335268081,TRUE
"h578",4.33333333333333,74.9834288497439,TRUE
"h578",4.55555555555556,74.2548983646535,TRUE
"h578",4.77777777777778,73.5765253364802,TRUE
"h578",5,72.9220602032605,TRUE
"h578",5.22222222222222,72.2830580580802,TRUE
"h578",5.44444444444444,71.7084326109525,TRUE
"h578",5.66666666666667,71.1586756884546,TRUE
"h578",5.88888888888889,70.6299736490622,TRUE
"h578",6.11111111111111,70.1191401977236,TRUE
"h578",6.33333333333333,69.691583047748,TRUE
"h578",6.55555555555556,69.2517264953373,TRUE
"h578",6.77777777777778,68.8521264946418,TRUE
"h578",7,68.5241049244664,TRUE
"h578",7.22222222222222,68.2054635848076,TRUE
"h578",7.44444444444444,67.8950203741101,TRUE
"h578",7.66666666666667,67.6552801194559,TRUE
"h578",7.88888888888889,67.4580562081712,TRUE
"h578",8.11111111111111,67.2921515711777,TRUE
"h578",8.33333333333333,67.1580562586037,TRUE
"h578",8.55555555555556,67.0182820267869,TRUE
"h578",8.77777777777778,66.9548932904749,TRUE
"h578",9,66.8737544358202,TRUE
"h578",9.22222222222222,66.8391166817186,TRUE
"h578",9.44444444444444,66.8434249118103,TRUE
"h578",9.66666666666667,66.8627990418624,TRUE
"h578",9.88888888888889,66.96016145575,TRUE
"h578",10.1111111111111,67.1007064005882,TRUE
"h578",10.3333333333333,67.2460850739399,TRUE
"h578",10.5555555555556,67.4026151351979,TRUE
"h578",10.7777777777778,67.6137762746425,TRUE
"h578",11,67.8955103669885,TRUE
"h578",11.2222222222222,68.2124904881186,TRUE
"h578",11.4444444444444,68.5258532335524,TRUE
"h578",11.6666666666667,68.8751732674813,TRUE
"h578",11.8888888888889,69.2719848172071,TRUE
"h578",12.1111111111111,69.683831184458,TRUE
"h578",12.3333333333333,70.1283398475838,TRUE
"h578",12.5555555555556,70.6135617987501,TRUE
"h578",12.7777777777778,71.1220891085917,TRUE
"h578",13,71.6530065540268,TRUE
"h578",13.2222222222222,72.2147458935013,TRUE
"h578",13.4444444444444,72.8177180929778,TRUE
"h578",13.6666666666667,73.4178172888888,TRUE
"h578",13.8888888888889,74.0793105476391,TRUE
"h578",14.1111111111111,74.8343508139526,TRUE
"h578",14.3333333333333,75.5738509369162,TRUE
"h578",14.5555555555556,76.3537512777584,TRUE
"h578",14.7777777777778,77.1531601456072,TRUE
"h578",15,78.0001793275396,TRUE
"h578",15.2222222222222,78.8960297682342,TRUE
"h578",15.4444444444444,79.7967022933925,TRUE
"h578",15.6666666666667,80.734063873735,TRUE
"h578",15.8888888888889,81.7051129251817,TRUE
"h578",16.1111111111111,82.7282849171448,TRUE
"h578",16.3333333333333,83.7448444643891,TRUE
"h578",16.5555555555556,84.8244069779845,TRUE
"h578",16.7777777777778,85.9203869707239,TRUE
"h578",17,87.0484559231311,TRUE
"h578",17.2222222222222,88.214067488716,TRUE
"h578",17.4444444444444,89.4499460995185,TRUE
"h578",17.6666666666667,90.6697673465488,TRUE
"h578",17.8888888888889,91.9655108656743,TRUE
"h578",18.1111111111111,93.2545087333074,TRUE
"h578",18.3333333333333,94.6191978825594,TRUE
"h578",18.5555555555556,95.9815983080314,TRUE
"h578",18.7777777777778,97.3893048266261,TRUE
"h578",19,98.8325722222048,TRUE
"h578",19.2222222222222,100.279925973314,TRUE
"h578",19.4444444444444,101.781050669934,TRUE
"h578",19.6666666666667,103.295246637697,TRUE
"h578",19.8888888888889,104.865629909384,TRUE
"h578",20.1111111111111,106.456798144574,TRUE
"h578",20.3333333333333,108.121719237825,TRUE
"h578",20.5555555555556,109.80384254763,TRUE
"h578",20.7777777777778,111.531270442407,TRUE
"h578",21,113.308368669225,TRUE
"h578",21.2222222222222,115.101801908696,TRUE
"h578",21.4444444444444,116.880558483507,TRUE
"h578",21.6666666666667,118.710136220494,TRUE
"h578",21.8888888888889,120.575008428857,TRUE
"h578",22.1111111111111,122.455426769195,TRUE
"h578",22.3333333333333,124.395876186317,TRUE
"h578",22.5555555555556,126.374392336877,TRUE
"h578",22.7777777777778,128.371751745655,TRUE
"h578",23,130.391967487326,TRUE
"h834",1,74.6569206093363,TRUE
"h834",1.22222222222222,73.2097905210302,TRUE
"h834",1.44444444444444,71.7701908515071,TRUE
"h834",1.66666666666667,70.3701212259464,TRUE
"h834",1.88888888888889,69.000590230335,TRUE
"h834",2.11111111111111,67.674544282338,TRUE
"h834",2.33333333333333,66.3540751902229,TRUE
"h834",2.55555555555556,65.0932803746663,TRUE
"h834",2.77777777777778,63.8638886320024,TRUE
"h834",3,62.6854340660938,TRUE
"h834",3.22222222222222,61.5348466957799,TRUE
"h834",3.44444444444444,60.3909418135496,TRUE
"h834",3.66666666666667,59.3003747633049,TRUE
"h834",3.88888888888889,58.2223868533535,TRUE
"h834",4.11111111111111,57.1794110372552,TRUE
"h834",4.33333333333333,56.2087036960061,TRUE
"h834",4.55555555555556,55.2285248165076,TRUE
"h834",4.77777777777778,54.31613000841,TRUE
"h834",5,53.4081487637453,TRUE
"h834",5.22222222222222,52.5359909405552,TRUE
"h834",5.44444444444444,51.6669562382939,TRUE
"h834",5.66666666666667,50.8789582275797,TRUE
"h834",5.88888888888889,50.0926593250404,TRUE
"h834",6.11111111111111,49.3543568224435,TRUE
"h834",6.33333333333333,48.6459768813088,TRUE
"h834",6.55555555555556,47.9689134149684,TRUE
"h834",6.77777777777778,47.3440861786351,TRUE
"h834",7,46.7380098339584,TRUE
"h834",7.22222222222222,46.1407467889432,TRUE
"h834",7.44444444444444,45.5953090765492,TRUE
"h834",7.66666666666667,45.067571420638,TRUE
"h834",7.88888888888889,44.5812747087001,TRUE
"h834",8.11111111111111,44.1459291560871,TRUE
"h834",8.33333333333333,43.7347921418968,TRUE
"h834",8.55555555555556,43.3617522475979,TRUE
"h834",8.77777777777778,42.9957361206508,TRUE
"h834",9,42.6816849965803,TRUE
"h834",9.22222222222222,42.4094782583838,TRUE
"h834",9.44444444444444,42.1572606775229,TRUE
"h834",9.66666666666667,41.9259334345286,TRUE
"h834",9.88888888888889,41.7204070273743,TRUE
"h834",10.1111111111111,41.5699521288085,TRUE
"h834",10.3333333333333,41.4563347532652,TRUE
"h834",10.5555555555556,41.3868031619156,TRUE
"h834",10.7777777777778,41.3489153049233,TRUE
"h834",11,41.3349901066024,TRUE
"h834",11.2222222222222,41.3705071516744,TRUE
"h834",11.4444444444444,41.4217363797438,TRUE
"h834",11.6666666666667,41.4927038750165,TRUE
"h834",11.8888888888889,41.5944865909898,TRUE
"h834",12.1111111111111,41.7643806267595,TRUE
"h834",12.3333333333333,41.9272004167521,TRUE
"h834",12.5555555555556,42.1095929712772,TRUE
"h834",12.7777777777778,42.3279601212909,TRUE
"h834",13,42.6101951422698,TRUE
"h834",13.2222222222222,42.8923124646767,TRUE
"h834",13.4444444444444,43.247752648077,TRUE
"h834",13.6666666666667,43.6309656543346,TRUE
"h834",13.8888888888889,44.0007052830148,TRUE
"h834",14.1111111111111,44.4435256889567,TRUE
"h834",14.3333333333333,44.9052290779037,TRUE
"h834",14.5555555555556,45.3892450454663,TRUE
"h834",14.7777777777778,45.9612839848622,TRUE
"h834",15,46.5329956116452,TRUE
"h834",15.2222222222222,47.1435127734633,TRUE
"h834",15.4444444444444,47.7616474116987,TRUE
"h834",15.6666666666667,48.4570515488467,TRUE
"h834",15.8888888888889,49.1572885179547,TRUE
"h834",16.1111111111111,49.9019416126307,TRUE
"h834",16.3333333333333,50.6601682304066,TRUE
"h834",16.5555555555556,51.4841861939046,TRUE
"h834",16.7777777777778,52.3185325947061,TRUE
"h834",17,53.2256942088925,TRUE
"h834",17.2222222222222,54.135377279895,TRUE
"h834",17.4444444444444,55.073450813322,TRUE
"h834",17.6666666666667,56.0097434331875,TRUE
"h834",17.8888888888889,57.0002082378044,TRUE
"h834",18.1111111111111,58.0531340435252,TRUE
"h834",18.3333333333333,59.1227889763646,TRUE
"h834",18.5555555555556,60.1958530578716,TRUE
"h834",18.7777777777778,61.3340414805502,TRUE
"h834",19,62.5172962195831,TRUE
"h834",19.2222222222222,63.7201700670724,TRUE
"h834",19.4444444444444,64.9473493413254,TRUE
"h834",19.6666666666667,66.2046377590773,TRUE
"h834",19.8888888888889,67.4956853481956,TRUE
"h834",20.1111111111111,68.8224041301137,TRUE
"h834",20.3333333333333,70.2072165163566,TRUE
"h834",20.5555555555556,71.6240006881144,TRUE
"h834",20.7777777777778,73.039028807016,TRUE
"h834",21,74.5124216071501,TRUE
"h834",21.2222222222222,75.9944532879261,TRUE
"h834",21.4444444444444,77.5105609223449,TRUE
"h834",21.6666666666667,79.1092484606185,TRUE
"h834",21.8888888888889,80.7012036061903,TRUE
"h834",22.1111111111111,82.3285926441436,TRUE
"h834",22.3333333333333,83.9773573176231,TRUE
"h834",22.5555555555556,85.6863060790454,TRUE
"h834",22.7777777777778,87.4360960061675,TRUE
"h834",23,89.2212366693631,TRUE
"i390",1,67.0719174791325,TRUE
"i390",1.22222222222222,65.7100888326383,TRUE
"i390",1.44444444444444,64.4205616833907,TRUE
"i390",1.66666666666667,63.1758369421727,TRUE
"i390",1.88888888888889,61.9754469073479,TRUE
"i390",2.11111111111111,60.7530458852896,TRUE
"i390",2.33333333333333,59.6265851785494,TRUE
"i390",2.55555555555556,58.4816508536221,TRUE
"i390",2.77777777777778,57.3871302164557,TRUE
"i390",3,56.3551453094603,TRUE
"i390",3.22222222222222,55.3055559111495,TRUE
"i390",3.44444444444444,54.3048448278904,TRUE
"i390",3.66666666666667,53.3616482849133,TRUE
"i390",3.88888888888889,52.4213646057765,TRUE
"i390",4.11111111111111,51.4943957609387,TRUE
"i390",4.33333333333333,50.6419852770244,TRUE
"i390",4.55555555555556,49.7714604682531,TRUE
"i390",4.77777777777778,48.9796896676863,TRUE
"i390",5,48.2289798051913,TRUE
"i390",5.22222222222222,47.4900262331294,TRUE
"i390",5.44444444444444,46.795666874388,TRUE
"i390",5.66666666666667,46.1357953101071,TRUE
"i390",5.88888888888889,45.4828190122502,TRUE
"i390",6.11111111111111,44.8619707850137,TRUE
"i390",6.33333333333333,44.3110314562323,TRUE
"i390",6.55555555555556,43.8005038259513,TRUE
"i390",6.77777777777778,43.3279837855954,TRUE
"i390",7,42.8440976064133,TRUE
"i390",7.22222222222222,42.4255612719084,TRUE
"i390",7.44444444444444,42.0219738084329,TRUE
"i390",7.66666666666667,41.6512761026206,TRUE
"i390",7.88888888888889,41.3011235925768,TRUE
"i390",8.11111111111111,40.9748795493745,TRUE
"i390",8.33333333333333,40.7081885802836,TRUE
"i390",8.55555555555556,40.4690986522072,TRUE
"i390",8.77777777777778,40.2710613230237,TRUE
"i390",9,40.0931801939575,TRUE
"i390",9.22222222222222,39.9680103364387,TRUE
"i390",9.44444444444444,39.8383325507344,TRUE
"i390",9.66666666666667,39.7778034082964,TRUE
"i390",9.88888888888889,39.7642503200291,TRUE
"i390",10.1111111111111,39.7191850228767,TRUE
"i390",10.3333333333333,39.7685628520264,TRUE
"i390",10.5555555555556,39.8092284947467,TRUE
"i390",10.7777777777778,39.9176327677909,TRUE
"i390",11,40.068648287158,TRUE
"i390",11.2222222222222,40.2448389673612,TRUE
"i390",11.4444444444444,40.4506469325636,TRUE
"i390",11.6666666666667,40.7177111842698,TRUE
"i390",11.8888888888889,40.9492811268554,TRUE
"i390",12.1111111111111,41.2448214925896,TRUE
"i390",12.3333333333333,41.6052333933551,TRUE
"i390",12.5555555555556,41.9928504883528,TRUE
"i390",12.7777777777778,42.3558127671145,TRUE
"i390",13,42.789239148641,TRUE
"i390",13.2222222222222,43.2467515347228,TRUE
"i390",13.4444444444444,43.7356816304563,TRUE
"i390",13.6666666666667,44.2982494981274,TRUE
"i390",13.8888888888889,44.849151548189,TRUE
"i390",14.1111111111111,45.4230104206612,TRUE
"i390",14.3333333333333,46.0298767314497,TRUE
"i390",14.5555555555556,46.6932847842079,TRUE
"i390",14.7777777777778,47.4150778725521,TRUE
"i390",15,48.1606639118409,TRUE
"i390",15.2222222222222,48.9172782197373,TRUE
"i390",15.4444444444444,49.6969220953304,TRUE
"i390",15.6666666666667,50.5006492493192,TRUE
"i390",15.8888888888889,51.3739065684468,TRUE
"i390",16.1111111111111,52.2703204225553,TRUE
"i390",16.3333333333333,53.1567551158003,TRUE
"i390",16.5555555555556,54.1116344891948,TRUE
"i390",16.7777777777778,55.1237483038403,TRUE
"i390",17,56.1526109519369,TRUE
"i390",17.2222222222222,57.2311726241791,TRUE
"i390",17.4444444444444,58.3158356431043,TRUE
"i390",17.6666666666667,59.4123472970159,TRUE
"i390",17.8888888888889,60.5547401719607,TRUE
"i390",18.1111111111111,61.7252786897896,TRUE
"i390",18.3333333333333,62.9737899307271,TRUE
"i390",18.5555555555556,64.2550731876623,TRUE
"i390",18.7777777777778,65.5362700103692,TRUE
"i390",19,66.8537717725144,TRUE
"i390",19.2222222222222,68.2528297385494,TRUE
"i390",19.4444444444444,69.6829632552484,TRUE
"i390",19.6666666666667,71.0757730751312,TRUE
"i390",19.8888888888889,72.5506732480348,TRUE
"i390",20.1111111111111,74.0262021198429,TRUE
"i390",20.3333333333333,75.5401486531378,TRUE
"i390",20.5555555555556,77.0973545137877,TRUE
"i390",20.7777777777778,78.653950191393,TRUE
"i390",21,80.281469024077,TRUE
"i390",21.2222222222222,81.9205709702843,TRUE
"i390",21.4444444444444,83.6167915278443,TRUE
"i390",21.6666666666667,85.3294337526875,TRUE
"i390",21.8888888888889,87.0748451901257,TRUE
"i390",22.1111111111111,88.8851504340828,TRUE
"i390",22.3333333333333,90.7072131874685,TRUE
"i390",22.5555555555556,92.5687750765228,TRUE
"i390",22.7777777777778,94.45428138412,TRUE
"i390",23,96.3988775892388,TRUE
"i518",1,61.5481575097127,TRUE
"i518",1.22222222222222,60.2243692268448,TRUE
"i518",1.44444444444444,58.9630785832125,TRUE
"i518",1.66666666666667,57.7251461290998,TRUE
"i518",1.88888888888889,56.5460668646626,TRUE
"i518",2.11111111111111,55.3606788566118,TRUE
"i518",2.33333333333333,54.2182813635957,TRUE
"i518",2.55555555555556,53.092647203999,TRUE
"i518",2.77777777777778,52.007663006905,TRUE
"i518",3,50.984261303111,TRUE
"i518",3.22222222222222,49.9761768685945,TRUE
"i518",3.44444444444444,49.0246515156415,TRUE
"i518",3.66666666666667,48.1261000191411,TRUE
"i518",3.88888888888889,47.2115464859361,TRUE
"i518",4.11111111111111,46.3465087256874,TRUE
"i518",4.33333333333333,45.4909044553488,TRUE
"i518",4.55555555555556,44.6613738560307,TRUE
"i518",4.77777777777778,43.8707432130606,TRUE
"i518",5,43.1399769154365,TRUE
"i518",5.22222222222222,42.4592257961065,TRUE
"i518",5.44444444444444,41.7854322856564,TRUE
"i518",5.66666666666667,41.1529430628859,TRUE
"i518",5.88888888888889,40.5083494565063,TRUE
"i518",6.11111111111111,39.9484903285836,TRUE
"i518",6.33333333333333,39.4191882838661,TRUE
"i518",6.55555555555556,38.8867757225561,TRUE
"i518",6.77777777777778,38.4056483614318,TRUE
"i518",7,37.978215924136,TRUE
"i518",7.22222222222222,37.5603973134483,TRUE
"i518",7.44444444444444,37.1855306620925,TRUE
"i518",7.66666666666667,36.8522158287943,TRUE
"i518",7.88888888888889,36.5595984161816,TRUE
"i518",8.11111111111111,36.2825943943865,TRUE
"i518",8.33333333333333,36.0327185897709,TRUE
"i518",8.55555555555556,35.8219313458762,TRUE
"i518",8.77777777777778,35.5799110416808,TRUE
"i518",9,35.4503512561093,TRUE
"i518",9.22222222222222,35.3596129160955,TRUE
"i518",9.44444444444444,35.2771614813452,TRUE
"i518",9.66666666666667,35.2269055879175,TRUE
"i518",9.88888888888889,35.2051921477428,TRUE
"i518",10.1111111111111,35.220693075584,TRUE
"i518",10.3333333333333,35.2544368542703,TRUE
"i518",10.5555555555556,35.3393584789902,TRUE
"i518",10.7777777777778,35.466570809804,TRUE
"i518",11,35.6128452534149,TRUE
"i518",11.2222222222222,35.8025915482648,TRUE
"i518",11.4444444444444,35.9816152477246,TRUE
"i518",11.6666666666667,36.2491259651255,TRUE
"i518",11.8888888888889,36.5445401656912,TRUE
"i518",12.1111111111111,36.862764234038,TRUE
"i518",12.3333333333333,37.2509739838066,TRUE
"i518",12.5555555555556,37.631680855299,TRUE
"i518",12.7777777777778,38.0395009795195,TRUE
"i518",13,38.4722114666994,TRUE
"i518",13.2222222222222,38.9623194026841,TRUE
"i518",13.4444444444444,39.5032243280903,TRUE
"i518",13.6666666666667,40.0421517769521,TRUE
"i518",13.8888888888889,40.6316792084978,TRUE
"i518",14.1111111111111,41.2489386396717,TRUE
"i518",14.3333333333333,41.9049708303769,TRUE
"i518",14.5555555555556,42.6297531663206,TRUE
"i518",14.7777777777778,43.3190141950173,TRUE
"i518",15,44.0652872709165,TRUE
"i518",15.2222222222222,44.8549166185832,TRUE
"i518",15.4444444444444,45.6539925132096,TRUE
"i518",15.6666666666667,46.4757193814388,TRUE
"i518",15.8888888888889,47.325330244147,TRUE
"i518",16.1111111111111,48.2547960451761,TRUE
"i518",16.3333333333333,49.1911867431432,TRUE
"i518",16.5555555555556,50.1509511774719,TRUE
"i518",16.7777777777778,51.1692788122484,TRUE
"i518",17,52.2056074915394,TRUE
"i518",17.2222222222222,53.2938077676164,TRUE
"i518",17.4444444444444,54.4146559503253,TRUE
"i518",17.6666666666667,55.5978232257093,TRUE
"i518",17.8888888888889,56.7492345818304,TRUE
"i518",18.1111111111111,57.9279982984222,TRUE
"i518",18.3333333333333,59.1354557095749,TRUE
"i518",18.5555555555556,60.4323335826044,TRUE
"i518",18.7777777777778,61.7198561534352,TRUE
"i518",19,63.0642605573791,TRUE
"i518",19.2222222222222,64.4211401009008,TRUE
"i518",19.4444444444444,65.8179666491337,TRUE
"i518",19.6666666666667,67.2595965936235,TRUE
"i518",19.8888888888889,68.7033313581625,TRUE
"i518",20.1111111111111,70.1965599311472,TRUE
"i518",20.3333333333333,71.7589298587895,TRUE
"i518",20.5555555555556,73.3406031673804,TRUE
"i518",20.7777777777778,74.9593365602272,TRUE
"i518",21,76.6239900769087,TRUE
"i518",21.2222222222222,78.2855038984297,TRUE
"i518",21.4444444444444,79.997943380193,TRUE
"i518",21.6666666666667,81.7242107152884,TRUE
"i518",21.8888888888889,83.5102394238168,TRUE
"i518",22.1111111111111,85.3014382845178,TRUE
"i518",22.3333333333333,87.1321171277681,TRUE
"i518",22.5555555555556,89.0039630591997,TRUE
"i518",22.7777777777778,90.8888959395086,TRUE
"i518",23,92.8423172823114,TRUE
"j512",1,74.6057715328967,TRUE
"j512",1.22222222222222,73.3872169633042,TRUE
"j512",1.44444444444444,72.1360699986708,TRUE
"j512",1.66666666666667,70.9704120125936,TRUE
"j512",1.88888888888889,69.802453880708,TRUE
"j512",2.11111111111111,68.6706606665729,TRUE
"j512",2.33333333333333,67.5283060894237,TRUE
"j512",2.55555555555556,66.4457071867596,TRUE
"j512",2.77777777777778,65.388284705395,TRUE
"j512",3,64.3996682943217,TRUE
"j512",3.22222222222222,63.4381553421226,TRUE
"j512",3.44444444444444,62.5293949503027,TRUE
"j512",3.66666666666667,61.5923372596299,TRUE
"j512",3.88888888888889,60.6847879129065,TRUE
"j512",4.11111111111111,59.8318116449822,TRUE
"j512",4.33333333333333,59.027599389221,TRUE
"j512",4.55555555555556,58.2246791165046,TRUE
"j512",4.77777777777778,57.4804949710271,TRUE
"j512",5,56.7709671227583,TRUE
"j512",5.22222222222222,56.0935372453718,TRUE
"j512",5.44444444444444,55.4600038020413,TRUE
"j512",5.66666666666667,54.8137867540453,TRUE
"j512",5.88888888888889,54.2156290184379,TRUE
"j512",6.11111111111111,53.6738837728771,TRUE
"j512",6.33333333333333,53.1552723037898,TRUE
"j512",6.55555555555556,52.6373388289646,TRUE
"j512",6.77777777777778,52.2018606161015,TRUE
"j512",7,51.7995762672999,TRUE
"j512",7.22222222222222,51.4310186109553,TRUE
"j512",7.44444444444444,51.097551742372,TRUE
"j512",7.66666666666667,50.7737842479394,TRUE
"j512",7.88888888888889,50.502080606408,TRUE
"j512",8.11111111111111,50.2667253204663,TRUE
"j512",8.33333333333333,50.0541590730963,TRUE
"j512",8.55555555555556,49.8712794536515,TRUE
"j512",8.77777777777778,49.7222893369767,TRUE
"j512",9,49.5744169088989,TRUE
"j512",9.22222222222222,49.4804766642866,TRUE
"j512",9.44444444444444,49.4218642203435,TRUE
"j512",9.66666666666667,49.3659292375044,TRUE
"j512",9.88888888888889,49.375277824773,TRUE
"j512",10.1111111111111,49.4338266300263,TRUE
"j512",10.3333333333333,49.5189215307292,TRUE
"j512",10.5555555555556,49.6443760966634,TRUE
"j512",10.7777777777778,49.7598447733149,TRUE
"j512",11,49.9600390026545,TRUE
"j512",11.2222222222222,50.1790029018255,TRUE
"j512",11.4444444444444,50.4138201226556,TRUE
"j512",11.6666666666667,50.6640411800752,TRUE
"j512",11.8888888888889,50.9891071704919,TRUE
"j512",12.1111111111111,51.3385114837981,TRUE
"j512",12.3333333333333,51.7146455462045,TRUE
"j512",12.5555555555556,52.1121094706716,TRUE
"j512",12.7777777777778,52.5459292547562,TRUE
"j512",13,53.0182240310298,TRUE
"j512",13.2222222222222,53.5568393274595,TRUE
"j512",13.4444444444444,54.125396530643,TRUE
"j512",13.6666666666667,54.7137051446121,TRUE
"j512",13.8888888888889,55.31415795037,TRUE
"j512",14.1111111111111,55.945045610969,TRUE
"j512",14.3333333333333,56.5983053790382,TRUE
"j512",14.5555555555556,57.3181278150092,TRUE
"j512",14.7777777777778,58.0303504860015,TRUE
"j512",15,58.7920232843406,TRUE
"j512",15.2222222222222,59.568311473979,TRUE
"j512",15.4444444444444,60.4236700922527,TRUE
"j512",15.6666666666667,61.2830902680137,TRUE
"j512",15.8888888888889,62.2144188778559,TRUE
"j512",16.1111111111111,63.1227707628508,TRUE
"j512",16.3333333333333,64.1103871229547,TRUE
"j512",16.5555555555556,65.0876096822026,TRUE
"j512",16.7777777777778,66.1351543360706,TRUE
"j512",17,67.240695837757,TRUE
"j512",17.2222222222222,68.3473088144696,TRUE
"j512",17.4444444444444,69.4830239135949,TRUE
"j512",17.6666666666667,70.6777061914328,TRUE
"j512",17.8888888888889,71.8437653067924,TRUE
"j512",18.1111111111111,73.0588210232582,TRUE
"j512",18.3333333333333,74.3329360683608,TRUE
"j512",18.5555555555556,75.6322634995598,TRUE
"j512",18.7777777777778,76.9664185384039,TRUE
"j512",19,78.3234446791841,TRUE
"j512",19.2222222222222,79.7093060551338,TRUE
"j512",19.4444444444444,81.1359092246865,TRUE
"j512",19.6666666666667,82.6323369020145,TRUE
"j512",19.8888888888889,84.0969777221655,TRUE
"j512",20.1111111111111,85.6647857955025,TRUE
"j512",20.3333333333333,87.2268504542288,TRUE
"j512",20.5555555555556,88.8517518833353,TRUE
"j512",20.7777777777778,90.466119286862,TRUE
"j512",21,92.1506099704257,TRUE
"j512",21.2222222222222,93.8247677252022,TRUE
"j512",21.4444444444444,95.5564031211578,TRUE
"j512",21.6666666666667,97.3045871228515,TRUE
"j512",21.8888888888889,99.0752816170456,TRUE
"j512",22.1111111111111,100.896528847621,TRUE
"j512",22.3333333333333,102.772404808441,TRUE
"j512",22.5555555555556,104.636499439235,TRUE
"j512",22.7777777777778,106.583687780975,TRUE
"j512",23,108.539903288888,TRUE
"j594",1,70.6619883580899,TRUE
"j594",1.22222222222222,69.3822020897059,TRUE
"j594",1.44444444444444,68.0991073352287,TRUE
"j594",1.66666666666667,66.8862190727127,TRUE
"j594",1.88888888888889,65.6929947204735,TRUE
"j594",2.11111111111111,64.5233328148262,TRUE
"j594",2.33333333333333,63.3786753468671,TRUE
"j594",2.55555555555556,62.2703709403786,TRUE
"j594",2.77777777777778,61.2387767299748,TRUE
"j594",3,60.2443774328939,TRUE
"j594",3.22222222222222,59.2729580366657,TRUE
"j594",3.44444444444444,58.3268720740615,TRUE
"j594",3.66666666666667,57.4091744068502,TRUE
"j594",3.88888888888889,56.522134750816,TRUE
"j594",4.11111111111111,55.6327477075382,TRUE
"j594",4.33333333333333,54.8241823714439,TRUE
"j594",4.55555555555556,54.0266434231811,TRUE
"j594",4.77777777777778,53.2443132090947,TRUE
"j594",5,52.4941742916611,TRUE
"j594",5.22222222222222,51.7938315992515,TRUE
"j594",5.44444444444444,51.1514982153865,TRUE
"j594",5.66666666666667,50.5180283425723,TRUE
"j594",5.88888888888889,49.9035927267004,TRUE
"j594",6.11111111111111,49.3444268404862,TRUE
"j594",6.33333333333333,48.807634888945,TRUE
"j594",6.55555555555556,48.3335920033031,TRUE
"j594",6.77777777777778,47.8686799672155,TRUE
"j594",7,47.4593391552059,TRUE
"j594",7.22222222222222,47.078811195546,TRUE
"j594",7.44444444444444,46.7016935264031,TRUE
"j594",7.66666666666667,46.3299640906847,TRUE
"j594",7.88888888888889,46.0230833503827,TRUE
"j594",8.11111111111111,45.7758785548876,TRUE
"j594",8.33333333333333,45.552759554945,TRUE
"j594",8.55555555555556,45.3654158701024,TRUE
"j594",8.77777777777778,45.2367203569018,TRUE
"j594",9,45.124202331693,TRUE
"j594",9.22222222222222,45.0332880103896,TRUE
"j594",9.44444444444444,44.9977588301441,TRUE
"j594",9.66666666666667,44.9576495369678,TRUE
"j594",9.88888888888889,44.9482902192457,TRUE
"j594",10.1111111111111,44.9827086822226,TRUE
"j594",10.3333333333333,45.0226869103899,TRUE
"j594",10.5555555555556,45.144171083016,TRUE
"j594",10.7777777777778,45.2717424862994,TRUE
"j594",11,45.4295077888286,TRUE
"j594",11.2222222222222,45.6406707450563,TRUE
"j594",11.4444444444444,45.8435839342309,TRUE
"j594",11.6666666666667,46.1006075597536,TRUE
"j594",11.8888888888889,46.4231574438867,TRUE
"j594",12.1111111111111,46.7445962718487,TRUE
"j594",12.3333333333333,47.0935274969274,TRUE
"j594",12.5555555555556,47.4970385755194,TRUE
"j594",12.7777777777778,47.884591066237,TRUE
"j594",13,48.3222742926313,TRUE
"j594",13.2222222222222,48.8324376332713,TRUE
"j594",13.4444444444444,49.3534728072092,TRUE
"j594",13.6666666666667,49.9032623958768,TRUE
"j594",13.8888888888889,50.4767907605956,TRUE
"j594",14.1111111111111,51.0990495347359,TRUE
"j594",14.3333333333333,51.7729318840583,TRUE
"j594",14.5555555555556,52.4686412772656,TRUE
"j594",14.7777777777778,53.1946110424368,TRUE
"j594",15,54.0045768828832,TRUE
"j594",15.2222222222222,54.777447735304,TRUE
"j594",15.4444444444444,55.573140827143,TRUE
"j594",15.6666666666667,56.4444969470254,TRUE
"j594",15.8888888888889,57.3400387765304,TRUE
"j594",16.1111111111111,58.254371283321,TRUE
"j594",16.3333333333333,59.2166370272973,TRUE
"j594",16.5555555555556,60.2594250960573,TRUE
"j594",16.7777777777778,61.2864501649975,TRUE
"j594",17,62.3416685834054,TRUE
"j594",17.2222222222222,63.4465083676201,TRUE
"j594",17.4444444444444,64.5332114705576,TRUE
"j594",17.6666666666667,65.7084616197582,TRUE
"j594",17.8888888888889,66.9016492320963,TRUE
"j594",18.1111111111111,68.1448862343029,TRUE
"j594",18.3333333333333,69.4152330173843,TRUE
"j594",18.5555555555556,70.6846024581874,TRUE
"j594",18.7777777777778,71.9935026983609,TRUE
"j594",19,73.3655482578609,TRUE
"j594",19.2222222222222,74.7400746354913,TRUE
"j594",19.4444444444444,76.1895229172955,TRUE
"j594",19.6666666666667,77.6932309576795,TRUE
"j594",19.8888888888889,79.2063935199538,TRUE
"j594",20.1111111111111,80.6826394772532,TRUE
"j594",20.3333333333333,82.2700887446467,TRUE
"j594",20.5555555555556,83.8267405340392,TRUE
"j594",20.7777777777778,85.4652456683911,TRUE
"j594",21,87.0697533073282,TRUE
"j594",21.2222222222222,88.7379381600619,TRUE
"j594",21.4444444444444,90.476476411246,TRUE
"j594",21.6666666666667,92.2303094973676,TRUE
"j594",21.8888888888889,93.9531266520352,TRUE
"j594",22.1111111111111,95.7347382192105,TRUE
"j594",22.3333333333333,97.5611716676632,TRUE
"j594",22.5555555555556,99.4381246617153,TRUE
"j594",22.7777777777778,101.351869380467,TRUE
"j594",23,103.276394327951,TRUE
"j703",1,77.9427530336365,TRUE
"j703",1.22222222222222,76.6855693325445,TRUE
"j703",1.44444444444444,75.4354466555912,TRUE
"j703",1.66666666666667,74.2349591286059,TRUE
"j703",1.88888888888889,73.1006060676049,TRUE
"j703",2.11111111111111,71.9249798699359,TRUE
"j703",2.33333333333333,70.8679291220212,TRUE
"j703",2.55555555555556,69.8086990187421,TRUE
"j703",2.77777777777778,68.7663843949716,TRUE
"j703",3,67.7627438178891,TRUE
"j703",3.22222222222222,66.8123343952175,TRUE
"j703",3.44444444444444,65.8870557625838,TRUE
"j703",3.66666666666667,64.9796499187468,TRUE
"j703",3.88888888888889,64.0677327935271,TRUE
"j703",4.11111111111111,63.2320901861224,TRUE
"j703",4.33333333333333,62.4228695914901,TRUE
"j703",4.55555555555556,61.6578360607166,TRUE
"j703",4.77777777777778,60.9422610044647,TRUE
"j703",5,60.2435922524722,TRUE
"j703",5.22222222222222,59.5672619378205,TRUE
"j703",5.44444444444444,58.9602590474601,TRUE
"j703",5.66666666666667,58.3502729154764,TRUE
"j703",5.88888888888889,57.7518681231983,TRUE
"j703",6.11111111111111,57.2044518894461,TRUE
"j703",6.33333333333333,56.689258819218,TRUE
"j703",6.55555555555556,56.2467043553978,TRUE
"j703",6.77777777777778,55.7973704891158,TRUE
"j703",7,55.4095180195508,TRUE
"j703",7.22222222222222,55.0374324397288,TRUE
"j703",7.44444444444444,54.7076536633439,TRUE
"j703",7.66666666666667,54.4154218257826,TRUE
"j703",7.88888888888889,54.1507110302846,TRUE
"j703",8.11111111111111,53.9153347465137,TRUE
"j703",8.33333333333333,53.6863525229243,TRUE
"j703",8.55555555555556,53.5307564983029,TRUE
"j703",8.77777777777778,53.3954276762334,TRUE
"j703",9,53.2554694097929,TRUE
"j703",9.22222222222222,53.1962431277854,TRUE
"j703",9.44444444444444,53.1525635553435,TRUE
"j703",9.66666666666667,53.1536191589396,TRUE
"j703",9.88888888888889,53.1743810555219,TRUE
"j703",10.1111111111111,53.2114839589868,TRUE
"j703",10.3333333333333,53.2751115758045,TRUE
"j703",10.5555555555556,53.3984580991366,TRUE
"j703",10.7777777777778,53.5657465679295,TRUE
"j703",11,53.7207907233066,TRUE
"j703",11.2222222222222,53.9461634443591,TRUE
"j703",11.4444444444444,54.1836071070246,TRUE
"j703",11.6666666666667,54.428351345517,TRUE
"j703",11.8888888888889,54.7293423268779,TRUE
"j703",12.1111111111111,55.0582584743161,TRUE
"j703",12.3333333333333,55.4548100405447,TRUE
"j703",12.5555555555556,55.859289448219,TRUE
"j703",12.7777777777778,56.3176307589778,TRUE
"j703",13,56.8123065894454,TRUE
"j703",13.2222222222222,57.3658979326674,TRUE
"j703",13.4444444444444,57.9284417707967,TRUE
"j703",13.6666666666667,58.4970261371018,TRUE
"j703",13.8888888888889,59.0939092686278,TRUE
"j703",14.1111111111111,59.733700311654,TRUE
"j703",14.3333333333333,60.4024266905259,TRUE
"j703",14.5555555555556,61.1227761231973,TRUE
"j703",14.7777777777778,61.8730336117967,TRUE
"j703",15,62.6689251553826,TRUE
"j703",15.2222222222222,63.4543456238686,TRUE
"j703",15.4444444444444,64.2993261490616,TRUE
"j703",15.6666666666667,65.1867205001836,TRUE
"j703",15.8888888888889,66.0974011884279,TRUE
"j703",16.1111111111111,67.0345281408272,TRUE
"j703",16.3333333333333,68.0117221477153,TRUE
"j703",16.5555555555556,69.0127565228175,TRUE
"j703",16.7777777777778,70.0374824991473,TRUE
"j703",17,71.0774635934609,TRUE
"j703",17.2222222222222,72.1689935770107,TRUE
"j703",17.4444444444444,73.298081663751,TRUE
"j703",17.6666666666667,74.4762492528119,TRUE
"j703",17.8888888888889,75.675880044835,TRUE
"j703",18.1111111111111,76.8967777799598,TRUE
"j703",18.3333333333333,78.1864633696535,TRUE
"j703",18.5555555555556,79.5381951678952,TRUE
"j703",18.7777777777778,80.8674419287704,TRUE
"j703",19,82.2319772452288,TRUE
"j703",19.2222222222222,83.6137320852067,TRUE
"j703",19.4444444444444,85.0314477852291,TRUE
"j703",19.6666666666667,86.4955300885596,TRUE
"j703",19.8888888888889,88.0394988743611,TRUE
"j703",20.1111111111111,89.5965118148018,TRUE
"j703",20.3333333333333,91.133435506067,TRUE
"j703",20.5555555555556,92.7356155316589,TRUE
"j703",20.7777777777778,94.3808067126431,TRUE
"j703",21,96.0434466972525,TRUE
"j703",21.2222222222222,97.7800072135957,TRUE
"j703",21.4444444444444,99.5055566441135,TRUE
"j703",21.6666666666667,101.273926201001,TRUE
"j703",21.8888888888889,103.102711907726,TRUE
"j703",22.1111111111111,104.951387400273,TRUE
"j703",22.3333333333333,106.851291525858,TRUE
"j703",22.5555555555556,108.749168776893,TRUE
"j703",22.7777777777778,110.629351399679,TRUE
"j703",23,112.576802109875,TRUE
"j746",1,82.842637515466,TRUE
"j746",1.22222222222222,81.6231362154885,TRUE
"j746",1.44444444444444,80.3987547657957,TRUE
"j746",1.66666666666667,79.221141035752,TRUE
"j746",1.88888888888889,78.0951740093751,TRUE
"j746",2.11111111111111,76.9965505513624,TRUE
"j746",2.33333333333333,75.9143877625288,TRUE
"j746",2.55555555555556,74.8672160445267,TRUE
"j746",2.77777777777778,73.8257489052891,TRUE
"j746",3,72.8355800662102,TRUE
"j746",3.22222222222222,71.8828545823735,TRUE
"j746",3.44444444444444,70.9674344193815,TRUE
"j746",3.66666666666667,70.0607406791864,TRUE
"j746",3.88888888888889,69.1917202532529,TRUE
"j746",4.11111111111111,68.3941291724446,TRUE
"j746",4.33333333333333,67.6311430209998,TRUE
"j746",4.55555555555556,66.8503992570299,TRUE
"j746",4.77777777777778,66.1448841405865,TRUE
"j746",5,65.4659652394458,TRUE
"j746",5.22222222222222,64.8020624428646,TRUE
"j746",5.44444444444444,64.1653662625503,TRUE
"j746",5.66666666666667,63.5846672638359,TRUE
"j746",5.88888888888889,63.0163372552214,TRUE
"j746",6.11111111111111,62.4975568484598,TRUE
"j746",6.33333333333333,62.027742680369,TRUE
"j746",6.55555555555556,61.5774218736798,TRUE
"j746",6.77777777777778,61.1367151679073,TRUE
"j746",7,60.7077856019048,TRUE
"j746",7.22222222222222,60.3331458756846,TRUE
"j746",7.44444444444444,59.9867471573935,TRUE
"j746",7.66666666666667,59.6966617611248,TRUE
"j746",7.88888888888889,59.4415997724479,TRUE
"j746",8.11111111111111,59.1887492557139,TRUE
"j746",8.33333333333333,58.9776622028091,TRUE
"j746",8.55555555555556,58.8416013324509,TRUE
"j746",8.77777777777778,58.7119214694007,TRUE
"j746",9,58.6219876546636,TRUE
"j746",9.22222222222222,58.5435342715126,TRUE
"j746",9.44444444444444,58.533991261174,TRUE
"j746",9.66666666666667,58.5074268736328,TRUE
"j746",9.88888888888889,58.5456751508483,TRUE
"j746",10.1111111111111,58.6077476247354,TRUE
"j746",10.3333333333333,58.7139859670964,TRUE
"j746",10.5555555555556,58.8553739586945,TRUE
"j746",10.7777777777778,59.0135833310541,TRUE
"j746",11,59.2347044111782,TRUE
"j746",11.2222222222222,59.4784334263783,TRUE
"j746",11.4444444444444,59.749380016609,TRUE
"j746",11.6666666666667,60.0289221974794,TRUE
"j746",11.8888888888889,60.3470791812239,TRUE
"j746",12.1111111111111,60.697281268888,TRUE
"j746",12.3333333333333,61.0997959461099,TRUE
"j746",12.5555555555556,61.5488159441478,TRUE
"j746",12.7777777777778,62.0055353098641,TRUE
"j746",13,62.4891299966979,TRUE
"j746",13.2222222222222,63.0471246060983,TRUE
"j746",13.4444444444444,63.6195616396754,TRUE
"j746",13.6666666666667,64.2063241439284,TRUE
"j746",13.8888888888889,64.8619744543141,TRUE
"j746",14.1111111111111,65.5406594497962,TRUE
"j746",14.3333333333333,66.2243962722608,TRUE
"j746",14.5555555555556,66.9589240662537,TRUE
"j746",14.7777777777778,67.7209538747578,TRUE
"j746",15,68.5002855851957,TRUE
"j746",15.2222222222222,69.3054210111529,TRUE
"j746",15.4444444444444,70.1504490700652,TRUE
"j746",15.6666666666667,71.0407653427124,TRUE
"j746",15.8888888888889,71.9985470713031,TRUE
"j746",16.1111111111111,72.9685043636101,TRUE
"j746",16.3333333333333,73.9750012743712,TRUE
"j746",16.5555555555556,75.0020017580684,TRUE
"j746",16.7777777777778,76.0571285924449,TRUE
"j746",17,77.1684629896179,TRUE
"j746",17.2222222222222,78.2631187802183,TRUE
"j746",17.4444444444444,79.4331218872828,TRUE
"j746",17.6666666666667,80.5829596313338,TRUE
"j746",17.8888888888889,81.7848567252256,TRUE
"j746",18.1111111111111,83.031816402556,TRUE
"j746",18.3333333333333,84.3160112722694,TRUE
"j746",18.5555555555556,85.6187352325626,TRUE
"j746",18.7777777777778,86.9543825440495,TRUE
"j746",19,88.3164628485074,TRUE
"j746",19.2222222222222,89.7594284819128,TRUE
"j746",19.4444444444444,91.2175511444972,TRUE
"j746",19.6666666666667,92.6890031623358,TRUE
"j746",19.8888888888889,94.2088658958179,TRUE
"j746",20.1111111111111,95.7532951837909,TRUE
"j746",20.3333333333333,97.3319180557488,TRUE
"j746",20.5555555555556,98.9504816322068,TRUE
"j746",20.7777777777778,100.59339988069,TRUE
"j746",21,102.313698202358,TRUE
"j746",21.2222222222222,104.006753155513,TRUE
"j746",21.4444444444444,105.752392458394,TRUE
"j746",21.6666666666667,107.48875571727,TRUE
"j746",21.8888888888889,109.320704315655,TRUE
"j746",22.1111111111111,111.175015896243,TRUE
"j746",22.3333333333333,113.046077379448,TRUE
"j746",22.5555555555556,114.922035611894,TRUE
"j746",22.7777777777778,116.842607904969,TRUE
"j746",23,118.808144094778,TRUE
"j759",1,68.5341369154533,TRUE
"j759",1.22222222222222,67.2458358920313,TRUE
"j759",1.44444444444444,65.9798375025393,TRUE
"j759",1.66666666666667,64.777823955108,TRUE
"j759",1.88888888888889,63.6140675193376,TRUE
"j759",2.11111111111111,62.4746149475785,TRUE
"j759",2.33333333333333,61.3664525510534,TRUE
"j759",2.55555555555556,60.3036129837604,TRUE
"j759",2.77777777777778,59.2455073016486,TRUE
"j759",3,58.2340643137706,TRUE
"j759",3.22222222222222,57.2699188235697,TRUE
"j759",3.44444444444444,56.2774649690862,TRUE
"j759",3.66666666666667,55.3679194789985,TRUE
"j759",3.88888888888889,54.4798118856327,TRUE
"j759",4.11111111111111,53.6479701427302,TRUE
"j759",4.33333333333333,52.8457789319996,TRUE
"j759",4.55555555555556,52.0561910684045,TRUE
"j759",4.77777777777778,51.2939633884205,TRUE
"j759",5,50.5702238616126,TRUE
"j759",5.22222222222222,49.8792951195368,TRUE
"j759",5.44444444444444,49.2237385669173,TRUE
"j759",5.66666666666667,48.5916399479384,TRUE
"j759",5.88888888888889,48.0033349529954,TRUE
"j759",6.11111111111111,47.4570273990281,TRUE
"j759",6.33333333333333,46.9316352395478,TRUE
"j759",6.55555555555556,46.4533331182322,TRUE
"j759",6.77777777777778,45.9616726307031,TRUE
"j759",7,45.5490933759853,TRUE
"j759",7.22222222222222,45.1492447043888,TRUE
"j759",7.44444444444444,44.8003894444991,TRUE
"j759",7.66666666666667,44.4845203219508,TRUE
"j759",7.88888888888889,44.1959215855675,TRUE
"j759",8.11111111111111,43.943100192251,TRUE
"j759",8.33333333333333,43.7278898247936,TRUE
"j759",8.55555555555556,43.5479588368838,TRUE
"j759",8.77777777777778,43.3503842311302,TRUE
"j759",9,43.2213955326022,TRUE
"j759",9.22222222222222,43.1447844008756,TRUE
"j759",9.44444444444444,43.085552186823,TRUE
"j759",9.66666666666667,43.0522518590947,TRUE
"j759",9.88888888888889,43.042382543886,TRUE
"j759",10.1111111111111,43.0734149235183,TRUE
"j759",10.3333333333333,43.1624590840055,TRUE
"j759",10.5555555555556,43.2490948099096,TRUE
"j759",10.7777777777778,43.3796407177554,TRUE
"j759",11,43.5847031249204,TRUE
"j759",11.2222222222222,43.7887356946527,TRUE
"j759",11.4444444444444,44.0408482410382,TRUE
"j759",11.6666666666667,44.2780059676852,TRUE
"j759",11.8888888888889,44.5895777211888,TRUE
"j759",12.1111111111111,44.9220108085088,TRUE
"j759",12.3333333333333,45.3068714156236,TRUE
"j759",12.5555555555556,45.7167274568642,TRUE
"j759",12.7777777777778,46.158384693035,TRUE
"j759",13,46.6503926933888,TRUE
"j759",13.2222222222222,47.1057940469047,TRUE
"j759",13.4444444444444,47.6309876802244,TRUE
"j759",13.6666666666667,48.2094401630163,TRUE
"j759",13.8888888888889,48.7989274062707,TRUE
"j759",14.1111111111111,49.3889264061629,TRUE
"j759",14.3333333333333,50.0350119532777,TRUE
"j759",14.5555555555556,50.728267618626,TRUE
"j759",14.7777777777778,51.454027016073,TRUE
"j759",15,52.2115728028212,TRUE
"j759",15.2222222222222,53.0108707616061,TRUE
"j759",15.4444444444444,53.8497058007937,TRUE
"j759",15.6666666666667,54.70022534291,TRUE
"j759",15.8888888888889,55.5775362987511,TRUE
"j759",16.1111111111111,56.5049152395465,TRUE
"j759",16.3333333333333,57.4530006003004,TRUE
"j759",16.5555555555556,58.4439356302946,TRUE
"j759",16.7777777777778,59.4632532971175,TRUE
"j759",17,60.5250360921678,TRUE
"j759",17.2222222222222,61.6384068015354,TRUE
"j759",17.4444444444444,62.7627096324538,TRUE
"j759",17.6666666666667,63.9334123352724,TRUE
"j759",17.8888888888889,65.1350348492765,TRUE
"j759",18.1111111111111,66.3435900082542,TRUE
"j759",18.3333333333333,67.5973036893741,TRUE
"j759",18.5555555555556,68.8679243249218,TRUE
"j759",18.7777777777778,70.1837816084352,TRUE
"j759",19,71.5356861761253,TRUE
"j759",19.2222222222222,72.9039489901982,TRUE
"j759",19.4444444444444,74.2960128995946,TRUE
"j759",19.6666666666667,75.7658114349573,TRUE
"j759",19.8888888888889,77.2451129246498,TRUE
"j759",20.1111111111111,78.7812877011952,TRUE
"j759",20.3333333333333,80.3339280222791,TRUE
"j759",20.5555555555556,81.924099317531,TRUE
"j759",20.7777777777778,83.538375627628,TRUE
"j759",21,85.2151517562001,TRUE
"j759",21.2222222222222,86.9235557450838,TRUE
"j759",21.4444444444444,88.6415669096177,TRUE
"j759",21.6666666666667,90.3981236398591,TRUE
"j759",21.8888888888889,92.1522225131161,TRUE
"j759",22.1111111111111,94.000466961898,TRUE
"j759",22.3333333333333,95.8273567080801,TRUE
"j759",22.5555555555556,97.714435534678,TRUE
"j759",22.7777777777778,99.6475088722481,TRUE
"j759",23,101.583540955587,TRUE
"j792",1,67.0321046926928,TRUE
"j792",1.22222222222222,65.7462282727426,TRUE
"j792",1.44444444444444,64.4972008107686,TRUE
"j792",1.66666666666667,63.2893373980652,TRUE
"j792",1.88888888888889,62.1153836558834,TRUE
"j792",2.11111111111111,60.9510568503531,TRUE
"j792",2.33333333333333,59.8236292465784,TRUE
"j792",2.55555555555556,58.72757438805,TRUE
"j792",2.77777777777778,57.6788050595495,TRUE
"j792",3,56.6470041069904,TRUE
"j792",3.22222222222222,55.6462414630087,TRUE
"j792",3.44444444444444,54.7057967240481,TRUE
"j792",3.66666666666667,53.7709434079287,TRUE
"j792",3.88888888888889,52.9076204864194,TRUE
"j792",4.11111111111111,52.0542797786136,TRUE
"j792",4.33333333333333,51.2379225590452,TRUE
"j792",4.55555555555556,50.4503111821192,TRUE
"j792",4.77777777777778,49.6828715436048,TRUE
"j792",5,48.9555450698181,TRUE
"j792",5.22222222222222,48.2631985307039,TRUE
"j792",5.44444444444444,47.5899210519532,TRUE
"j792",5.66666666666667,46.9761097534933,TRUE
"j792",5.88888888888889,46.3820586822732,TRUE
"j792",6.11111111111111,45.8158138594352,TRUE
"j792",6.33333333333333,45.2921973861377,TRUE
"j792",6.55555555555556,44.7686971461853,TRUE
"j792",6.77777777777778,44.3219141076022,TRUE
"j792",7,43.8984896060687,TRUE
"j792",7.22222222222222,43.5167313422585,TRUE
"j792",7.44444444444444,43.2013286823528,TRUE
"j792",7.66666666666667,42.8984131277392,TRUE
"j792",7.88888888888889,42.6292138824055,TRUE
"j792",8.11111111111111,42.3939704684216,TRUE
"j792",8.33333333333333,42.1789711566664,TRUE
"j792",8.55555555555556,42.0079998793162,TRUE
"j792",8.77777777777778,41.8384133005578,TRUE
"j792",9,41.7428236310083,TRUE
"j792",9.22222222222222,41.6614134362258,TRUE
"j792",9.44444444444444,41.5982416121155,TRUE
"j792",9.66666666666667,41.583907036628,TRUE
"j792",9.88888888888889,41.558283048877,TRUE
"j792",10.1111111111111,41.5953230795713,TRUE
"j792",10.3333333333333,41.6985052354429,TRUE
"j792",10.5555555555556,41.8163318666981,TRUE
"j792",10.7777777777778,41.9446181747961,TRUE
"j792",11,42.1196284593673,TRUE
"j792",11.2222222222222,42.3386850186726,TRUE
"j792",11.4444444444444,42.5688069496312,TRUE
"j792",11.6666666666667,42.8588551851716,TRUE
"j792",11.8888888888889,43.167605032078,TRUE
"j792",12.1111111111111,43.5238616930687,TRUE
"j792",12.3333333333333,43.8901321790004,TRUE
"j792",12.5555555555556,44.2973696664727,TRUE
"j792",12.7777777777778,44.7125843863888,TRUE
"j792",13,45.2023294396984,TRUE
"j792",13.2222222222222,45.6870049182672,TRUE
"j792",13.4444444444444,46.2318295884352,TRUE
"j792",13.6666666666667,46.8076628355934,TRUE
"j792",13.8888888888889,47.4246200146477,TRUE
"j792",14.1111111111111,48.057662248393,TRUE
"j792",14.3333333333333,48.6904440875695,TRUE
"j792",14.5555555555556,49.4027903037878,TRUE
"j792",14.7777777777778,50.1349612900584,TRUE
"j792",15,50.8766906641284,TRUE
"j792",15.2222222222222,51.6613676772865,TRUE
"j792",15.4444444444444,52.4755146555036,TRUE
"j792",15.6666666666667,53.3635266717063,TRUE
"j792",15.8888888888889,54.2713591276931,TRUE
"j792",16.1111111111111,55.1946281721355,TRUE
"j792",16.3333333333333,56.1579648673463,TRUE
"j792",16.5555555555556,57.1834297061092,TRUE
"j792",16.7777777777778,58.2245424574291,TRUE
"j792",17,59.275246480627,TRUE
"j792",17.2222222222222,60.3593901836658,TRUE
"j792",17.4444444444444,61.4792851581023,TRUE
"j792",17.6666666666667,62.6383459602619,TRUE
"j792",17.8888888888889,63.8265379811186,TRUE
"j792",18.1111111111111,65.0743955284948,TRUE
"j792",18.3333333333333,66.3046433590321,TRUE
"j792",18.5555555555556,67.5770864346628,TRUE
"j792",18.7777777777778,68.8924810746238,TRUE
"j792",19,70.2620407915541,TRUE
"j792",19.2222222222222,71.6719655184501,TRUE
"j792",19.4444444444444,73.1031095774207,TRUE
"j792",19.6666666666667,74.5393615473601,TRUE
"j792",19.8888888888889,76.0460459519155,TRUE
"j792",20.1111111111111,77.5700686585445,TRUE
"j792",20.3333333333333,79.1194383285493,TRUE
"j792",20.5555555555556,80.7008606938608,TRUE
"j792",20.7777777777778,82.3007196810623,TRUE
"j792",21,83.9739205908778,TRUE
"j792",21.2222222222222,85.6628681552684,TRUE
"j792",21.4444444444444,87.3798237208761,TRUE
"j792",21.6666666666667,89.1711816005519,TRUE
"j792",21.8888888888889,90.9847130179078,TRUE
"j792",22.1111111111111,92.7833892881348,TRUE
"j792",22.3333333333333,94.6454815883044,TRUE
"j792",22.5555555555556,96.532124869456,TRUE
"j792",22.7777777777778,98.4588584919743,TRUE
"j792",23,100.424087764507,TRUE
"j857",1,75.4665498363729,TRUE
"j857",1.22222222222222,74.3511713398391,TRUE
"j857",1.44444444444444,73.2317554437507,TRUE
"j857",1.66666666666667,72.1149166479365,TRUE
"j857",1.88888888888889,71.0547579712479,TRUE
"j857",2.11111111111111,70.0368679724237,TRUE
"j857",2.33333333333333,69.0626177347547,TRUE
"j857",2.55555555555556,68.1235105038846,TRUE
"j857",2.77777777777778,67.2151839791504,TRUE
"j857",3,66.3525999706348,TRUE
"j857",3.22222222222222,65.5010713115087,TRUE
"j857",3.44444444444444,64.7122927453484,TRUE
"j857",3.66666666666667,63.9200225605067,TRUE
"j857",3.88888888888889,63.175067349635,TRUE
"j857",4.11111111111111,62.4688510990975,TRUE
"j857",4.33333333333333,61.8058868240258,TRUE
"j857",4.55555555555556,61.1659910309188,TRUE
"j857",4.77777777777778,60.5600533297713,TRUE
"j857",5,59.9874580659829,TRUE
"j857",5.22222222222222,59.4310609968585,TRUE
"j857",5.44444444444444,58.9086906584031,TRUE
"j857",5.66666666666667,58.4167293175882,TRUE
"j857",5.88888888888889,57.9651908892672,TRUE
"j857",6.11111111111111,57.5695802794486,TRUE
"j857",6.33333333333333,57.1860172000301,TRUE
"j857",6.55555555555556,56.8716777090745,TRUE
"j857",6.77777777777778,56.5342609005095,TRUE
"j857",7,56.2097375982861,TRUE
"j857",7.22222222222222,55.9858833202621,TRUE
"j857",7.44444444444444,55.7678933626018,TRUE
"j857",7.66666666666667,55.5679854192556,TRUE
"j857",7.88888888888889,55.4109802946049,TRUE
"j857",8.11111111111111,55.2859036658545,TRUE
"j857",8.33333333333333,55.1883948926721,TRUE
"j857",8.55555555555556,55.1149031493039,TRUE
"j857",8.77777777777778,55.0988414734425,TRUE
"j857",9,55.1018860686017,TRUE
"j857",9.22222222222222,55.1464141958016,TRUE
"j857",9.44444444444444,55.1952596283171,TRUE
"j857",9.66666666666667,55.303913197186,TRUE
"j857",9.88888888888889,55.4586506593716,TRUE
"j857",10.1111111111111,55.673291025859,TRUE
"j857",10.3333333333333,55.8961639813659,TRUE
"j857",10.5555555555556,56.1510563665286,TRUE
"j857",10.7777777777778,56.4338815699596,TRUE
"j857",11,56.7665836981003,TRUE
"j857",11.2222222222222,57.1052953825539,TRUE
"j857",11.4444444444444,57.525372182665,TRUE
"j857",11.6666666666667,57.9376873111528,TRUE
"j857",11.8888888888889,58.3915835843023,TRUE
"j857",12.1111111111111,58.8758425479243,TRUE
"j857",12.3333333333333,59.4012544687139,TRUE
"j857",12.5555555555556,59.9235135280905,TRUE
"j857",12.7777777777778,60.4967899090465,TRUE
"j857",13,61.1139976813828,TRUE
"j857",13.2222222222222,61.7631273365237,TRUE
"j857",13.4444444444444,62.4242232396763,TRUE
"j857",13.6666666666667,63.1421443582819,TRUE
"j857",13.8888888888889,63.907697972054,TRUE
"j857",14.1111111111111,64.6795732387154,TRUE
"j857",14.3333333333333,65.4979660372232,TRUE
"j857",14.5555555555556,66.3381312445209,TRUE
"j857",14.7777777777778,67.2030920573568,TRUE
"j857",15,68.1042670159185,TRUE
"j857",15.2222222222222,69.0339903315639,TRUE
"j857",15.4444444444444,69.9890994018836,TRUE
"j857",15.6666666666667,70.959452182577,TRUE
"j857",15.8888888888889,71.994087036897,TRUE
"j857",16.1111111111111,73.0449234675681,TRUE
"j857",16.3333333333333,74.1275750518283,TRUE
"j857",16.5555555555556,75.2508555593698,TRUE
"j857",16.7777777777778,76.4241891395559,TRUE
"j857",17,77.6322258370207,TRUE
"j857",17.2222222222222,78.8318378238316,TRUE
"j857",17.4444444444444,80.110196891527,TRUE
"j857",17.6666666666667,81.417765329398,TRUE
"j857",17.8888888888889,82.771114252086,TRUE
"j857",18.1111111111111,84.154027910975,TRUE
"j857",18.3333333333333,85.5632206353377,TRUE
"j857",18.5555555555556,86.9999266745403,TRUE
"j857",18.7777777777778,88.4493363692523,TRUE
"j857",19,89.93599363065,TRUE
"j857",19.2222222222222,91.4510417659106,TRUE
"j857",19.4444444444444,93.006745478075,TRUE
"j857",19.6666666666667,94.6111821265595,TRUE
"j857",19.8888888888889,96.2302359002814,TRUE
"j857",20.1111111111111,97.9009681455415,TRUE
"j857",20.3333333333333,99.5976963212854,TRUE
"j857",20.5555555555556,101.3300781026,TRUE
"j857",20.7777777777778,103.072308921524,TRUE
"j857",21,104.876460224806,TRUE
"j857",21.2222222222222,106.700139465696,TRUE
"j857",21.4444444444444,108.551358468916,TRUE
"j857",21.6666666666667,110.452566597782,TRUE
"j857",21.8888888888889,112.387511080256,TRUE
"j857",22.1111111111111,114.353100798819,TRUE
"j857",22.3333333333333,116.348282231289,TRUE
"j857",22.5555555555556,118.38829604798,TRUE
"j857",22.7777777777778,120.470423532371,TRUE
"j857",23,122.542221733878,TRUE
"j858",1,69.1264661193748,TRUE
"j858",1.22222222222222,67.9555474966788,TRUE
"j858",1.44444444444444,66.8061134399615,TRUE
"j858",1.66666666666667,65.6929219664937,TRUE
"j858",1.88888888888889,64.6019522996175,TRUE
"j858",2.11111111111111,63.5397663511035,TRUE
"j858",2.33333333333333,62.5074189545164,TRUE
"j858",2.55555555555556,61.5272298904007,TRUE
"j858",2.77777777777778,60.5655376830018,TRUE
"j858",3,59.6348575004358,TRUE
"j858",3.22222222222222,58.7481383308027,TRUE
"j858",3.44444444444444,57.888121128139,TRUE
"j858",3.66666666666667,57.0862890272905,TRUE
"j858",3.88888888888889,56.3111796608342,TRUE
"j858",4.11111111111111,55.6118179486158,TRUE
"j858",4.33333333333333,54.899808442039,TRUE
"j858",4.55555555555556,54.2097087523297,TRUE
"j858",4.77777777777778,53.5891585202704,TRUE
"j858",5,52.9839460624847,TRUE
"j858",5.22222222222222,52.3852529304414,TRUE
"j858",5.44444444444444,51.8228446437703,TRUE
"j858",5.66666666666667,51.3039972931279,TRUE
"j858",5.88888888888889,50.8328901922096,TRUE
"j858",6.11111111111111,50.3886468789631,TRUE
"j858",6.33333333333333,49.9702531886292,TRUE
"j858",6.55555555555556,49.6228328000211,TRUE
"j858",6.77777777777778,49.2711945157489,TRUE
"j858",7,48.9206402365628,TRUE
"j858",7.22222222222222,48.634327370683,TRUE
"j858",7.44444444444444,48.4025437954615,TRUE
"j858",7.66666666666667,48.1970842940261,TRUE
"j858",7.88888888888889,48.0147558219247,TRUE
"j858",8.11111111111111,47.8735779668169,TRUE
"j858",8.33333333333333,47.7347949034169,TRUE
"j858",8.55555555555556,47.6609756665966,TRUE
"j858",8.77777777777778,47.6070365023,TRUE
"j858",9,47.598273290292,TRUE
"j858",9.22222222222222,47.6052779609977,TRUE
"j858",9.44444444444444,47.6740259934683,TRUE
"j858",9.66666666666667,47.7545928824066,TRUE
"j858",9.88888888888889,47.8625380075752,TRUE
"j858",10.1111111111111,48.0089510277237,TRUE
"j858",10.3333333333333,48.1838571546653,TRUE
"j858",10.5555555555556,48.4012574893496,TRUE
"j858",10.7777777777778,48.6414502760182,TRUE
"j858",11,48.9439532056569,TRUE
"j858",11.2222222222222,49.267120471295,TRUE
"j858",11.4444444444444,49.5762166796027,TRUE
"j858",11.6666666666667,49.9343037621614,TRUE
"j858",11.8888888888889,50.3441214853952,TRUE
"j858",12.1111111111111,50.76955693787,TRUE
"j858",12.3333333333333,51.2707379699617,TRUE
"j858",12.5555555555556,51.7798646287102,TRUE
"j858",12.7777777777778,52.3398669221321,TRUE
"j858",13,52.9009484342077,TRUE
"j858",13.2222222222222,53.5147555594851,TRUE
"j858",13.4444444444444,54.1674588461922,TRUE
"j858",13.6666666666667,54.8574129178683,TRUE
"j858",13.8888888888889,55.5746030933286,TRUE
"j858",14.1111111111111,56.3015903873691,TRUE
"j858",14.3333333333333,57.102393438865,TRUE
"j858",14.5555555555556,57.9119547295881,TRUE
"j858",14.7777777777778,58.7331904784019,TRUE
"j858",15,59.595562119299,TRUE
"j858",15.2222222222222,60.5206610061311,TRUE
"j858",15.4444444444444,61.4596252229284,TRUE
"j858",15.6666666666667,62.4115455346312,TRUE
"j858",15.8888888888889,63.4066542834933,TRUE
"j858",16.1111111111111,64.4248421401312,TRUE
"j858",16.3333333333333,65.4886277221001,TRUE
"j858",16.5555555555556,66.5878665076968,TRUE
"j858",16.7777777777778,67.7242944894328,TRUE
"j858",17,68.8983679739961,TRUE
"j858",17.2222222222222,70.0944087898292,TRUE
"j858",17.4444444444444,71.3888374928152,TRUE
"j858",17.6666666666667,72.6623410475196,TRUE
"j858",17.8888888888889,74.0027581998221,TRUE
"j858",18.1111111111111,75.3193033292824,TRUE
"j858",18.3333333333333,76.6909388465286,TRUE
"j858",18.5555555555556,78.0891440003774,TRUE
"j858",18.7777777777778,79.5327484517713,TRUE
"j858",19,81.0029351026711,TRUE
"j858",19.2222222222222,82.5017441981374,TRUE
"j858",19.4444444444444,84.0018340222032,TRUE
"j858",19.6666666666667,85.5602265769529,TRUE
"j858",19.8888888888889,87.1411126334016,TRUE
"j858",20.1111111111111,88.7820981195398,TRUE
"j858",20.3333333333333,90.4429689634773,TRUE
"j858",20.5555555555556,92.1626477404918,TRUE
"j858",20.7777777777778,93.8916061524674,TRUE
"j858",21,95.647687610872,TRUE
"j858",21.2222222222222,97.4626257171754,TRUE
"j858",21.4444444444444,99.2827026234741,TRUE
"j858",21.6666666666667,101.137608770612,TRUE
"j858",21.8888888888889,103.058913399257,TRUE
"j858",22.1111111111111,104.987226266054,TRUE
"j858",22.3333333333333,106.968351460597,TRUE
"j858",22.5555555555556,108.940934273969,TRUE
"j858",22.7777777777778,110.946754797133,TRUE
"j858",23,113.023460548458,TRUE
"k137",1,82.1379849563686,TRUE
"k137",1.22222222222222,80.9175230445099,TRUE
"k137",1.44444444444444,79.7608532931695,TRUE
"k137",1.66666666666667,78.6394753471643,TRUE
"k137",1.88888888888889,77.5582116315482,TRUE
"k137",2.11111111111111,76.4707831149072,TRUE
"k137",2.33333333333333,75.4252942360146,TRUE
"k137",2.55555555555556,74.3885927586064,TRUE
"k137",2.77777777777778,73.3907187885675,TRUE
"k137",3,72.4484581958951,TRUE
"k137",3.22222222222222,71.5351927072335,TRUE
"k137",3.44444444444444,70.6683144759713,TRUE
"k137",3.66666666666667,69.8292778938728,TRUE
"k137",3.88888888888889,69.0216653908568,TRUE
"k137",4.11111111111111,68.2305468699882,TRUE
"k137",4.33333333333333,67.4780604830561,TRUE
"k137",4.55555555555556,66.7809447373049,TRUE
"k137",4.77777777777778,66.1095737804338,TRUE
"k137",5,65.4507757853715,TRUE
"k137",5.22222222222222,64.8519074116499,TRUE
"k137",5.44444444444444,64.2398588742994,TRUE
"k137",5.66666666666667,63.6871685352357,TRUE
"k137",5.88888888888889,63.1690361341066,TRUE
"k137",6.11111111111111,62.7191122957045,TRUE
"k137",6.33333333333333,62.2595923481817,TRUE
"k137",6.55555555555556,61.8443357351344,TRUE
"k137",6.77777777777778,61.474343980229,TRUE
"k137",7,61.1376506341573,TRUE
"k137",7.22222222222222,60.7630073236935,TRUE
"k137",7.44444444444444,60.4773281767249,TRUE
"k137",7.66666666666667,60.188089439787,TRUE
"k137",7.88888888888889,59.962228252057,TRUE
"k137",8.11111111111111,59.7877151219705,TRUE
"k137",8.33333333333333,59.6123556426353,TRUE
"k137",8.55555555555556,59.5035057635914,TRUE
"k137",8.77777777777778,59.3921195580539,TRUE
"k137",9,59.368058996258,TRUE
"k137",9.22222222222222,59.3407389710753,TRUE
"k137",9.44444444444444,59.35435487564,TRUE
"k137",9.66666666666667,59.3979519793,TRUE
"k137",9.88888888888889,59.4483470193647,TRUE
"k137",10.1111111111111,59.5590104903843,TRUE
"k137",10.3333333333333,59.7008004188579,TRUE
"k137",10.5555555555556,59.8691477564288,TRUE
"k137",10.7777777777778,60.0657562154023,TRUE
"k137",11,60.2685872112116,TRUE
"k137",11.2222222222222,60.541002812092,TRUE
"k137",11.4444444444444,60.8530368548793,TRUE
"k137",11.6666666666667,61.208719616878,TRUE
"k137",11.8888888888889,61.5794681153046,TRUE
"k137",12.1111111111111,61.9741475184629,TRUE
"k137",12.3333333333333,62.3958925540941,TRUE
"k137",12.5555555555556,62.8445238527517,TRUE
"k137",12.7777777777778,63.3477881766453,TRUE
"k137",13,63.8803202044337,TRUE
"k137",13.2222222222222,64.5044581235387,TRUE
"k137",13.4444444444444,65.0897424387074,TRUE
"k137",13.6666666666667,65.6926900590269,TRUE
"k137",13.8888888888889,66.3580549148934,TRUE
"k137",14.1111111111111,67.0880241585618,TRUE
"k137",14.3333333333333,67.8069445870226,TRUE
"k137",14.5555555555556,68.5946138602274,TRUE
"k137",14.7777777777778,69.4003929011423,TRUE
"k137",15,70.2326186785765,TRUE
"k137",15.2222222222222,71.1015141784273,TRUE
"k137",15.4444444444444,71.9855118051626,TRUE
"k137",15.6666666666667,72.9447829325448,TRUE
"k137",15.8888888888889,73.9338002374988,TRUE
"k137",16.1111111111111,74.955448270157,TRUE
"k137",16.3333333333333,75.9974356023224,TRUE
"k137",16.5555555555556,77.0632629941889,TRUE
"k137",16.7777777777778,78.1658093596909,TRUE
"k137",17,79.2439567609284,TRUE
"k137",17.2222222222222,80.3958554825173,TRUE
"k137",17.4444444444444,81.6115508393626,TRUE
"k137",17.6666666666667,82.859580798408,TRUE
"k137",17.8888888888889,84.14969176498,TRUE
"k137",18.1111111111111,85.446211563656,TRUE
"k137",18.3333333333333,86.7725895182137,TRUE
"k137",18.5555555555556,88.1170209510172,TRUE
"k137",18.7777777777778,89.5002040825082,TRUE
"k137",19,90.9341846708273,TRUE
"k137",19.2222222222222,92.3959210603818,TRUE
"k137",19.4444444444444,93.8873016356895,TRUE
"k137",19.6666666666667,95.3839640725148,TRUE
"k137",19.8888888888889,96.9411340299438,TRUE
"k137",20.1111111111111,98.5410428879738,TRUE
"k137",20.3333333333333,100.141885619802,TRUE
"k137",20.5555555555556,101.819452521076,TRUE
"k137",20.7777777777778,103.519409036301,TRUE
"k137",21,105.217111508445,TRUE
"k137",21.2222222222222,106.975359366504,TRUE
"k137",21.4444444444444,108.748585691338,TRUE
"k137",21.6666666666667,110.572203367435,TRUE
"k137",21.8888888888889,112.413347046863,TRUE
"k137",22.1111111111111,114.265443075392,TRUE
"k137",22.3333333333333,116.170755011459,TRUE
"k137",22.5555555555556,118.122027500203,TRUE
"k137",22.7777777777778,120.138043661711,TRUE
"k137",23,122.137251707692,TRUE
"k618",1,73.91789251028,TRUE
"k618",1.22222222222222,72.624184090031,TRUE
"k618",1.44444444444444,71.4287425382287,TRUE
"k618",1.66666666666667,70.1917338991841,TRUE
"k618",1.88888888888889,69.0135691889261,TRUE
"k618",2.11111111111111,67.8567751359532,TRUE
"k618",2.33333333333333,66.7220047600119,TRUE
"k618",2.55555555555556,65.6562899445591,TRUE
"k618",2.77777777777778,64.6019369548973,TRUE
"k618",3,63.6189315706175,TRUE
"k618",3.22222222222222,62.6669108782297,TRUE
"k618",3.44444444444444,61.7167350642857,TRUE
"k618",3.66666666666667,60.7945279307564,TRUE
"k618",3.88888888888889,59.9394632734599,TRUE
"k618",4.11111111111111,59.0642389797157,TRUE
"k618",4.33333333333333,58.2249927536669,TRUE
"k618",4.55555555555556,57.4417609154735,TRUE
"k618",4.77777777777778,56.7325656081914,TRUE
"k618",5,56.0393972405999,TRUE
"k618",5.22222222222222,55.394881064062,TRUE
"k618",5.44444444444444,54.7460959977767,TRUE
"k618",5.66666666666667,54.1160644597626,TRUE
"k618",5.88888888888889,53.5523658332295,TRUE
"k618",6.11111111111111,52.9957990927589,TRUE
"k618",6.33333333333333,52.4522120049986,TRUE
"k618",6.55555555555556,51.9648802685113,TRUE
"k618",6.77777777777778,51.4903867397373,TRUE
"k618",7,51.056252267765,TRUE
"k618",7.22222222222222,50.678198650656,TRUE
"k618",7.44444444444444,50.314820097378,TRUE
"k618",7.66666666666667,49.9757916869421,TRUE
"k618",7.88888888888889,49.7024112266716,TRUE
"k618",8.11111111111111,49.4596810401097,TRUE
"k618",8.33333333333333,49.2715732164647,TRUE
"k618",8.55555555555556,49.0682231170218,TRUE
"k618",8.77777777777778,48.907912375782,TRUE
"k618",9,48.7686376169272,TRUE
"k618",9.22222222222222,48.6886318815206,TRUE
"k618",9.44444444444444,48.6363829416252,TRUE
"k618",9.66666666666667,48.6203863868321,TRUE
"k618",9.88888888888889,48.6266704305515,TRUE
"k618",10.1111111111111,48.6658259006202,TRUE
"k618",10.3333333333333,48.7700288686811,TRUE
"k618",10.5555555555556,48.8942738408574,TRUE
"k618",10.7777777777778,49.0372052547834,TRUE
"k618",11,49.2101536976395,TRUE
"k618",11.2222222222222,49.3569265221805,TRUE
"k618",11.4444444444444,49.5853587012334,TRUE
"k618",11.6666666666667,49.8599326759627,TRUE
"k618",11.8888888888889,50.1858290735076,TRUE
"k618",12.1111111111111,50.5383879640352,TRUE
"k618",12.3333333333333,50.9105974386857,TRUE
"k618",12.5555555555556,51.3047277887375,TRUE
"k618",12.7777777777778,51.7482773176821,TRUE
"k618",13,52.2078902299568,TRUE
"k618",13.2222222222222,52.7318807634955,TRUE
"k618",13.4444444444444,53.2402746156552,TRUE
"k618",13.6666666666667,53.8136560772203,TRUE
"k618",13.8888888888889,54.4458273958197,TRUE
"k618",14.1111111111111,55.08766301914,TRUE
"k618",14.3333333333333,55.7507928400092,TRUE
"k618",14.5555555555556,56.4507021603586,TRUE
"k618",14.7777777777778,57.1790280727356,TRUE
"k618",15,57.9352878161431,TRUE
"k618",15.2222222222222,58.7606870283868,TRUE
"k618",15.4444444444444,59.5927563201189,TRUE
"k618",15.6666666666667,60.4979234805708,TRUE
"k618",15.8888888888889,61.4037587493289,TRUE
"k618",16.1111111111111,62.3357293285656,TRUE
"k618",16.3333333333333,63.3072970459881,TRUE
"k618",16.5555555555556,64.3027240664563,TRUE
"k618",16.7777777777778,65.3706786917203,TRUE
"k618",17,66.4544261632782,TRUE
"k618",17.2222222222222,67.547166020576,TRUE
"k618",17.4444444444444,68.6698907966471,TRUE
"k618",17.6666666666667,69.8404043141749,TRUE
"k618",17.8888888888889,71.053100083655,TRUE
"k618",18.1111111111111,72.2796689846569,TRUE
"k618",18.3333333333333,73.5740061406511,TRUE
"k618",18.5555555555556,74.869533972637,TRUE
"k618",18.7777777777778,76.1844561065508,TRUE
"k618",19,77.5125342374858,TRUE
"k618",19.2222222222222,78.8927554571122,TRUE
"k618",19.4444444444444,80.3058630270659,TRUE
"k618",19.6666666666667,81.7834611128612,TRUE
"k618",19.8888888888889,83.267919937499,TRUE
"k618",20.1111111111111,84.8411727163646,TRUE
"k618",20.3333333333333,86.3839984339214,TRUE
"k618",20.5555555555556,87.9790338455976,TRUE
"k618",20.7777777777778,89.5922366564634,TRUE
"k618",21,91.2142134399772,TRUE
"k618",21.2222222222222,92.8796274357279,TRUE
"k618",21.4444444444444,94.5860786030714,TRUE
"k618",21.6666666666667,96.4068656155483,TRUE
"k618",21.8888888888889,98.2188472320317,TRUE
"k618",22.1111111111111,100.032421749872,TRUE
"k618",22.3333333333333,101.921741880409,TRUE
"k618",22.5555555555556,103.805902177363,TRUE
"k618",22.7777777777778,105.727769249272,TRUE
"k618",23,107.724593778621,TRUE
"k734",1,72.5221968683823,TRUE
"k734",1.22222222222222,71.2460964406,TRUE
"k734",1.44444444444444,70.0073371968222,TRUE
"k734",1.66666666666667,68.8271643013039,TRUE
"k734",1.88888888888889,67.6892215263637,TRUE
"k734",2.11111111111111,66.5508542428516,TRUE
"k734",2.33333333333333,65.4412279593327,TRUE
"k734",2.55555555555556,64.3830549649994,TRUE
"k734",2.77777777777778,63.3766729947487,TRUE
"k734",3,62.3723441727612,TRUE
"k734",3.22222222222222,61.3911702665859,TRUE
"k734",3.44444444444444,60.441662341793,TRUE
"k734",3.66666666666667,59.5289537427271,TRUE
"k734",3.88888888888889,58.6560244490353,TRUE
"k734",4.11111111111111,57.8214095033325,TRUE
"k734",4.33333333333333,57.0106498563982,TRUE
"k734",4.55555555555556,56.2553849184687,TRUE
"k734",4.77777777777778,55.4997867050451,TRUE
"k734",5,54.7918416155396,TRUE
"k734",5.22222222222222,54.1237234368036,TRUE
"k734",5.44444444444444,53.4836374711784,TRUE
"k734",5.66666666666667,52.8393544501758,TRUE
"k734",5.88888888888889,52.2536650602015,TRUE
"k734",6.11111111111111,51.720927890166,TRUE
"k734",6.33333333333333,51.2165518371984,TRUE
"k734",6.55555555555556,50.7355508203631,TRUE
"k734",6.77777777777778,50.2959122265026,TRUE
"k734",7,49.9020073364323,TRUE
"k734",7.22222222222222,49.5273876884792,TRUE
"k734",7.44444444444444,49.1724421428519,TRUE
"k734",7.66666666666667,48.8739847606378,TRUE
"k734",7.88888888888889,48.6071404077798,TRUE
"k734",8.11111111111111,48.3565424417894,TRUE
"k734",8.33333333333333,48.1142582519622,TRUE
"k734",8.55555555555556,47.8995776652142,TRUE
"k734",8.77777777777778,47.759612139027,TRUE
"k734",9,47.6189318431248,TRUE
"k734",9.22222222222222,47.5219887610699,TRUE
"k734",9.44444444444444,47.4879561636997,TRUE
"k734",9.66666666666667,47.4804848440189,TRUE
"k734",9.88888888888889,47.4813678372466,TRUE
"k734",10.1111111111111,47.5222962053994,TRUE
"k734",10.3333333333333,47.6218414898229,TRUE
"k734",10.5555555555556,47.7626407979412,TRUE
"k734",10.7777777777778,47.9239540018902,TRUE
"k734",11,48.0979193722731,TRUE
"k734",11.2222222222222,48.331068748054,TRUE
"k734",11.4444444444444,48.5812626325234,TRUE
"k734",11.6666666666667,48.8423653240286,TRUE
"k734",11.8888888888889,49.1571951806313,TRUE
"k734",12.1111111111111,49.5093127285548,TRUE
"k734",12.3333333333333,49.8963937221772,TRUE
"k734",12.5555555555556,50.3023668985859,TRUE
"k734",12.7777777777778,50.7378011959284,TRUE
"k734",13,51.2246269930691,TRUE
"k734",13.2222222222222,51.7327573827748,TRUE
"k734",13.4444444444444,52.2966751487521,TRUE
"k734",13.6666666666667,52.88772185205,TRUE
"k734",13.8888888888889,53.5254566616487,TRUE
"k734",14.1111111111111,54.1916887205502,TRUE
"k734",14.3333333333333,54.8303609895266,TRUE
"k734",14.5555555555556,55.5408833043262,TRUE
"k734",14.7777777777778,56.2887492102654,TRUE
"k734",15,57.058872433008,TRUE
"k734",15.2222222222222,57.8790770910893,TRUE
"k734",15.4444444444444,58.7469873125916,TRUE
"k734",15.6666666666667,59.6184963572901,TRUE
"k734",15.8888888888889,60.5443444291224,TRUE
"k734",16.1111111111111,61.4852029322044,TRUE
"k734",16.3333333333333,62.4686434331845,TRUE
"k734",16.5555555555556,63.4662954239134,TRUE
"k734",16.7777777777778,64.5388013241139,TRUE
"k734",17,65.6231226865486,TRUE
"k734",17.2222222222222,66.7559968413717,TRUE
"k734",17.4444444444444,67.9135861100934,TRUE
"k734",17.6666666666667,69.1114188448215,TRUE
"k734",17.8888888888889,70.3439857293177,TRUE
"k734",18.1111111111111,71.5988839821476,TRUE
"k734",18.3333333333333,72.8777065316659,TRUE
"k734",18.5555555555556,74.1948370308256,TRUE
"k734",18.7777777777778,75.5502545173003,TRUE
"k734",19,76.9321711182148,TRUE
"k734",19.2222222222222,78.3578715793961,TRUE
"k734",19.4444444444444,79.837897016807,TRUE
"k734",19.6666666666667,81.283597298445,TRUE
"k734",19.8888888888889,82.7813806849295,TRUE
"k734",20.1111111111111,84.3433741686369,TRUE
"k734",20.3333333333333,85.9123550497851,TRUE
"k734",20.5555555555556,87.5151636007628,TRUE
"k734",20.7777777777778,89.188272917297,TRUE
"k734",21,90.8653240964317,TRUE
"k734",21.2222222222222,92.5887760082365,TRUE
"k734",21.4444444444444,94.3254611177261,TRUE
"k734",21.6666666666667,96.0682856973286,TRUE
"k734",21.8888888888889,97.8586057861625,TRUE
"k734",22.1111111111111,99.6737129006451,TRUE
"k734",22.3333333333333,101.535722009745,TRUE
"k734",22.5555555555556,103.426703437161,TRUE
"k734",22.7777777777778,105.371209349451,TRUE
"k734",23,107.372782639609,TRUE
"k821",1,76.2236562250585,TRUE
"k821",1.22222222222222,74.9855807035517,TRUE
"k821",1.44444444444444,73.7925134859145,TRUE
"k821",1.66666666666667,72.6176266835343,TRUE
"k821",1.88888888888889,71.4564955864611,TRUE
"k821",2.11111111111111,70.3398089564047,TRUE
"k821",2.33333333333333,69.2647811482995,TRUE
"k821",2.55555555555556,68.2043293592798,TRUE
"k821",2.77777777777778,67.1878900517804,TRUE
"k821",3,66.2048547678228,TRUE
"k821",3.22222222222222,65.2469885616693,TRUE
"k821",3.44444444444444,64.3590953101325,TRUE
"k821",3.66666666666667,63.4377472834402,TRUE
"k821",3.88888888888889,62.5573683684314,TRUE
"k821",4.11111111111111,61.7537323026792,TRUE
"k821",4.33333333333333,60.9892182835455,TRUE
"k821",4.55555555555556,60.2213066830427,TRUE
"k821",4.77777777777778,59.487197285699,TRUE
"k821",5,58.7621325503645,TRUE
"k821",5.22222222222222,58.091639678287,TRUE
"k821",5.44444444444444,57.475047056267,TRUE
"k821",5.66666666666667,56.865671220314,TRUE
"k821",5.88888888888889,56.327893051266,TRUE
"k821",6.11111111111111,55.7944258416938,TRUE
"k821",6.33333333333333,55.3228253196452,TRUE
"k821",6.55555555555556,54.8576109365369,TRUE
"k821",6.77777777777778,54.4328748482948,TRUE
"k821",7,54.0727662324346,TRUE
"k821",7.22222222222222,53.6788940009235,TRUE
"k821",7.44444444444444,53.358668037519,TRUE
"k821",7.66666666666667,53.0815923711514,TRUE
"k821",7.88888888888889,52.8294745882566,TRUE
"k821",8.11111111111111,52.6058621935812,TRUE
"k821",8.33333333333333,52.4272006927109,TRUE
"k821",8.55555555555556,52.2914319219775,TRUE
"k821",8.77777777777778,52.1646732676732,TRUE
"k821",9,52.1049664554854,TRUE
"k821",9.22222222222222,52.0548142968522,TRUE
"k821",9.44444444444444,51.9784310735912,TRUE
"k821",9.66666666666667,52.0099126610737,TRUE
"k821",9.88888888888889,52.0589513651405,TRUE
"k821",10.1111111111111,52.1336001015277,TRUE
"k821",10.3333333333333,52.2494764683086,TRUE
"k821",10.5555555555556,52.3665354748942,TRUE
"k821",10.7777777777778,52.5154432440952,TRUE
"k821",11,52.7549373348078,TRUE
"k821",11.2222222222222,52.9923783717125,TRUE
"k821",11.4444444444444,53.2628599285795,TRUE
"k821",11.6666666666667,53.5226913620185,TRUE
"k821",11.8888888888889,53.8800362153976,TRUE
"k821",12.1111111111111,54.2697334758719,TRUE
"k821",12.3333333333333,54.6603338372591,TRUE
"k821",12.5555555555556,55.0715251226892,TRUE
"k821",12.7777777777778,55.5146945906059,TRUE
"k821",13,56.0314077607706,TRUE
"k821",13.2222222222222,56.5551118301348,TRUE
"k821",13.4444444444444,57.1294667040099,TRUE
"k821",13.6666666666667,57.7224548929361,TRUE
"k821",13.8888888888889,58.3305340773251,TRUE
"k821",14.1111111111111,58.9683150150358,TRUE
"k821",14.3333333333333,59.6156331824852,TRUE
"k821",14.5555555555556,60.3467300161321,TRUE
"k821",14.7777777777778,61.0712271112511,TRUE
"k821",15,61.8745426808473,TRUE
"k821",15.2222222222222,62.708235422935,TRUE
"k821",15.4444444444444,63.5864457073629,TRUE
"k821",15.6666666666667,64.4482710093116,TRUE
"k821",15.8888888888889,65.3786390213287,TRUE
"k821",16.1111111111111,66.3428565072443,TRUE
"k821",16.3333333333333,67.3511038807039,TRUE
"k821",16.5555555555556,68.3612988084801,TRUE
"k821",16.7777777777778,69.4332148185988,TRUE
"k821",17,70.5106544366923,TRUE
"k821",17.2222222222222,71.6464015747554,TRUE
"k821",17.4444444444444,72.8258204846908,TRUE
"k821",17.6666666666667,74.0200052437037,TRUE
"k821",17.8888888888889,75.2533544948053,TRUE
"k821",18.1111111111111,76.5005305787178,TRUE
"k821",18.3333333333333,77.7954334377063,TRUE
"k821",18.5555555555556,79.0848492518389,TRUE
"k821",18.7777777777778,80.4558753860003,TRUE
"k821",19,81.8230112492602,TRUE
"k821",19.2222222222222,83.2503143474049,TRUE
"k821",19.4444444444444,84.7215838490819,TRUE
"k821",19.6666666666667,86.2094189917532,TRUE
"k821",19.8888888888889,87.6865600444803,TRUE
"k821",20.1111111111111,89.2111252270758,TRUE
"k821",20.3333333333333,90.8116852084599,TRUE
"k821",20.5555555555556,92.457224641405,TRUE
"k821",20.7777777777778,94.1143255648787,TRUE
"k821",21,95.7885709894075,TRUE
"k821",21.2222222222222,97.4888652113413,TRUE
"k821",21.4444444444444,99.2306822386693,TRUE
"k821",21.6666666666667,101.016009731383,TRUE
"k821",21.8888888888889,102.850643885646,TRUE
"k821",22.1111111111111,104.707125411334,TRUE
"k821",22.3333333333333,106.57210685126,TRUE
"k821",22.5555555555556,108.475009276343,TRUE
"k821",22.7777777777778,110.398911956681,TRUE
"k821",23,112.388046572143,TRUE
"l504",1,73.6031140910545,TRUE
"l504",1.22222222222222,72.3751497272235,TRUE
"l504",1.44444444444444,71.1909822972543,TRUE
"l504",1.66666666666667,70.0593964876246,TRUE
"l504",1.88888888888889,68.9249922275884,TRUE
"l504",2.11111111111111,67.8597885050762,TRUE
"l504",2.33333333333333,66.8315370287274,TRUE
"l504",2.55555555555556,65.8392238239141,TRUE
"l504",2.77777777777778,64.8614624240378,TRUE
"l504",3,63.8893841138486,TRUE
"l504",3.22222222222222,62.9608739265042,TRUE
"l504",3.44444444444444,62.0884117983452,TRUE
"l504",3.66666666666667,61.2403390521579,TRUE
"l504",3.88888888888889,60.4416226809135,TRUE
"l504",4.11111111111111,59.6780782259321,TRUE
"l504",4.33333333333333,58.920409481433,TRUE
"l504",4.55555555555556,58.2091927284608,TRUE
"l504",4.77777777777778,57.5292749329235,TRUE
"l504",5,56.8693594882183,TRUE
"l504",5.22222222222222,56.2510357048545,TRUE
"l504",5.44444444444444,55.6876843734442,TRUE
"l504",5.66666666666667,55.125687645582,TRUE
"l504",5.88888888888889,54.5944050429658,TRUE
"l504",6.11111111111111,54.0861695124781,TRUE
"l504",6.33333333333333,53.6327132393803,TRUE
"l504",6.55555555555556,53.2266765181353,TRUE
"l504",6.77777777777778,52.8489318658852,TRUE
"l504",7,52.4748394643744,TRUE
"l504",7.22222222222222,52.1539755937283,TRUE
"l504",7.44444444444444,51.8560308386803,TRUE
"l504",7.66666666666667,51.5970521587261,TRUE
"l504",7.88888888888889,51.3947303788787,TRUE
"l504",8.11111111111111,51.2122691301914,TRUE
"l504",8.33333333333333,51.0529163169477,TRUE
"l504",8.55555555555556,50.9538822166251,TRUE
"l504",8.77777777777778,50.8509678782265,TRUE
"l504",9,50.780251557068,TRUE
"l504",9.22222222222222,50.7138790720467,TRUE
"l504",9.44444444444444,50.682644435831,TRUE
"l504",9.66666666666667,50.7092249924162,TRUE
"l504",9.88888888888889,50.8373059899294,TRUE
"l504",10.1111111111111,50.9057340227341,TRUE
"l504",10.3333333333333,51.0666338003389,TRUE
"l504",10.5555555555556,51.2458333504373,TRUE
"l504",10.7777777777778,51.4255044454034,TRUE
"l504",11,51.6542702545529,TRUE
"l504",11.2222222222222,51.9352078571671,TRUE
"l504",11.4444444444444,52.2523734073528,TRUE
"l504",11.6666666666667,52.6075994146563,TRUE
"l504",11.8888888888889,52.9998556557815,TRUE
"l504",12.1111111111111,53.395810030955,TRUE
"l504",12.3333333333333,53.8640916885267,TRUE
"l504",12.5555555555556,54.333471166189,TRUE
"l504",12.7777777777778,54.8300222742892,TRUE
"l504",13,55.3724814011868,TRUE
"l504",13.2222222222222,55.9514978354953,TRUE
"l504",13.4444444444444,56.5515675619596,TRUE
"l504",13.6666666666667,57.1855147137631,TRUE
"l504",13.8888888888889,57.8521696498746,TRUE
"l504",14.1111111111111,58.5912235182864,TRUE
"l504",14.3333333333333,59.3331696709444,TRUE
"l504",14.5555555555556,60.0972809559766,TRUE
"l504",14.7777777777778,60.8912373027172,TRUE
"l504",15,61.7203110092597,TRUE
"l504",15.2222222222222,62.6131376907209,TRUE
"l504",15.4444444444444,63.4789546535457,TRUE
"l504",15.6666666666667,64.4035435411462,TRUE
"l504",15.8888888888889,65.3922394918976,TRUE
"l504",16.1111111111111,66.4088047089235,TRUE
"l504",16.3333333333333,67.4574487617441,TRUE
"l504",16.5555555555556,68.5434908943479,TRUE
"l504",16.7777777777778,69.6424105057879,TRUE
"l504",17,70.7669082282045,TRUE
"l504",17.2222222222222,71.9138600893777,TRUE
"l504",17.4444444444444,73.1282035371814,TRUE
"l504",17.6666666666667,74.3412183779144,TRUE
"l504",17.8888888888889,75.5789443398648,TRUE
"l504",18.1111111111111,76.8587694617053,TRUE
"l504",18.3333333333333,78.1492996486721,TRUE
"l504",18.5555555555556,79.5018135023053,TRUE
"l504",18.7777777777778,80.9410697570839,TRUE
"l504",19,82.399164723697,TRUE
"l504",19.2222222222222,83.8580893889829,TRUE
"l504",19.4444444444444,85.3377856308307,TRUE
"l504",19.6666666666667,86.8768597232783,TRUE
"l504",19.8888888888889,88.4434122171681,TRUE
"l504",20.1111111111111,90.0390844947021,TRUE
"l504",20.3333333333333,91.6521744532892,TRUE
"l504",20.5555555555556,93.3298242243076,TRUE
"l504",20.7777777777778,94.9951636662416,TRUE
"l504",21,96.735927782388,TRUE
"l504",21.2222222222222,98.5454927010592,TRUE
"l504",21.4444444444444,100.368345934546,TRUE
"l504",21.6666666666667,102.200856458048,TRUE
"l504",21.8888888888889,104.056022367848,TRUE
"l504",22.1111111111111,105.918352921288,TRUE
"l504",22.3333333333333,107.844526059195,TRUE
"l504",22.5555555555556,109.836239374341,TRUE
"l504",22.7777777777778,111.838300555293,TRUE
"l504",23,113.882124678934,TRUE
"n850",1,74.4780704506502,TRUE
"n850",1.22222222222222,73.1686172385488,TRUE
"n850",1.44444444444444,71.8852194379479,TRUE
"n850",1.66666666666667,70.6207406215163,TRUE
"n850",1.88888888888889,69.4275389289782,TRUE
"n850",2.11111111111111,68.2429267916131,TRUE
"n850",2.33333333333333,67.1137405892416,TRUE
"n850",2.55555555555556,66.0160778906786,TRUE
"n850",2.77777777777778,64.9469648646394,TRUE
"n850",3,63.922276077813,TRUE
"n850",3.22222222222222,62.93297991106,TRUE
"n850",3.44444444444444,61.9568346444081,TRUE
"n850",3.66666666666667,61.0238963005597,TRUE
"n850",3.88888888888889,60.1359990412933,TRUE
"n850",4.11111111111111,59.2669331965886,TRUE
"n850",4.33333333333333,58.4593277129921,TRUE
"n850",4.55555555555556,57.6453671858852,TRUE
"n850",4.77777777777778,56.8664372816357,TRUE
"n850",5,56.1315048361081,TRUE
"n850",5.22222222222222,55.4063422005251,TRUE
"n850",5.44444444444444,54.7453882421355,TRUE
"n850",5.66666666666667,54.1143311651826,TRUE
"n850",5.88888888888889,53.4927832610574,TRUE
"n850",6.11111111111111,52.9220901595096,TRUE
"n850",6.33333333333333,52.4306460105871,TRUE
"n850",6.55555555555556,51.9358947821965,TRUE
"n850",6.77777777777778,51.426368182365,TRUE
"n850",7,50.9770262548603,TRUE
"n850",7.22222222222222,50.5718992583852,TRUE
"n850",7.44444444444444,50.1727734453193,TRUE
"n850",7.66666666666667,49.8400764085271,TRUE
"n850",7.88888888888889,49.5065015972645,TRUE
"n850",8.11111111111111,49.2260771412853,TRUE
"n850",8.33333333333333,48.9835416822403,TRUE
"n850",8.55555555555556,48.8131788834538,TRUE
"n850",8.77777777777778,48.6436457350152,TRUE
"n850",9,48.5097421009953,TRUE
"n850",9.22222222222222,48.3921884428852,TRUE
"n850",9.44444444444444,48.3112903868844,TRUE
"n850",9.66666666666667,48.2810516466393,TRUE
"n850",9.88888888888889,48.2659474245266,TRUE
"n850",10.1111111111111,48.2597126648944,TRUE
"n850",10.3333333333333,48.3323261247505,TRUE
"n850",10.5555555555556,48.3962696442867,TRUE
"n850",10.7777777777778,48.5308696113278,TRUE
"n850",11,48.6895090879288,TRUE
"n850",11.2222222222222,48.863149766351,TRUE
"n850",11.4444444444444,49.0842158206869,TRUE
"n850",11.6666666666667,49.3528411170221,TRUE
"n850",11.8888888888889,49.6420162743583,TRUE
"n850",12.1111111111111,49.9721789527812,TRUE
"n850",12.3333333333333,50.3217932990983,TRUE
"n850",12.5555555555556,50.7096935179236,TRUE
"n850",12.7777777777778,51.1336529093443,TRUE
"n850",13,51.5805853396646,TRUE
"n850",13.2222222222222,52.0310240359178,TRUE
"n850",13.4444444444444,52.5445920526314,TRUE
"n850",13.6666666666667,53.1136543163204,TRUE
"n850",13.8888888888889,53.7062776618054,TRUE
"n850",14.1111111111111,54.3060119099013,TRUE
"n850",14.3333333333333,54.9733919512234,TRUE
"n850",14.5555555555556,55.6629699644105,TRUE
"n850",14.7777777777778,56.3511095999841,TRUE
"n850",15,57.0919998698804,TRUE
"n850",15.2222222222222,57.8943194625393,TRUE
"n850",15.4444444444444,58.7212899566972,TRUE
"n850",15.6666666666667,59.5412871638121,TRUE
"n850",15.8888888888889,60.3974525286894,TRUE
"n850",16.1111111111111,61.3377832998073,TRUE
"n850",16.3333333333333,62.3151224365493,TRUE
"n850",16.5555555555556,63.3087060429062,TRUE
"n850",16.7777777777778,64.3046398024306,TRUE
"n850",17,65.3132577201699,TRUE
"n850",17.2222222222222,66.3488215569591,TRUE
"n850",17.4444444444444,67.4509283998495,TRUE
"n850",17.6666666666667,68.6156093938772,TRUE
"n850",17.8888888888889,69.8172174334551,TRUE
"n850",18.1111111111111,71.0272861006869,TRUE
"n850",18.3333333333333,72.2728706766602,TRUE
"n850",18.5555555555556,73.5322470602874,TRUE
"n850",18.7777777777778,74.8682090528377,TRUE
"n850",19,76.1764725422196,TRUE
"n850",19.2222222222222,77.5225567004326,TRUE
"n850",19.4444444444444,78.9400101501658,TRUE
"n850",19.6666666666667,80.3439909220234,TRUE
"n850",19.8888888888889,81.86578641388,TRUE
"n850",20.1111111111111,83.3681365680201,TRUE
"n850",20.3333333333333,84.8780875458279,TRUE
"n850",20.5555555555556,86.4614447238796,TRUE
"n850",20.7777777777778,88.0575401073237,TRUE
"n850",21,89.7074806116244,TRUE
"n850",21.2222222222222,91.4025231756634,TRUE
"n850",21.4444444444444,93.1046575997267,TRUE
"n850",21.6666666666667,94.8509999099511,TRUE
"n850",21.8888888888889,96.6103286319756,TRUE
"n850",22.1111111111111,98.4088005743641,TRUE
"n850",22.3333333333333,100.246272470619,TRUE
"n850",22.5555555555556,102.111700887021,TRUE
"n850",22.7777777777778,103.993546972959,TRUE
"n850",23,105.932984200954,TRUE
"o194",1,65.6674614871544,TRUE
"o194",1.22222222222222,64.3907252023047,TRUE
"o194",1.44444444444444,63.0939666737743,TRUE
"o194",1.66666666666667,61.8861907175769,TRUE
"o194",1.88888888888889,60.7191035185094,TRUE
"o194",2.11111111111111,59.6057754048304,TRUE
"o194",2.33333333333333,58.4972438564377,TRUE
"o194",2.55555555555556,57.3936713393892,TRUE
"o194",2.77777777777778,56.3184517103247,TRUE
"o194",3,55.309396208851,TRUE
"o194",3.22222222222222,54.3045844004945,TRUE
"o194",3.44444444444444,53.3850922480493,TRUE
"o194",3.66666666666667,52.5047548507518,TRUE
"o194",3.88888888888889,51.6226791986207,TRUE
"o194",4.11111111111111,50.7532435666695,TRUE
"o194",4.33333333333333,49.9577396829229,TRUE
"o194",4.55555555555556,49.1629260197247,TRUE
"o194",4.77777777777778,48.4272911637718,TRUE
"o194",5,47.7181095677232,TRUE
"o194",5.22222222222222,47.0371036769774,TRUE
"o194",5.44444444444444,46.4074039439439,TRUE
"o194",5.66666666666667,45.8018796384531,TRUE
"o194",5.88888888888889,45.2236127420119,TRUE
"o194",6.11111111111111,44.6761170588933,TRUE
"o194",6.33333333333333,44.1449558684047,TRUE
"o194",6.55555555555556,43.6561072193451,TRUE
"o194",6.77777777777778,43.1953926058253,TRUE
"o194",7,42.8049486377812,TRUE
"o194",7.22222222222222,42.4119124737856,TRUE
"o194",7.44444444444444,42.0436697193329,TRUE
"o194",7.66666666666667,41.751582396732,TRUE
"o194",7.88888888888889,41.4716782593006,TRUE
"o194",8.11111111111111,41.2337453202102,TRUE
"o194",8.33333333333333,41.0104116536475,TRUE
"o194",8.55555555555556,40.8176287795293,TRUE
"o194",8.77777777777778,40.6686790080912,TRUE
"o194",9,40.5606525356329,TRUE
"o194",9.22222222222222,40.4824133631952,TRUE
"o194",9.44444444444444,40.4369647922905,TRUE
"o194",9.66666666666667,40.3869591248175,TRUE
"o194",9.88888888888889,40.3889284381422,TRUE
"o194",10.1111111111111,40.4857371561007,TRUE
"o194",10.3333333333333,40.5690971257491,TRUE
"o194",10.5555555555556,40.6980819541336,TRUE
"o194",10.7777777777778,40.867510680782,TRUE
"o194",11,41.0512013963222,TRUE
"o194",11.2222222222222,41.2543313384181,TRUE
"o194",11.4444444444444,41.5267061549208,TRUE
"o194",11.6666666666667,41.8084226948153,TRUE
"o194",11.8888888888889,42.0929304057541,TRUE
"o194",12.1111111111111,42.4328032987075,TRUE
"o194",12.3333333333333,42.7923731450633,TRUE
"o194",12.5555555555556,43.1831469999745,TRUE
"o194",12.7777777777778,43.6162943350491,TRUE
"o194",13,44.0893828184119,TRUE
"o194",13.2222222222222,44.5804425481959,TRUE
"o194",13.4444444444444,45.1271524584745,TRUE
"o194",13.6666666666667,45.6881656017755,TRUE
"o194",13.8888888888889,46.2816514257417,TRUE
"o194",14.1111111111111,46.932562506551,TRUE
"o194",14.3333333333333,47.5980914079373,TRUE
"o194",14.5555555555556,48.2952389692395,TRUE
"o194",14.7777777777778,49.0413412458241,TRUE
"o194",15,49.8298496172313,TRUE
"o194",15.2222222222222,50.6171953636995,TRUE
"o194",15.4444444444444,51.4326452604218,TRUE
"o194",15.6666666666667,52.2933464010021,TRUE
"o194",15.8888888888889,53.1836585318742,TRUE
"o194",16.1111111111111,54.1012408285458,TRUE
"o194",16.3333333333333,55.0683736609762,TRUE
"o194",16.5555555555556,56.0323692803789,TRUE
"o194",16.7777777777778,57.0413569081866,TRUE
"o194",17,58.1355798991011,TRUE
"o194",17.2222222222222,59.2667126085859,TRUE
"o194",17.4444444444444,60.4206997818009,TRUE
"o194",17.6666666666667,61.6387441083952,TRUE
"o194",17.8888888888889,62.8283072490987,TRUE
"o194",18.1111111111111,64.0486161842171,TRUE
"o194",18.3333333333333,65.2980479656397,TRUE
"o194",18.5555555555556,66.5531921317047,TRUE
"o194",18.7777777777778,67.840641668516,TRUE
"o194",19,69.2120060244003,TRUE
"o194",19.2222222222222,70.605771881282,TRUE
"o194",19.4444444444444,72.0165272595461,TRUE
"o194",19.6666666666667,73.4711245130596,TRUE
"o194",19.8888888888889,74.9708855105096,TRUE
"o194",20.1111111111111,76.5385287295351,TRUE
"o194",20.3333333333333,78.1170360563202,TRUE
"o194",20.5555555555556,79.694694927388,TRUE
"o194",20.7777777777778,81.3126576103935,TRUE
"o194",21,82.9548366439619,TRUE
"o194",21.2222222222222,84.6082315251478,TRUE
"o194",21.4444444444444,86.3080668486093,TRUE
"o194",21.6666666666667,88.0607622883779,TRUE
"o194",21.8888888888889,89.8391544195047,TRUE
"o194",22.1111111111111,91.631337065492,TRUE
"o194",22.3333333333333,93.4698251366842,TRUE
"o194",22.5555555555556,95.3508415009543,TRUE
"o194",22.7777777777778,97.2673267163343,TRUE
"o194",23,99.2660236595066,TRUE
"o205",1,70.7393979372981,TRUE
"o205",1.22222222222222,69.4891244328539,TRUE
"o205",1.44444444444444,68.2103818589122,TRUE
"o205",1.66666666666667,66.9765934801376,TRUE
"o205",1.88888888888889,65.8026426557168,TRUE
"o205",2.11111111111111,64.6680065859134,TRUE
"o205",2.33333333333333,63.5256271464338,TRUE
"o205",2.55555555555556,62.4419454136156,TRUE
"o205",2.77777777777778,61.3773116443824,TRUE
"o205",3,60.3269655312962,TRUE
"o205",3.22222222222222,59.2877721647609,TRUE
"o205",3.44444444444444,58.2733878022837,TRUE
"o205",3.66666666666667,57.3182223425324,TRUE
"o205",3.88888888888889,56.4293731144798,TRUE
"o205",4.11111111111111,55.5342602289983,TRUE
"o205",4.33333333333333,54.7176202573331,TRUE
"o205",4.55555555555556,53.883274957518,TRUE
"o205",4.77777777777778,53.1212851634838,TRUE
"o205",5,52.3813916671252,TRUE
"o205",5.22222222222222,51.6580814440851,TRUE
"o205",5.44444444444444,50.9930631398987,TRUE
"o205",5.66666666666667,50.2941737480649,TRUE
"o205",5.88888888888889,49.6707438142846,TRUE
"o205",6.11111111111111,49.0755706356339,TRUE
"o205",6.33333333333333,48.533459491776,TRUE
"o205",6.55555555555556,48.0344006366092,TRUE
"o205",6.77777777777778,47.5514224053003,TRUE
"o205",7,47.1073066984666,TRUE
"o205",7.22222222222222,46.6886823438732,TRUE
"o205",7.44444444444444,46.3233722812076,TRUE
"o205",7.66666666666667,45.9449037970595,TRUE
"o205",7.88888888888889,45.6357657237442,TRUE
"o205",8.11111111111111,45.3177472783568,TRUE
"o205",8.33333333333333,45.0623131273114,TRUE
"o205",8.55555555555556,44.845697683697,TRUE
"o205",8.77777777777778,44.6656464088714,TRUE
"o205",9,44.4994753114971,TRUE
"o205",9.22222222222222,44.3647207646199,TRUE
"o205",9.44444444444444,44.2753392599224,TRUE
"o205",9.66666666666667,44.1963485414322,TRUE
"o205",9.88888888888889,44.1616896815943,TRUE
"o205",10.1111111111111,44.1767317365148,TRUE
"o205",10.3333333333333,44.2209932994157,TRUE
"o205",10.5555555555556,44.2774916399157,TRUE
"o205",10.7777777777778,44.4046335456387,TRUE
"o205",11,44.5497575683332,TRUE
"o205",11.2222222222222,44.7128644714314,TRUE
"o205",11.4444444444444,44.9467547124795,TRUE
"o205",11.6666666666667,45.1777936369819,TRUE
"o205",11.8888888888889,45.4543159571023,TRUE
"o205",12.1111111111111,45.7462399044552,TRUE
"o205",12.3333333333333,46.097705859812,TRUE
"o205",12.5555555555556,46.4507797197198,TRUE
"o205",12.7777777777778,46.8985308380684,TRUE
"o205",13,47.3303628486977,TRUE
"o205",13.2222222222222,47.8217145093545,TRUE
"o205",13.4444444444444,48.363279971841,TRUE
"o205",13.6666666666667,48.8991788783817,TRUE
"o205",13.8888888888889,49.4998356859907,TRUE
"o205",14.1111111111111,50.1204793120052,TRUE
"o205",14.3333333333333,50.7581319247838,TRUE
"o205",14.5555555555556,51.4417010599423,TRUE
"o205",14.7777777777778,52.1797988114083,TRUE
"o205",15,52.9142939818036,TRUE
"o205",15.2222222222222,53.6820984059027,TRUE
"o205",15.4444444444444,54.5204334562626,TRUE
"o205",15.6666666666667,55.3648370480489,TRUE
"o205",15.8888888888889,56.2661820891365,TRUE
"o205",16.1111111111111,57.1799973140228,TRUE
"o205",16.3333333333333,58.1109954194733,TRUE
"o205",16.5555555555556,59.0403983960994,TRUE
"o205",16.7777777777778,60.0476978426159,TRUE
"o205",17,61.0901250424418,TRUE
"o205",17.2222222222222,62.1647347707424,TRUE
"o205",17.4444444444444,63.2473723479389,TRUE
"o205",17.6666666666667,64.4058333699395,TRUE
"o205",17.8888888888889,65.5666222710484,TRUE
"o205",18.1111111111111,66.7774256059283,TRUE
"o205",18.3333333333333,68.0074612211926,TRUE
"o205",18.5555555555556,69.2941211550981,TRUE
"o205",18.7777777777778,70.5675461554848,TRUE
"o205",19,71.9079175767038,TRUE
"o205",19.2222222222222,73.2726043659531,TRUE
"o205",19.4444444444444,74.6918007006286,TRUE
"o205",19.6666666666667,76.1581129650826,TRUE
"o205",19.8888888888889,77.6310150804479,TRUE
"o205",20.1111111111111,79.1659492585557,TRUE
"o205",20.3333333333333,80.6765692147316,TRUE
"o205",20.5555555555556,82.2299460490179,TRUE
"o205",20.7777777777778,83.8545774819631,TRUE
"o205",21,85.4933332764219,TRUE
"o205",21.2222222222222,87.1554001900462,TRUE
"o205",21.4444444444444,88.8399482931699,TRUE
"o205",21.6666666666667,90.5736254654262,TRUE
"o205",21.8888888888889,92.3320633449065,TRUE
"o205",22.1111111111111,94.110695103614,TRUE
"o205",22.3333333333333,95.915751720051,TRUE
"o205",22.5555555555556,97.7443000263079,TRUE
"o205",22.7777777777778,99.6224873485587,TRUE
"o205",23,101.568818976443,TRUE
"o755",1,74.687877063547,TRUE
"o755",1.22222222222222,73.3789715557035,TRUE
"o755",1.44444444444444,72.1100283345557,TRUE
"o755",1.66666666666667,70.9167503072792,TRUE
"o755",1.88888888888889,69.7525560836637,TRUE
"o755",2.11111111111111,68.6328340639273,TRUE
"o755",2.33333333333333,67.499532383201,TRUE
"o755",2.55555555555556,66.4592247855171,TRUE
"o755",2.77777777777778,65.4303887735601,TRUE
"o755",3,64.4037628875057,TRUE
"o755",3.22222222222222,63.4410581715162,TRUE
"o755",3.44444444444444,62.5187392844061,TRUE
"o755",3.66666666666667,61.6387324951539,TRUE
"o755",3.88888888888889,60.763281342534,TRUE
"o755",4.11111111111111,59.885619134131,TRUE
"o755",4.33333333333333,59.0680717541898,TRUE
"o755",4.55555555555556,58.2899708207736,TRUE
"o755",4.77777777777778,57.5546832425294,TRUE
"o755",5,56.8392703720217,TRUE
"o755",5.22222222222222,56.184922500811,TRUE
"o755",5.44444444444444,55.5236226218372,TRUE
"o755",5.66666666666667,54.9166996767781,TRUE
"o755",5.88888888888889,54.3252984994374,TRUE
"o755",6.11111111111111,53.8014514916655,TRUE
"o755",6.33333333333333,53.3049961947872,TRUE
"o755",6.55555555555556,52.8252979473293,TRUE
"o755",6.77777777777778,52.3725236233084,TRUE
"o755",7,51.9363143966023,TRUE
"o755",7.22222222222222,51.5703539457154,TRUE
"o755",7.44444444444444,51.1954620566376,TRUE
"o755",7.66666666666667,50.9010265398209,TRUE
"o755",7.88888888888889,50.6065908139546,TRUE
"o755",8.11111111111111,50.3752251086824,TRUE
"o755",8.33333333333333,50.1455404028365,TRUE
"o755",8.55555555555556,49.9799873895395,TRUE
"o755",8.77777777777778,49.836651146859,TRUE
"o755",9,49.7353304743748,TRUE
"o755",9.22222222222222,49.6350168119509,TRUE
"o755",9.44444444444444,49.5906868450557,TRUE
"o755",9.66666666666667,49.5834512591484,TRUE
"o755",9.88888888888889,49.6088723452935,TRUE
"o755",10.1111111111111,49.6167970944135,TRUE
"o755",10.3333333333333,49.6938833903387,TRUE
"o755",10.5555555555556,49.8327497527994,TRUE
"o755",10.7777777777778,49.9728850214653,TRUE
"o755",11,50.1399666019001,TRUE
"o755",11.2222222222222,50.3555228337465,TRUE
"o755",11.4444444444444,50.6318502407607,TRUE
"o755",11.6666666666667,50.9192093895826,TRUE
"o755",11.8888888888889,51.246944116855,TRUE
"o755",12.1111111111111,51.5995880317768,TRUE
"o755",12.3333333333333,51.9960141680424,TRUE
"o755",12.5555555555556,52.4106567306716,TRUE
"o755",12.7777777777778,52.878750857852,TRUE
"o755",13,53.3538002564525,TRUE
"o755",13.2222222222222,53.8427081912137,TRUE
"o755",13.4444444444444,54.3941586790236,TRUE
"o755",13.6666666666667,54.9649854245207,TRUE
"o755",13.8888888888889,55.5933063196002,TRUE
"o755",14.1111111111111,56.2253474987927,TRUE
"o755",14.3333333333333,56.9025919517936,TRUE
"o755",14.5555555555556,57.6162592687121,TRUE
"o755",14.7777777777778,58.3749290636534,TRUE
"o755",15,59.1265135183622,TRUE
"o755",15.2222222222222,59.9561763460146,TRUE
"o755",15.4444444444444,60.7978211138043,TRUE
"o755",15.6666666666667,61.6808373164871,TRUE
"o755",15.8888888888889,62.5739399479297,TRUE
"o755",16.1111111111111,63.5366527882081,TRUE
"o755",16.3333333333333,64.4947152491079,TRUE
"o755",16.5555555555556,65.5018599482296,TRUE
"o755",16.7777777777778,66.5099087478604,TRUE
"o755",17,67.6017425419448,TRUE
"o755",17.2222222222222,68.7291226971988,TRUE
"o755",17.4444444444444,69.8351281657815,TRUE
"o755",17.6666666666667,71.0002902780246,TRUE
"o755",17.8888888888889,72.1996941281287,TRUE
"o755",18.1111111111111,73.4206378291621,TRUE
"o755",18.3333333333333,74.7338808397036,TRUE
"o755",18.5555555555556,76.0351007769649,TRUE
"o755",18.7777777777778,77.3387390341239,TRUE
"o755",19,78.6724874569997,TRUE
"o755",19.2222222222222,80.0621176878109,TRUE
"o755",19.4444444444444,81.4658030665018,TRUE
"o755",19.6666666666667,82.9415469614397,TRUE
"o755",19.8888888888889,84.4925415439027,TRUE
"o755",20.1111111111111,85.97819677135,TRUE
"o755",20.3333333333333,87.5503895844604,TRUE
"o755",20.5555555555556,89.1823115089555,TRUE
"o755",20.7777777777778,90.8286761584005,TRUE
"o755",21,92.5145843008588,TRUE
"o755",21.2222222222222,94.2457540854588,TRUE
"o755",21.4444444444444,95.9643965989559,TRUE
"o755",21.6666666666667,97.7211651966009,TRUE
"o755",21.8888888888889,99.5192128236133,TRUE
"o755",22.1111111111111,101.354580653149,TRUE
"o755",22.3333333333333,103.212007860284,TRUE
"o755",22.5555555555556,105.12261650646,TRUE
"o755",22.7777777777778,107.054755390637,TRUE
"o755",23,108.959231538699,TRUE
"p229",1,81.377155188466,TRUE
"p229",1.22222222222222,80.1060532225974,TRUE
"p229",1.44444444444444,78.8521595120672,TRUE
"p229",1.66666666666667,77.6574417736256,TRUE
"p229",1.88888888888889,76.4210341832619,TRUE
"p229",2.11111111111111,75.2339177195015,TRUE
"p229",2.33333333333333,74.1053467794971,TRUE
"p229",2.55555555555556,73.0053176015196,TRUE
"p229",2.77777777777778,71.9519291512616,TRUE
"p229",3,70.9069856403891,TRUE
"p229",3.22222222222222,69.8952690498389,TRUE
"p229",3.44444444444444,68.9432867856411,TRUE
"p229",3.66666666666667,68.020281490878,TRUE
"p229",3.88888888888889,67.1222926149304,TRUE
"p229",4.11111111111111,66.255775841048,TRUE
"p229",4.33333333333333,65.4116494971552,TRUE
"p229",4.55555555555556,64.6215880450289,TRUE
"p229",4.77777777777778,63.8506433129305,TRUE
"p229",5,63.1285919654943,TRUE
"p229",5.22222222222222,62.4676453720498,TRUE
"p229",5.44444444444444,61.801857094578,TRUE
"p229",5.66666666666667,61.1511826061611,TRUE
"p229",5.88888888888889,60.5099784463236,TRUE
"p229",6.11111111111111,59.9680845018759,TRUE
"p229",6.33333333333333,59.4043554624467,TRUE
"p229",6.55555555555556,58.9192813803316,TRUE
"p229",6.77777777777778,58.4470153867659,TRUE
"p229",7,58.0332899488686,TRUE
"p229",7.22222222222222,57.6362970224261,TRUE
"p229",7.44444444444444,57.2377989564018,TRUE
"p229",7.66666666666667,56.8685640671132,TRUE
"p229",7.88888888888889,56.5851918624157,TRUE
"p229",8.11111111111111,56.3147082251848,TRUE
"p229",8.33333333333333,56.0836240942172,TRUE
"p229",8.55555555555556,55.8495831916996,TRUE
"p229",8.77777777777778,55.6584746315338,TRUE
"p229",9,55.5216865679071,TRUE
"p229",9.22222222222222,55.4254491710035,TRUE
"p229",9.44444444444444,55.3437100598915,TRUE
"p229",9.66666666666667,55.2727923053344,TRUE
"p229",9.88888888888889,55.2423805761319,TRUE
"p229",10.1111111111111,55.271249390996,TRUE
"p229",10.3333333333333,55.3357052570936,TRUE
"p229",10.5555555555556,55.4370361908631,TRUE
"p229",10.7777777777778,55.5338067169056,TRUE
"p229",11,55.6699704610143,TRUE
"p229",11.2222222222222,55.8689140315362,TRUE
"p229",11.4444444444444,56.1157437769508,TRUE
"p229",11.6666666666667,56.3959490579533,TRUE
"p229",11.8888888888889,56.7158486702976,TRUE
"p229",12.1111111111111,57.0486536709097,TRUE
"p229",12.3333333333333,57.4209739177615,TRUE
"p229",12.5555555555556,57.8289566537787,TRUE
"p229",12.7777777777778,58.2064183718529,TRUE
"p229",13,58.6816850611285,TRUE
"p229",13.2222222222222,59.1810624209431,TRUE
"p229",13.4444444444444,59.7094449780234,TRUE
"p229",13.6666666666667,60.2490749708855,TRUE
"p229",13.8888888888889,60.8634726966138,TRUE
"p229",14.1111111111111,61.539684338009,TRUE
"p229",14.3333333333333,62.1767992061428,TRUE
"p229",14.5555555555556,62.8471268799724,TRUE
"p229",14.7777777777778,63.5327116897071,TRUE
"p229",15,64.3011377145913,TRUE
"p229",15.2222222222222,65.0953511877389,TRUE
"p229",15.4444444444444,65.9443505531642,TRUE
"p229",15.6666666666667,66.8012395507957,TRUE
"p229",15.8888888888889,67.6663405524281,TRUE
"p229",16.1111111111111,68.5840558415803,TRUE
"p229",16.3333333333333,69.5714635265516,TRUE
"p229",16.5555555555556,70.5598917116226,TRUE
"p229",16.7777777777778,71.5900238153659,TRUE
"p229",17,72.6024111186434,TRUE
"p229",17.2222222222222,73.7126568806455,TRUE
"p229",17.4444444444444,74.794632112739,TRUE
"p229",17.6666666666667,75.9445719766673,TRUE
"p229",17.8888888888889,77.1346225735124,TRUE
"p229",18.1111111111111,78.3886638240659,TRUE
"p229",18.3333333333333,79.6523111342817,TRUE
"p229",18.5555555555556,80.9115933780198,TRUE
"p229",18.7777777777778,82.2107409267677,TRUE
"p229",19,83.5897423215785,TRUE
"p229",19.2222222222222,84.9952844110828,TRUE
"p229",19.4444444444444,86.4184513328393,TRUE
"p229",19.6666666666667,87.8254107585526,TRUE
"p229",19.8888888888889,89.287274936884,TRUE
"p229",20.1111111111111,90.8364573734881,TRUE
"p229",20.3333333333333,92.395260120031,TRUE
"p229",20.5555555555556,93.9446789809316,TRUE
"p229",20.7777777777778,95.5422375069523,TRUE
"p229",21,97.2146610135597,TRUE
"p229",21.2222222222222,98.8958605802564,TRUE
"p229",21.4444444444444,100.602348417008,TRUE
"p229",21.6666666666667,102.36050161384,TRUE
"p229",21.8888888888889,104.162035230932,TRUE
"p229",22.1111111111111,105.962227941122,TRUE
"p229",22.3333333333333,107.806239611933,TRUE
"p229",22.5555555555556,109.657013222363,TRUE
"p229",22.7777777777778,111.570330657861,TRUE
"p229",23,113.503778986231,TRUE
"p294",1,64.8815447210338,TRUE
"p294",1.22222222222222,63.6105293559921,TRUE
"p294",1.44444444444444,62.3569145630805,TRUE
"p294",1.66666666666667,61.1364759956644,TRUE
"p294",1.88888888888889,59.9590723464311,TRUE
"p294",2.11111111111111,58.8297608473884,TRUE
"p294",2.33333333333333,57.733370526463,TRUE
"p294",2.55555555555556,56.6666591125287,TRUE
"p294",2.77777777777778,55.6284445975762,TRUE
"p294",3,54.6137702170963,TRUE
"p294",3.22222222222222,53.6676020675389,TRUE
"p294",3.44444444444444,52.6933135020581,TRUE
"p294",3.66666666666667,51.8279832742397,TRUE
"p294",3.88888888888889,50.9282815674659,TRUE
"p294",4.11111111111111,50.0829973882692,TRUE
"p294",4.33333333333333,49.2880881088715,TRUE
"p294",4.55555555555556,48.4993214626374,TRUE
"p294",4.77777777777778,47.7608253407431,TRUE
"p294",5,47.0662722938802,TRUE
"p294",5.22222222222222,46.4003858918454,TRUE
"p294",5.44444444444444,45.7458484841421,TRUE
"p294",5.66666666666667,45.1425296608767,TRUE
"p294",5.88888888888889,44.5597820980875,TRUE
"p294",6.11111111111111,44.0009824547982,TRUE
"p294",6.33333333333333,43.4779534189715,TRUE
"p294",6.55555555555556,42.9939056897399,TRUE
"p294",6.77777777777778,42.5321141755009,TRUE
"p294",7,42.1061178528634,TRUE
"p294",7.22222222222222,41.7153601308544,TRUE
"p294",7.44444444444444,41.3698668244645,TRUE
"p294",7.66666666666667,41.0495614453602,TRUE
"p294",7.88888888888889,40.7745367218979,TRUE
"p294",8.11111111111111,40.5264371498492,TRUE
"p294",8.33333333333333,40.2951096124998,TRUE
"p294",8.55555555555556,40.1297435689391,TRUE
"p294",8.77777777777778,39.9542766313626,TRUE
"p294",9,39.8229059620515,TRUE
"p294",9.22222222222222,39.7134214585089,TRUE
"p294",9.44444444444444,39.6556900524162,TRUE
"p294",9.66666666666667,39.6344232840675,TRUE
"p294",9.88888888888889,39.6664753103452,TRUE
"p294",10.1111111111111,39.7084104095077,TRUE
"p294",10.3333333333333,39.7855717447881,TRUE
"p294",10.5555555555556,39.9118306832553,TRUE
"p294",10.7777777777778,40.0560111675533,TRUE
"p294",11,40.233429907872,TRUE
"p294",11.2222222222222,40.476816532719,TRUE
"p294",11.4444444444444,40.7036909382688,TRUE
"p294",11.6666666666667,40.9744151696143,TRUE
"p294",11.8888888888889,41.2975368705433,TRUE
"p294",12.1111111111111,41.6431626508745,TRUE
"p294",12.3333333333333,42.0503292707182,TRUE
"p294",12.5555555555556,42.4615753260933,TRUE
"p294",12.7777777777778,42.8716704228772,TRUE
"p294",13,43.3357850129529,TRUE
"p294",13.2222222222222,43.8552069274694,TRUE
"p294",13.4444444444444,44.3776960904,TRUE
"p294",13.6666666666667,44.9536200883618,TRUE
"p294",13.8888888888889,45.5499189831651,TRUE
"p294",14.1111111111111,46.1758825235116,TRUE
"p294",14.3333333333333,46.8126299830372,TRUE
"p294",14.5555555555556,47.5209433694348,TRUE
"p294",14.7777777777778,48.2425837387818,TRUE
"p294",15,48.9842529582676,TRUE
"p294",15.2222222222222,49.7789647173245,TRUE
"p294",15.4444444444444,50.621421605017,TRUE
"p294",15.6666666666667,51.4745101151252,TRUE
"p294",15.8888888888889,52.3849813975428,TRUE
"p294",16.1111111111111,53.3307938086129,TRUE
"p294",16.3333333333333,54.297167938866,TRUE
"p294",16.5555555555556,55.2961370038583,TRUE
"p294",16.7777777777778,56.3244728483471,TRUE
"p294",17,57.3984748200909,TRUE
"p294",17.2222222222222,58.5208268318054,TRUE
"p294",17.4444444444444,59.6293899699031,TRUE
"p294",17.6666666666667,60.7889618174854,TRUE
"p294",17.8888888888889,61.9624571881241,TRUE
"p294",18.1111111111111,63.2042045551346,TRUE
"p294",18.3333333333333,64.4835926405687,TRUE
"p294",18.5555555555556,65.7472902492159,TRUE
"p294",18.7777777777778,67.0778596475209,TRUE
"p294",19,68.4365049138642,TRUE
"p294",19.2222222222222,69.8214532017217,TRUE
"p294",19.4444444444444,71.2638046531039,TRUE
"p294",19.6666666666667,72.7277331738123,TRUE
"p294",19.8888888888889,74.2423149930388,TRUE
"p294",20.1111111111111,75.7781107281124,TRUE
"p294",20.3333333333333,77.3175530416612,TRUE
"p294",20.5555555555556,78.8950832350057,TRUE
"p294",20.7777777777778,80.504162521782,TRUE
"p294",21,82.1540298410375,TRUE
"p294",21.2222222222222,83.8496249241429,TRUE
"p294",21.4444444444444,85.5889308701405,TRUE
"p294",21.6666666666667,87.3394767552784,TRUE
"p294",21.8888888888889,89.1178358093046,TRUE
"p294",22.1111111111111,90.9341979900484,TRUE
"p294",22.3333333333333,92.8028600855376,TRUE
"p294",22.5555555555556,94.6989862912825,TRUE
"p294",22.7777777777778,96.6461718863096,TRUE
"p294",23,98.6273654651125,TRUE
"p320",1,65.6981525429749,TRUE
"p320",1.22222222222222,64.3424252925552,TRUE
"p320",1.44444444444444,62.9976496543235,TRUE
"p320",1.66666666666667,61.738287995311,TRUE
"p320",1.88888888888889,60.5251581436562,TRUE
"p320",2.11111111111111,59.3313746704872,TRUE
"p320",2.33333333333333,58.2000134377636,TRUE
"p320",2.55555555555556,57.0105461675027,TRUE
"p320",2.77777777777778,55.8759653947803,TRUE
"p320",3,54.7944195273289,TRUE
"p320",3.22222222222222,53.7272391886916,TRUE
"p320",3.44444444444444,52.7200953666488,TRUE
"p320",3.66666666666667,51.7630023185349,TRUE
"p320",3.88888888888889,50.790716298465,TRUE
"p320",4.11111111111111,49.8554732016388,TRUE
"p320",4.33333333333333,48.9550366149951,TRUE
"p320",4.55555555555556,48.1277608292216,TRUE
"p320",4.77777777777778,47.3095348830832,TRUE
"p320",5,46.5141680668586,TRUE
"p320",5.22222222222222,45.7593505439705,TRUE
"p320",5.44444444444444,45.0650378750646,TRUE
"p320",5.66666666666667,44.4229323655653,TRUE
"p320",5.88888888888889,43.7526093996114,TRUE
"p320",6.11111111111111,43.1213246254229,TRUE
"p320",6.33333333333333,42.5303854601752,TRUE
"p320",6.55555555555556,41.9106200542696,TRUE
"p320",6.77777777777778,41.4022329321527,TRUE
"p320",7,40.9008298719427,TRUE
"p320",7.22222222222222,40.4382766410548,TRUE
"p320",7.44444444444444,40.0098747001169,TRUE
"p320",7.66666666666667,39.6233682325824,TRUE
"p320",7.88888888888889,39.2913649536954,TRUE
"p320",8.11111111111111,38.9762475286915,TRUE
"p320",8.33333333333333,38.6557435211901,TRUE
"p320",8.55555555555556,38.411142377154,TRUE
"p320",8.77777777777778,38.1672999904912,TRUE
"p320",9,37.9580912502486,TRUE
"p320",9.22222222222222,37.7889557869314,TRUE
"p320",9.44444444444444,37.6706542164384,TRUE
"p320",9.66666666666667,37.583213007358,TRUE
"p320",9.88888888888889,37.4775916396265,TRUE
"p320",10.1111111111111,37.4575635136447,TRUE
"p320",10.3333333333333,37.4157363251143,TRUE
"p320",10.5555555555556,37.4328460713212,TRUE
"p320",10.7777777777778,37.5002019566253,TRUE
"p320",11,37.5987799226957,TRUE
"p320",11.2222222222222,37.7062372895253,TRUE
"p320",11.4444444444444,37.8843153146975,TRUE
"p320",11.6666666666667,38.1078541228961,TRUE
"p320",11.8888888888889,38.3442219498696,TRUE
"p320",12.1111111111111,38.617662850808,TRUE
"p320",12.3333333333333,38.9137347912204,TRUE
"p320",12.5555555555556,39.246162638835,TRUE
"p320",12.7777777777778,39.6441229159722,TRUE
"p320",13,40.0313951379675,TRUE
"p320",13.2222222222222,40.4755656082461,TRUE
"p320",13.4444444444444,40.9483088068397,TRUE
"p320",13.6666666666667,41.4686737334866,TRUE
"p320",13.8888888888889,42.0372713856206,TRUE
"p320",14.1111111111111,42.6069011138527,TRUE
"p320",14.3333333333333,43.2002351010537,TRUE
"p320",14.5555555555556,43.8250816410146,TRUE
"p320",14.7777777777778,44.5033127874984,TRUE
"p320",15,45.1951273209412,TRUE
"p320",15.2222222222222,45.9305620258874,TRUE
"p320",15.4444444444444,46.683924049725,TRUE
"p320",15.6666666666667,47.4933259849667,TRUE
"p320",15.8888888888889,48.2969709623501,TRUE
"p320",16.1111111111111,49.164168186709,TRUE
"p320",16.3333333333333,50.0530907357135,TRUE
"p320",16.5555555555556,50.9809315184629,TRUE
"p320",16.7777777777778,51.9199156666759,TRUE
"p320",17,52.9410146629661,TRUE
"p320",17.2222222222222,53.966125344119,TRUE
"p320",17.4444444444444,54.9949548393591,TRUE
"p320",17.6666666666667,56.0510576650674,TRUE
"p320",17.8888888888889,57.1437420835048,TRUE
"p320",18.1111111111111,58.2854058849511,TRUE
"p320",18.3333333333333,59.4852701419591,TRUE
"p320",18.5555555555556,60.7160149704014,TRUE
"p320",18.7777777777778,61.9829009700981,TRUE
"p320",19,63.3082178512085,TRUE
"p320",19.2222222222222,64.6331653118302,TRUE
"p320",19.4444444444444,66.0084478359501,TRUE
"p320",19.6666666666667,67.4129341673717,TRUE
"p320",19.8888888888889,68.8222164278958,TRUE
"p320",20.1111111111111,70.2687433462473,TRUE
"p320",20.3333333333333,71.6993467899039,TRUE
"p320",20.5555555555556,73.1966671549535,TRUE
"p320",20.7777777777778,74.8028497734395,TRUE
"p320",21,76.3459004723864,TRUE
"p320",21.2222222222222,77.99473539065,TRUE
"p320",21.4444444444444,79.6425943451559,TRUE
"p320",21.6666666666667,81.3082372396135,TRUE
"p320",21.8888888888889,83.0670042172607,TRUE
"p320",22.1111111111111,84.8513940777291,TRUE
"p320",22.3333333333333,86.6077424125239,TRUE
"p320",22.5555555555556,88.4396989325876,TRUE
"p320",22.7777777777778,90.3252433848799,TRUE
"p320",23,92.2304052724743,TRUE
"p356",1,79.8916848700011,TRUE
"p356",1.22222222222222,78.6115766689734,TRUE
"p356",1.44444444444444,77.3453935654324,TRUE
"p356",1.66666666666667,76.1601968486435,TRUE
"p356",1.88888888888889,74.9996235946857,TRUE
"p356",2.11111111111111,73.8417109696231,TRUE
"p356",2.33333333333333,72.7079172526702,TRUE
"p356",2.55555555555556,71.6176391402077,TRUE
"p356",2.77777777777778,70.5531893710639,TRUE
"p356",3,69.5325543871504,TRUE
"p356",3.22222222222222,68.5687508923368,TRUE
"p356",3.44444444444444,67.6413296284481,TRUE
"p356",3.66666666666667,66.7111590865827,TRUE
"p356",3.88888888888889,65.819016351962,TRUE
"p356",4.11111111111111,64.9683386760405,TRUE
"p356",4.33333333333333,64.1424401484983,TRUE
"p356",4.55555555555556,63.3523724889787,TRUE
"p356",4.77777777777778,62.5765538248672,TRUE
"p356",5,61.8533316402212,TRUE
"p356",5.22222222222222,61.1673702407056,TRUE
"p356",5.44444444444444,60.5401435232463,TRUE
"p356",5.66666666666667,59.9197092491763,TRUE
"p356",5.88888888888889,59.3252458728555,TRUE
"p356",6.11111111111111,58.7625560880916,TRUE
"p356",6.33333333333333,58.2422020205902,TRUE
"p356",6.55555555555556,57.7602067623561,TRUE
"p356",6.77777777777778,57.3120769617616,TRUE
"p356",7,56.8642229097919,TRUE
"p356",7.22222222222222,56.491664067729,TRUE
"p356",7.44444444444444,56.0979701862861,TRUE
"p356",7.66666666666667,55.76916010489,TRUE
"p356",7.88888888888889,55.4951627986251,TRUE
"p356",8.11111111111111,55.2345901284701,TRUE
"p356",8.33333333333333,55.0393968636007,TRUE
"p356",8.55555555555556,54.8247730953607,TRUE
"p356",8.77777777777778,54.6695764882833,TRUE
"p356",9,54.5416664026491,TRUE
"p356",9.22222222222222,54.4237765404186,TRUE
"p356",9.44444444444444,54.3657877425202,TRUE
"p356",9.66666666666667,54.3481037738749,TRUE
"p356",9.88888888888889,54.3238002225028,TRUE
"p356",10.1111111111111,54.3793246597036,TRUE
"p356",10.3333333333333,54.4120238301433,TRUE
"p356",10.5555555555556,54.5243482043813,TRUE
"p356",10.7777777777778,54.6643277090017,TRUE
"p356",11,54.8169489233224,TRUE
"p356",11.2222222222222,54.9910382220914,TRUE
"p356",11.4444444444444,55.2081945143193,TRUE
"p356",11.6666666666667,55.4760843525423,TRUE
"p356",11.8888888888889,55.7673049814913,TRUE
"p356",12.1111111111111,56.096142264272,TRUE
"p356",12.3333333333333,56.4737291513849,TRUE
"p356",12.5555555555556,56.8691188697939,TRUE
"p356",12.7777777777778,57.3077108006053,TRUE
"p356",13,57.8111269636744,TRUE
"p356",13.2222222222222,58.3252081260813,TRUE
"p356",13.4444444444444,58.8714373861277,TRUE
"p356",13.6666666666667,59.474616957655,TRUE
"p356",13.8888888888889,60.0515315811955,TRUE
"p356",14.1111111111111,60.679796448003,TRUE
"p356",14.3333333333333,61.367565251228,TRUE
"p356",14.5555555555556,62.0321718331208,TRUE
"p356",14.7777777777778,62.7648510443819,TRUE
"p356",15,63.5431498356117,TRUE
"p356",15.2222222222222,64.3481131384802,TRUE
"p356",15.4444444444444,65.2075410207488,TRUE
"p356",15.6666666666667,66.0519682316477,TRUE
"p356",15.8888888888889,66.9455958747988,TRUE
"p356",16.1111111111111,67.8698231935707,TRUE
"p356",16.3333333333333,68.8325673200246,TRUE
"p356",16.5555555555556,69.7787603468532,TRUE
"p356",16.7777777777778,70.8213424326055,TRUE
"p356",17,71.9058987108724,TRUE
"p356",17.2222222222222,72.9857580853055,TRUE
"p356",17.4444444444444,74.0987546489383,TRUE
"p356",17.6666666666667,75.2611126974772,TRUE
"p356",17.8888888888889,76.442039396062,TRUE
"p356",18.1111111111111,77.6141247727849,TRUE
"p356",18.3333333333333,78.8731079768726,TRUE
"p356",18.5555555555556,80.1481550716373,TRUE
"p356",18.7777777777778,81.4970884928632,TRUE
"p356",19,82.8682011188986,TRUE
"p356",19.2222222222222,84.2837248020823,TRUE
"p356",19.4444444444444,85.7327021674447,TRUE
"p356",19.6666666666667,87.1604128183617,TRUE
"p356",19.8888888888889,88.6723404052368,TRUE
"p356",20.1111111111111,90.1734881432755,TRUE
"p356",20.3333333333333,91.7236981622329,TRUE
"p356",20.5555555555556,93.3311410697852,TRUE
"p356",20.7777777777778,94.9379508287163,TRUE
"p356",21,96.6113436701463,TRUE
"p356",21.2222222222222,98.2884288518973,TRUE
"p356",21.4444444444444,100.014925480859,TRUE
"p356",21.6666666666667,101.753055602085,TRUE
"p356",21.8888888888889,103.535069175173,TRUE
"p356",22.1111111111111,105.372128275147,TRUE
"p356",22.3333333333333,107.256831443246,TRUE
"p356",22.5555555555556,109.116917708324,TRUE
"p356",22.7777777777778,111.014394178568,TRUE
"p356",23,112.999038861794,TRUE
"p401",1,76.8967101179334,TRUE
"p401",1.22222222222222,75.6719001825389,TRUE
"p401",1.44444444444444,74.4664104946403,TRUE
"p401",1.66666666666667,73.3105220154399,TRUE
"p401",1.88888888888889,72.1664219358209,TRUE
"p401",2.11111111111111,71.0511790171247,TRUE
"p401",2.33333333333333,69.9566277478786,TRUE
"p401",2.55555555555556,68.9378832431918,TRUE
"p401",2.77777777777778,67.9591519963539,TRUE
"p401",3,66.9822478170525,TRUE
"p401",3.22222222222222,66.0398682864213,TRUE
"p401",3.44444444444444,65.1549304893897,TRUE
"p401",3.66666666666667,64.27440446982,TRUE
"p401",3.88888888888889,63.4404871733421,TRUE
"p401",4.11111111111111,62.6181100501404,TRUE
"p401",4.33333333333333,61.8652073687532,TRUE
"p401",4.55555555555556,61.1242684456513,TRUE
"p401",4.77777777777778,60.4166998788965,TRUE
"p401",5,59.7784798150392,TRUE
"p401",5.22222222222222,59.1518022359678,TRUE
"p401",5.44444444444444,58.5516494520343,TRUE
"p401",5.66666666666667,57.9552658058222,TRUE
"p401",5.88888888888889,57.4074364323855,TRUE
"p401",6.11111111111111,56.8833974435305,TRUE
"p401",6.33333333333333,56.4207227547301,TRUE
"p401",6.55555555555556,55.9739735229093,TRUE
"p401",6.77777777777778,55.5843760417683,TRUE
"p401",7,55.2353752604547,TRUE
"p401",7.22222222222222,54.918547312797,TRUE
"p401",7.44444444444444,54.6335697044877,TRUE
"p401",7.66666666666667,54.3287683147548,TRUE
"p401",7.88888888888889,54.0806380644107,TRUE
"p401",8.11111111111111,53.8637116431317,TRUE
"p401",8.33333333333333,53.7070242885705,TRUE
"p401",8.55555555555556,53.5863814428047,TRUE
"p401",8.77777777777778,53.463904055352,TRUE
"p401",9,53.3917991860433,TRUE
"p401",9.22222222222222,53.3793877409344,TRUE
"p401",9.44444444444444,53.3654857206298,TRUE
"p401",9.66666666666667,53.404483552857,TRUE
"p401",9.88888888888889,53.4535982300543,TRUE
"p401",10.1111111111111,53.548066725357,TRUE
"p401",10.3333333333333,53.7142039704409,TRUE
"p401",10.5555555555556,53.8881421454186,TRUE
"p401",10.7777777777778,54.0816630509621,TRUE
"p401",11,54.277333694669,TRUE
"p401",11.2222222222222,54.5110465660978,TRUE
"p401",11.4444444444444,54.7781047007668,TRUE
"p401",11.6666666666667,55.1132435228801,TRUE
"p401",11.8888888888889,55.4746502999791,TRUE
"p401",12.1111111111111,55.874254157833,TRUE
"p401",12.3333333333333,56.2707161109739,TRUE
"p401",12.5555555555556,56.7231810422803,TRUE
"p401",12.7777777777778,57.1986630070204,TRUE
"p401",13,57.7125945967415,TRUE
"p401",13.2222222222222,58.2704157931052,TRUE
"p401",13.4444444444444,58.8646939444492,TRUE
"p401",13.6666666666667,59.4590164240801,TRUE
"p401",13.8888888888889,60.1117523194685,TRUE
"p401",14.1111111111111,60.7903985413101,TRUE
"p401",14.3333333333333,61.4976856734203,TRUE
"p401",14.5555555555556,62.2567205931862,TRUE
"p401",14.7777777777778,63.0051728163603,TRUE
"p401",15,63.820667195622,TRUE
"p401",15.2222222222222,64.6615155239928,TRUE
"p401",15.4444444444444,65.5546913585601,TRUE
"p401",15.6666666666667,66.4696340461146,TRUE
"p401",15.8888888888889,67.4324799405424,TRUE
"p401",16.1111111111111,68.3707687081703,TRUE
"p401",16.3333333333333,69.3782098965334,TRUE
"p401",16.5555555555556,70.4566598746019,TRUE
"p401",16.7777777777778,71.5151585131834,TRUE
"p401",17,72.6217990197088,TRUE
"p401",17.2222222222222,73.7551856802534,TRUE
"p401",17.4444444444444,74.9649789727224,TRUE
"p401",17.6666666666667,76.2075562757559,TRUE
"p401",17.8888888888889,77.4716305537973,TRUE
"p401",18.1111111111111,78.7290724671041,TRUE
"p401",18.3333333333333,80.0245002497717,TRUE
"p401",18.5555555555556,81.3731389163727,TRUE
"p401",18.7777777777778,82.74028584058,TRUE
"p401",19,84.163629478384,TRUE
"p401",19.2222222222222,85.613180917599,TRUE
"p401",19.4444444444444,87.0912321644169,TRUE
"p401",19.6666666666667,88.612037503638,TRUE
"p401",19.8888888888889,90.1739067640905,TRUE
"p401",20.1111111111111,91.7223518103904,TRUE
"p401",20.3333333333333,93.3721244330139,TRUE
"p401",20.5555555555556,94.9730574218416,TRUE
"p401",20.7777777777778,96.6277126486824,TRUE
"p401",21,98.3445105359715,TRUE
"p401",21.2222222222222,100.089080614471,TRUE
"p401",21.4444444444444,101.87027777268,TRUE
"p401",21.6666666666667,103.645661096054,TRUE
"p401",21.8888888888889,105.489914210917,TRUE
"p401",22.1111111111111,107.357122038766,TRUE
"p401",22.3333333333333,109.249637941023,TRUE
"p401",22.5555555555556,111.155653635867,TRUE
"p401",22.7777777777778,113.13257667974,TRUE
"p401",23,115.128834131009,TRUE
"p425",1,70.0616596310171,TRUE
"p425",1.22222222222222,68.8454572342118,TRUE
"p425",1.44444444444444,67.6711778991584,TRUE
"p425",1.66666666666667,66.5277575928835,TRUE
"p425",1.88888888888889,65.4296354838604,TRUE
"p425",2.11111111111111,64.3443118125409,TRUE
"p425",2.33333333333333,63.3338880771443,TRUE
"p425",2.55555555555556,62.3490774278853,TRUE
"p425",2.77777777777778,61.3758750419644,TRUE
"p425",3,60.4292155834721,TRUE
"p425",3.22222222222222,59.4742037635865,TRUE
"p425",3.44444444444444,58.5738484620075,TRUE
"p425",3.66666666666667,57.6843042230652,TRUE
"p425",3.88888888888889,56.868473043442,TRUE
"p425",4.11111111111111,56.0652374661953,TRUE
"p425",4.33333333333333,55.312449853103,TRUE
"p425",4.55555555555556,54.6106540859279,TRUE
"p425",4.77777777777778,53.9290142617969,TRUE
"p425",5,53.2825978942184,TRUE
"p425",5.22222222222222,52.6834015318411,TRUE
"p425",5.44444444444444,52.0998030020538,TRUE
"p425",5.66666666666667,51.5414456877208,TRUE
"p425",5.88888888888889,51.0234447480483,TRUE
"p425",6.11111111111111,50.5380172265469,TRUE
"p425",6.33333333333333,50.0842125885371,TRUE
"p425",6.55555555555556,49.6613307176644,TRUE
"p425",6.77777777777778,49.2901436490002,TRUE
"p425",7,48.9513836525582,TRUE
"p425",7.22222222222222,48.6513740946999,TRUE
"p425",7.44444444444444,48.3435205528479,TRUE
"p425",7.66666666666667,48.0998925306818,TRUE
"p425",7.88888888888889,47.8711201636716,TRUE
"p425",8.11111111111111,47.6813239297276,TRUE
"p425",8.33333333333333,47.5065185761998,TRUE
"p425",8.55555555555556,47.3648696721757,TRUE
"p425",8.77777777777778,47.2741684427738,TRUE
"p425",9,47.2085081837483,TRUE
"p425",9.22222222222222,47.1770414810997,TRUE
"p425",9.44444444444444,47.1651331967033,TRUE
"p425",9.66666666666667,47.2082177972703,TRUE
"p425",9.88888888888889,47.285568259976,TRUE
"p425",10.1111111111111,47.3732640742801,TRUE
"p425",10.3333333333333,47.5522780872916,TRUE
"p425",10.5555555555556,47.7216608082676,TRUE
"p425",10.7777777777778,47.9131850500941,TRUE
"p425",11,48.1520559721221,TRUE
"p425",11.2222222222222,48.4106138211252,TRUE
"p425",11.4444444444444,48.7035658710005,TRUE
"p425",11.6666666666667,49.0618844363607,TRUE
"p425",11.8888888888889,49.424445269947,TRUE
"p425",12.1111111111111,49.8189317143547,TRUE
"p425",12.3333333333333,50.2498230864551,TRUE
"p425",12.5555555555556,50.7211808559639,TRUE
"p425",12.7777777777778,51.2443255732331,TRUE
"p425",13,51.7666280077951,TRUE
"p425",13.2222222222222,52.3416652284802,TRUE
"p425",13.4444444444444,52.9739947414994,TRUE
"p425",13.6666666666667,53.6184547446911,TRUE
"p425",13.8888888888889,54.3215157629925,TRUE
"p425",14.1111111111111,55.0522577112615,TRUE
"p425",14.3333333333333,55.7684176073991,TRUE
"p425",14.5555555555556,56.5323764093709,TRUE
"p425",14.7777777777778,57.3315699063958,TRUE
"p425",15,58.21054776163,TRUE
"p425",15.2222222222222,59.1168032231667,TRUE
"p425",15.4444444444444,60.0277433962282,TRUE
"p425",15.6666666666667,60.9871818165672,TRUE
"p425",15.8888888888889,61.9699288789433,TRUE
"p425",16.1111111111111,62.9716236682976,TRUE
"p425",16.3333333333333,64.019562787853,TRUE
"p425",16.5555555555556,65.0702260058296,TRUE
"p425",16.7777777777778,66.2044182345586,TRUE
"p425",17,67.3651038092971,TRUE
"p425",17.2222222222222,68.5206995488448,TRUE
"p425",17.4444444444444,69.7391255572006,TRUE
"p425",17.6666666666667,70.9834798164048,TRUE
"p425",17.8888888888889,72.2518653925589,TRUE
"p425",18.1111111111111,73.5282884217845,TRUE
"p425",18.3333333333333,74.8581353489575,TRUE
"p425",18.5555555555556,76.2155582405092,TRUE
"p425",18.7777777777778,77.6118619873123,TRUE
"p425",19,79.0262041820868,TRUE
"p425",19.2222222222222,80.4784869104951,TRUE
"p425",19.4444444444444,81.9511602604599,TRUE
"p425",19.6666666666667,83.533410834154,TRUE
"p425",19.8888888888889,85.1019176922615,TRUE
"p425",20.1111111111111,86.7208258573537,TRUE
"p425",20.3333333333333,88.3346009676854,TRUE
"p425",20.5555555555556,90.0035273181034,TRUE
"p425",20.7777777777778,91.6892884451306,TRUE
"p425",21,93.4457757372863,TRUE
"p425",21.2222222222222,95.2090759193184,TRUE
"p425",21.4444444444444,97.03333120128,TRUE
"p425",21.6666666666667,98.8651444648023,TRUE
"p425",21.8888888888889,100.743140765882,TRUE
"p425",22.1111111111111,102.650786671098,TRUE
"p425",22.3333333333333,104.578850530047,TRUE
"p425",22.5555555555556,106.497807221005,TRUE
"p425",22.7777777777778,108.505577936113,TRUE
"p425",23,110.565067270019,TRUE
"p602",1,73.1803988947007,TRUE
"p602",1.22222222222222,71.9843063274259,TRUE
"p602",1.44444444444444,70.8301061935645,TRUE
"p602",1.66666666666667,69.7029704408116,TRUE
"p602",1.88888888888889,68.5791290526401,TRUE
"p602",2.11111111111111,67.5109433008395,TRUE
"p602",2.33333333333333,66.4674225000263,TRUE
"p602",2.55555555555556,65.4379075310167,TRUE
"p602",2.77777777777778,64.4379101860887,TRUE
"p602",3,63.4916529982167,TRUE
"p602",3.22222222222222,62.5974215942149,TRUE
"p602",3.44444444444444,61.7439432799952,TRUE
"p602",3.66666666666667,60.8934364379277,TRUE
"p602",3.88888888888889,60.1093773723418,TRUE
"p602",4.11111111111111,59.3145791126636,TRUE
"p602",4.33333333333333,58.5713403946285,TRUE
"p602",4.55555555555556,57.8562908250777,TRUE
"p602",4.77777777777778,57.2026105448646,TRUE
"p602",5,56.5907355855278,TRUE
"p602",5.22222222222222,55.9762811883243,TRUE
"p602",5.44444444444444,55.4203454333287,TRUE
"p602",5.66666666666667,54.9092075449069,TRUE
"p602",5.88888888888889,54.3842131902978,TRUE
"p602",6.11111111111111,53.9260679948472,TRUE
"p602",6.33333333333333,53.4641292434764,TRUE
"p602",6.55555555555556,53.0686051283746,TRUE
"p602",6.77777777777778,52.7121640866731,TRUE
"p602",7,52.3744803819332,TRUE
"p602",7.22222222222222,52.0400301959707,TRUE
"p602",7.44444444444444,51.7417927156265,TRUE
"p602",7.66666666666667,51.5039048629718,TRUE
"p602",7.88888888888889,51.2874389149498,TRUE
"p602",8.11111111111111,51.0903098461945,TRUE
"p602",8.33333333333333,50.9725602567988,TRUE
"p602",8.55555555555556,50.880419045662,TRUE
"p602",8.77777777777778,50.7725708501119,TRUE
"p602",9,50.7354625732157,TRUE
"p602",9.22222222222222,50.7642162814769,TRUE
"p602",9.44444444444444,50.7649436503324,TRUE
"p602",9.66666666666667,50.8212177701149,TRUE
"p602",9.88888888888889,50.8765111420597,TRUE
"p602",10.1111111111111,50.9885804888881,TRUE
"p602",10.3333333333333,51.1414883245071,TRUE
"p602",10.5555555555556,51.3560853116108,TRUE
"p602",10.7777777777778,51.5809720621652,TRUE
"p602",11,51.8238319339522,TRUE
"p602",11.2222222222222,52.0998766376437,TRUE
"p602",11.4444444444444,52.408741183884,TRUE
"p602",11.6666666666667,52.7464586710769,TRUE
"p602",11.8888888888889,53.1136926813861,TRUE
"p602",12.1111111111111,53.5277931841754,TRUE
"p602",12.3333333333333,53.9705299382124,TRUE
"p602",12.5555555555556,54.4474910595569,TRUE
"p602",12.7777777777778,54.944759629364,TRUE
"p602",13,55.4815203671704,TRUE
"p602",13.2222222222222,56.0806196516938,TRUE
"p602",13.4444444444444,56.7125939369448,TRUE
"p602",13.6666666666667,57.3547161758269,TRUE
"p602",13.8888888888889,58.0185936354779,TRUE
"p602",14.1111111111111,58.7224846557917,TRUE
"p602",14.3333333333333,59.4674086848965,TRUE
"p602",14.5555555555556,60.2639408174908,TRUE
"p602",14.7777777777778,61.0934653670584,TRUE
"p602",15,61.9358036631693,TRUE
"p602",15.2222222222222,62.8395373268924,TRUE
"p602",15.4444444444444,63.7445086744926,TRUE
"p602",15.6666666666667,64.673732881022,TRUE
"p602",15.8888888888889,65.6916660043144,TRUE
"p602",16.1111111111111,66.7399196081463,TRUE
"p602",16.3333333333333,67.8155528751611,TRUE
"p602",16.5555555555556,68.9289339362335,TRUE
"p602",16.7777777777778,70.0241649876304,TRUE
"p602",17,71.1896276754247,TRUE
"p602",17.2222222222222,72.385761022457,TRUE
"p602",17.4444444444444,73.5794633873106,TRUE
"p602",17.6666666666667,74.8316606270218,TRUE
"p602",17.8888888888889,76.0848987467055,TRUE
"p602",18.1111111111111,77.3968689285783,TRUE
"p602",18.3333333333333,78.7272744178593,TRUE
"p602",18.5555555555556,80.113471533919,TRUE
"p602",18.7777777777778,81.5109284388436,TRUE
"p602",19,82.9747888957812,TRUE
"p602",19.2222222222222,84.4800044860712,TRUE
"p602",19.4444444444444,85.9933578677574,TRUE
"p602",19.6666666666667,87.5217631322943,TRUE
"p602",19.8888888888889,89.0976074761732,TRUE
"p602",20.1111111111111,90.725440829592,TRUE
"p602",20.3333333333333,92.3955734216568,TRUE
"p602",20.5555555555556,94.0656999887044,TRUE
"p602",20.7777777777778,95.7850970886569,TRUE
"p602",21,97.5358180949321,TRUE
"p602",21.2222222222222,99.3277751722332,TRUE
"p602",21.4444444444444,101.077598411362,TRUE
"p602",21.6666666666667,102.889345704818,TRUE
"p602",21.8888888888889,104.749890223967,TRUE
"p602",22.1111111111111,106.66551389783,TRUE
"p602",22.3333333333333,108.609772310937,TRUE
"p602",22.5555555555556,110.568780254068,TRUE
"p602",22.7777777777778,112.577167711229,TRUE
"p602",23,114.60791226451,TRUE
"p756",1,76.8827628839629,TRUE
"p756",1.22222222222222,75.6321548513509,TRUE
"p756",1.44444444444444,74.4122705929348,TRUE
"p756",1.66666666666667,73.2221305227643,TRUE
"p756",1.88888888888889,72.0849239267843,TRUE
"p756",2.11111111111111,70.9435819341437,TRUE
"p756",2.33333333333333,69.8463564432387,TRUE
"p756",2.55555555555556,68.7634940618507,TRUE
"p756",2.77777777777778,67.7499470717766,TRUE
"p756",3,66.7738948681138,TRUE
"p756",3.22222222222222,65.7733606125823,TRUE
"p756",3.44444444444444,64.8248911698948,TRUE
"p756",3.66666666666667,63.9097176185604,TRUE
"p756",3.88888888888889,63.0698767576203,TRUE
"p756",4.11111111111111,62.2177667256217,TRUE
"p756",4.33333333333333,61.4318851291861,TRUE
"p756",4.55555555555556,60.6715274834776,TRUE
"p756",4.77777777777778,59.9450423672142,TRUE
"p756",5,59.2719571654322,TRUE
"p756",5.22222222222222,58.5775035368206,TRUE
"p756",5.44444444444444,57.9575349536774,TRUE
"p756",5.66666666666667,57.3206191496565,TRUE
"p756",5.88888888888889,56.7463882534762,TRUE
"p756",6.11111111111111,56.1966780950946,TRUE
"p756",6.33333333333333,55.675438378145,TRUE
"p756",6.55555555555556,55.2241254053569,TRUE
"p756",6.77777777777778,54.7460781201039,TRUE
"p756",7,54.315964752283,TRUE
"p756",7.22222222222222,53.9345882897808,TRUE
"p756",7.44444444444444,53.5646712237727,TRUE
"p756",7.66666666666667,53.2732821076134,TRUE
"p756",7.88888888888889,53.0068892869335,TRUE
"p756",8.11111111111111,52.7686585698416,TRUE
"p756",8.33333333333333,52.5471631180625,TRUE
"p756",8.55555555555556,52.3863655064253,TRUE
"p756",8.77777777777778,52.3205428554752,TRUE
"p756",9,52.2181690085678,TRUE
"p756",9.22222222222222,52.1392297410227,TRUE
"p756",9.44444444444444,52.0897909056535,TRUE
"p756",9.66666666666667,52.062099336732,TRUE
"p756",9.88888888888889,52.0715902363747,TRUE
"p756",10.1111111111111,52.1385915809615,TRUE
"p756",10.3333333333333,52.2529898323675,TRUE
"p756",10.5555555555556,52.3679826015659,TRUE
"p756",10.7777777777778,52.5586177082346,TRUE
"p756",11,52.7825112293642,TRUE
"p756",11.2222222222222,53.0312971010802,TRUE
"p756",11.4444444444444,53.3204086705968,TRUE
"p756",11.6666666666667,53.6051790291001,TRUE
"p756",11.8888888888889,53.89762663013,TRUE
"p756",12.1111111111111,54.2636095330291,TRUE
"p756",12.3333333333333,54.6740413347266,TRUE
"p756",12.5555555555556,55.0754057454787,TRUE
"p756",12.7777777777778,55.5204057044851,TRUE
"p756",13,55.9779583309009,TRUE
"p756",13.2222222222222,56.4815264707523,TRUE
"p756",13.4444444444444,57.0095794689605,TRUE
"p756",13.6666666666667,57.607716458526,TRUE
"p756",13.8888888888889,58.2114330839834,TRUE
"p756",14.1111111111111,58.8646461079594,TRUE
"p756",14.3333333333333,59.5520086500572,TRUE
"p756",14.5555555555556,60.2528309863406,TRUE
"p756",14.7777777777778,61.0225527792674,TRUE
"p756",15,61.8019152743028,TRUE
"p756",15.2222222222222,62.578789373386,TRUE
"p756",15.4444444444444,63.464803181347,TRUE
"p756",15.6666666666667,64.3387567284182,TRUE
"p756",15.8888888888889,65.2442662919387,TRUE
"p756",16.1111111111111,66.2359071853661,TRUE
"p756",16.3333333333333,67.2531993997978,TRUE
"p756",16.5555555555556,68.2660166950022,TRUE
"p756",16.7777777777778,69.3348121616308,TRUE
"p756",17,70.4197020658159,TRUE
"p756",17.2222222222222,71.5295044157558,TRUE
"p756",17.4444444444444,72.7073170396554,TRUE
"p756",17.6666666666667,73.9121475709425,TRUE
"p756",17.8888888888889,75.1218391698553,TRUE
"p756",18.1111111111111,76.3669253471816,TRUE
"p756",18.3333333333333,77.6478005433604,TRUE
"p756",18.5555555555556,78.9730690868496,TRUE
"p756",18.7777777777778,80.3270716019435,TRUE
"p756",19,81.6949892952364,TRUE
"p756",19.2222222222222,83.1331991209507,TRUE
"p756",19.4444444444444,84.586294605172,TRUE
"p756",19.6666666666667,86.1165524431756,TRUE
"p756",19.8888888888889,87.6184883172038,TRUE
"p756",20.1111111111111,89.1575401023738,TRUE
"p756",20.3333333333333,90.7049970036055,TRUE
"p756",20.5555555555556,92.3097016489031,TRUE
"p756",20.7777777777778,93.9567909446946,TRUE
"p756",21,95.6336735584545,TRUE
"p756",21.2222222222222,97.3500286872149,TRUE
"p756",21.4444444444444,99.1034759721321,TRUE
"p756",21.6666666666667,100.912200698896,TRUE
"p756",21.8888888888889,102.668521947572,TRUE
"p756",22.1111111111111,104.514923877516,TRUE
"p756",22.3333333333333,106.401433241032,TRUE
"p756",22.5555555555556,108.271295867405,TRUE
"p756",22.7777777777778,110.186288834601,TRUE
"p756",23,112.175216851447,TRUE
"r804",1,81.3029629030812,TRUE
"r804",1.22222222222222,80.0125536267791,TRUE
"r804",1.44444444444444,78.7712748066701,TRUE
"r804",1.66666666666667,77.5542861037397,TRUE
"r804",1.88888888888889,76.3464584079968,TRUE
"r804",2.11111111111111,75.1747317401041,TRUE
"r804",2.33333333333333,74.0748172670813,TRUE
"r804",2.55555555555556,72.9602814825665,TRUE
"r804",2.77777777777778,71.8554980268088,TRUE
"r804",3,70.8588058878175,TRUE
"r804",3.22222222222222,69.8790053862158,TRUE
"r804",3.44444444444444,68.9097907051361,TRUE
"r804",3.66666666666667,67.9568778221684,TRUE
"r804",3.88888888888889,67.0566695295839,TRUE
"r804",4.11111111111111,66.2388888470336,TRUE
"r804",4.33333333333333,65.4055205861029,TRUE
"r804",4.55555555555556,64.6096417999873,TRUE
"r804",4.77777777777778,63.8570731768371,TRUE
"r804",5,63.1446539719595,TRUE
"r804",5.22222222222222,62.4573812803257,TRUE
"r804",5.44444444444444,61.7743131722014,TRUE
"r804",5.66666666666667,61.1709589428882,TRUE
"r804",5.88888888888889,60.595799767076,TRUE
"r804",6.11111111111111,59.9935027162452,TRUE
"r804",6.33333333333333,59.4729543724834,TRUE
"r804",6.55555555555556,58.9835475493281,TRUE
"r804",6.77777777777778,58.5319441068852,TRUE
"r804",7,58.1002932796921,TRUE
"r804",7.22222222222222,57.7277257806206,TRUE
"r804",7.44444444444444,57.3684946683601,TRUE
"r804",7.66666666666667,57.0601361413044,TRUE
"r804",7.88888888888889,56.7874189043486,TRUE
"r804",8.11111111111111,56.5187725409271,TRUE
"r804",8.33333333333333,56.2758280331895,TRUE
"r804",8.55555555555556,56.0542665797549,TRUE
"r804",8.77777777777778,55.9110772741714,TRUE
"r804",9,55.763191360488,TRUE
"r804",9.22222222222222,55.6600451726293,TRUE
"r804",9.44444444444444,55.5852442338338,TRUE
"r804",9.66666666666667,55.579346630208,TRUE
"r804",9.88888888888889,55.5948709362774,TRUE
"r804",10.1111111111111,55.6210076918056,TRUE
"r804",10.3333333333333,55.699952404615,TRUE
"r804",10.5555555555556,55.7867247231006,TRUE
"r804",10.7777777777778,55.914017560502,TRUE
"r804",11,56.0928027340655,TRUE
"r804",11.2222222222222,56.2743254837501,TRUE
"r804",11.4444444444444,56.4967147042902,TRUE
"r804",11.6666666666667,56.7502611448994,TRUE
"r804",11.8888888888889,57.0334980304149,TRUE
"r804",12.1111111111111,57.3442436559331,TRUE
"r804",12.3333333333333,57.6908040443817,TRUE
"r804",12.5555555555556,58.0696958998527,TRUE
"r804",12.7777777777778,58.5146561931033,TRUE
"r804",13,58.9440811272957,TRUE
"r804",13.2222222222222,59.4438082511036,TRUE
"r804",13.4444444444444,59.9660390688015,TRUE
"r804",13.6666666666667,60.5480813453573,TRUE
"r804",13.8888888888889,61.1502210697305,TRUE
"r804",14.1111111111111,61.7749096947457,TRUE
"r804",14.3333333333333,62.4645106127227,TRUE
"r804",14.5555555555556,63.1815798147292,TRUE
"r804",14.7777777777778,63.9313317297276,TRUE
"r804",15,64.6754276997576,TRUE
"r804",15.2222222222222,65.4715468333427,TRUE
"r804",15.4444444444444,66.3243293878753,TRUE
"r804",15.6666666666667,67.1704780501356,TRUE
"r804",15.8888888888889,68.0357586544315,TRUE
"r804",16.1111111111111,68.9645015995674,TRUE
"r804",16.3333333333333,69.9007703511607,TRUE
"r804",16.5555555555556,70.8940331017748,TRUE
"r804",16.7777777777778,71.9228067073465,TRUE
"r804",17,72.942292900214,TRUE
"r804",17.2222222222222,74.0149794194957,TRUE
"r804",17.4444444444444,75.1736665626911,TRUE
"r804",17.6666666666667,76.354101398667,TRUE
"r804",17.8888888888889,77.5348541098274,TRUE
"r804",18.1111111111111,78.7379763737867,TRUE
"r804",18.3333333333333,79.9881421797999,TRUE
"r804",18.5555555555556,81.2640995321063,TRUE
"r804",18.7777777777778,82.5695827184927,TRUE
"r804",19,83.8910372849989,TRUE
"r804",19.2222222222222,85.284040108727,TRUE
"r804",19.4444444444444,86.718354738333,TRUE
"r804",19.6666666666667,88.1719383399694,TRUE
"r804",19.8888888888889,89.6576252378815,TRUE
"r804",20.1111111111111,91.1604750100599,TRUE
"r804",20.3333333333333,92.6830195587474,TRUE
"r804",20.5555555555556,94.2649828171543,TRUE
"r804",20.7777777777778,95.8983145430897,TRUE
"r804",21,97.5502895942891,TRUE
"r804",21.2222222222222,99.1799873409676,TRUE
"r804",21.4444444444444,100.868790869819,TRUE
"r804",21.6666666666667,102.593411749482,TRUE
"r804",21.8888888888889,104.387294383611,TRUE
"r804",22.1111111111111,106.236865873966,TRUE
"r804",22.3333333333333,108.066360202287,TRUE
"r804",22.5555555555556,109.96831544067,TRUE
"r804",22.7777777777778,111.864492839709,TRUE
"r804",23,113.807229312173,TRUE
"r810",1,65.3817432414538,TRUE
"r810",1.22222222222222,64.139853948758,TRUE
"r810",1.44444444444444,62.9409524718787,TRUE
"r810",1.66666666666667,61.7896891734348,TRUE
"r810",1.88888888888889,60.630118883001,TRUE
"r810",2.11111111111111,59.5592953240666,TRUE
"r810",2.33333333333333,58.5235993321352,TRUE
"r810",2.55555555555556,57.494349471756,TRUE
"r810",2.77777777777778,56.4888590968637,TRUE
"r810",3,55.5099001168557,TRUE
"r810",3.22222222222222,54.5676919986826,TRUE
"r810",3.44444444444444,53.6476704930053,TRUE
"r810",3.66666666666667,52.7953158346886,TRUE
"r810",3.88888888888889,51.9583743346308,TRUE
"r810",4.11111111111111,51.1561585293784,TRUE
"r810",4.33333333333333,50.415224564931,TRUE
"r810",4.55555555555556,49.6712120522664,TRUE
"r810",4.77777777777778,48.9481195332024,TRUE
"r810",5,48.2842285388156,TRUE
"r810",5.22222222222222,47.6665542918734,TRUE
"r810",5.44444444444444,47.0867492699391,TRUE
"r810",5.66666666666667,46.5243317532171,TRUE
"r810",5.88888888888889,45.9555052006578,TRUE
"r810",6.11111111111111,45.4744435207637,TRUE
"r810",6.33333333333333,44.992862635066,TRUE
"r810",6.55555555555556,44.5629959080514,TRUE
"r810",6.77777777777778,44.1660137242069,TRUE
"r810",7,43.7649964645689,TRUE
"r810",7.22222222222222,43.4464732618252,TRUE
"r810",7.44444444444444,43.1153399265138,TRUE
"r810",7.66666666666667,42.8291131996164,TRUE
"r810",7.88888888888889,42.5782683591243,TRUE
"r810",8.11111111111111,42.3844515347125,TRUE
"r810",8.33333333333333,42.2057046215864,TRUE
"r810",8.55555555555556,42.0757646705307,TRUE
"r810",8.77777777777778,41.9597598738203,TRUE
"r810",9,41.9065748912135,TRUE
"r810",9.22222222222222,41.8591498607002,TRUE
"r810",9.44444444444444,41.85168631459,TRUE
"r810",9.66666666666667,41.8671391524236,TRUE
"r810",9.88888888888889,41.9341725626853,TRUE
"r810",10.1111111111111,41.995657569298,TRUE
"r810",10.3333333333333,42.123918877049,TRUE
"r810",10.5555555555556,42.2751231876836,TRUE
"r810",10.7777777777778,42.4633213942562,TRUE
"r810",11,42.6797691127324,TRUE
"r810",11.2222222222222,42.9387699022007,TRUE
"r810",11.4444444444444,43.2236455005942,TRUE
"r810",11.6666666666667,43.5589229680667,TRUE
"r810",11.8888888888889,43.9357934295617,TRUE
"r810",12.1111111111111,44.3457476275253,TRUE
"r810",12.3333333333333,44.732247896116,TRUE
"r810",12.5555555555556,45.1879542648954,TRUE
"r810",12.7777777777778,45.6628082691801,TRUE
"r810",13,46.1808841290415,TRUE
"r810",13.2222222222222,46.7130588448379,TRUE
"r810",13.4444444444444,47.3053599184814,TRUE
"r810",13.6666666666667,47.9365816662013,TRUE
"r810",13.8888888888889,48.5837589248159,TRUE
"r810",14.1111111111111,49.260265165027,TRUE
"r810",14.3333333333333,49.9864081007138,TRUE
"r810",14.5555555555556,50.7423245411862,TRUE
"r810",14.7777777777778,51.528357859448,TRUE
"r810",15,52.3805191522983,TRUE
"r810",15.2222222222222,53.228992866542,TRUE
"r810",15.4444444444444,54.1398001814814,TRUE
"r810",15.6666666666667,55.0446429524828,TRUE
"r810",15.8888888888889,56.0346628015131,TRUE
"r810",16.1111111111111,57.0093566563204,TRUE
"r810",16.3333333333333,58.0464871450147,TRUE
"r810",16.5555555555556,59.0791702767243,TRUE
"r810",16.7777777777778,60.140617976652,TRUE
"r810",17,61.2715258001518,TRUE
"r810",17.2222222222222,62.4314205288335,TRUE
"r810",17.4444444444444,63.6400312774534,TRUE
"r810",17.6666666666667,64.8766640786454,TRUE
"r810",17.8888888888889,66.1184459335557,TRUE
"r810",18.1111111111111,67.4317038988702,TRUE
"r810",18.3333333333333,68.7676698801035,TRUE
"r810",18.5555555555556,70.0805952014821,TRUE
"r810",18.7777777777778,71.4691065732003,TRUE
"r810",19,72.882605406217,TRUE
"r810",19.2222222222222,74.3459341521809,TRUE
"r810",19.4444444444444,75.7904354655865,TRUE
"r810",19.6666666666667,77.3191453464807,TRUE
"r810",19.8888888888889,78.8601266983577,TRUE
"r810",20.1111111111111,80.4229534241028,TRUE
"r810",20.3333333333333,82.027287964679,TRUE
"r810",20.5555555555556,83.6698528539731,TRUE
"r810",20.7777777777778,85.3684977551177,TRUE
"r810",21,87.0911451456416,TRUE
"r810",21.2222222222222,88.859565603758,TRUE
"r810",21.4444444444444,90.6398800205532,TRUE
"r810",21.6666666666667,92.4562455923094,TRUE
"r810",21.8888888888889,94.271798337593,TRUE
"r810",22.1111111111111,96.1482889923858,TRUE
"r810",22.3333333333333,98.0622122619379,TRUE
"r810",22.5555555555556,99.9661567788516,TRUE
"r810",22.7777777777778,101.948557388995,TRUE
"r810",23,103.936244193523,TRUE
"s282",1,78.7347928564635,TRUE
"s282",1.22222222222222,77.4116216604271,TRUE
"s282",1.44444444444444,76.1391871937696,TRUE
"s282",1.66666666666667,74.8616181335127,TRUE
"s282",1.88888888888889,73.6643513475007,TRUE
"s282",2.11111111111111,72.4491414991415,TRUE
"s282",2.33333333333333,71.3006730458106,TRUE
"s282",2.55555555555556,70.187880962364,TRUE
"s282",2.77777777777778,69.0938288172884,TRUE
"s282",3,68.0428223398876,TRUE
"s282",3.22222222222222,66.9940536609425,TRUE
"s282",3.44444444444444,65.9769178283934,TRUE
"s282",3.66666666666667,64.9880653729188,TRUE
"s282",3.88888888888889,64.0420934256904,TRUE
"s282",4.11111111111111,63.1547819563583,TRUE
"s282",4.33333333333333,62.3146378227198,TRUE
"s282",4.55555555555556,61.4849615514971,TRUE
"s282",4.77777777777778,60.6708773069844,TRUE
"s282",5,59.89743167576,TRUE
"s282",5.22222222222222,59.1481533557134,TRUE
"s282",5.44444444444444,58.4459868852882,TRUE
"s282",5.66666666666667,57.7928557782512,TRUE
"s282",5.88888888888889,57.1561154370596,TRUE
"s282",6.11111111111111,56.5327706238322,TRUE
"s282",6.33333333333333,55.9602669105915,TRUE
"s282",6.55555555555556,55.4335772136388,TRUE
"s282",6.77777777777778,54.9153811048649,TRUE
"s282",7,54.4673928781366,TRUE
"s282",7.22222222222222,54.0227370492751,TRUE
"s282",7.44444444444444,53.6328894774367,TRUE
"s282",7.66666666666667,53.2352921122637,TRUE
"s282",7.88888888888889,52.893401856045,TRUE
"s282",8.11111111111111,52.5804629277758,TRUE
"s282",8.33333333333333,52.293140265487,TRUE
"s282",8.55555555555556,52.0599612341418,TRUE
"s282",8.77777777777778,51.8459400144019,TRUE
"s282",9,51.6722304205309,TRUE
"s282",9.22222222222222,51.5275336417759,TRUE
"s282",9.44444444444444,51.4281838552892,TRUE
"s282",9.66666666666667,51.362267668614,TRUE
"s282",9.88888888888889,51.3149641848737,TRUE
"s282",10.1111111111111,51.3166426701778,TRUE
"s282",10.3333333333333,51.3294390722141,TRUE
"s282",10.5555555555556,51.3835709048815,TRUE
"s282",10.7777777777778,51.4938052491242,TRUE
"s282",11,51.5647416697868,TRUE
"s282",11.2222222222222,51.7365382925001,TRUE
"s282",11.4444444444444,51.951712628245,TRUE
"s282",11.6666666666667,52.2082003771268,TRUE
"s282",11.8888888888889,52.4527831220759,TRUE
"s282",12.1111111111111,52.747584267951,TRUE
"s282",12.3333333333333,53.0780753184581,TRUE
"s282",12.5555555555556,53.4404873494307,TRUE
"s282",12.7777777777778,53.8094044091945,TRUE
"s282",13,54.2216654455606,TRUE
"s282",13.2222222222222,54.6555066050807,TRUE
"s282",13.4444444444444,55.1362850552643,TRUE
"s282",13.6666666666667,55.6530444498172,TRUE
"s282",13.8888888888889,56.1795396735214,TRUE
"s282",14.1111111111111,56.7978982591247,TRUE
"s282",14.3333333333333,57.4144427993713,TRUE
"s282",14.5555555555556,58.0790877194377,TRUE
"s282",14.7777777777778,58.7168503556785,TRUE
"s282",15,59.4452568302846,TRUE
"s282",15.2222222222222,60.1916401122159,TRUE
"s282",15.4444444444444,60.9535197561693,TRUE
"s282",15.6666666666667,61.7607365273825,TRUE
"s282",15.8888888888889,62.6061243972794,TRUE
"s282",16.1111111111111,63.4861966943706,TRUE
"s282",16.3333333333333,64.3784379998346,TRUE
"s282",16.5555555555556,65.3062353267264,TRUE
"s282",16.7777777777778,66.2836131367849,TRUE
"s282",17,67.2999371679989,TRUE
"s282",17.2222222222222,68.3325669415569,TRUE
"s282",17.4444444444444,69.3936707471101,TRUE
"s282",17.6666666666667,70.4947136449118,TRUE
"s282",17.8888888888889,71.6090657754733,TRUE
"s282",18.1111111111111,72.8078858084731,TRUE
"s282",18.3333333333333,74.007410394067,TRUE
"s282",18.5555555555556,75.2377062885429,TRUE
"s282",18.7777777777778,76.5143769952552,TRUE
"s282",19,77.8276947384887,TRUE
"s282",19.2222222222222,79.1537451064429,TRUE
"s282",19.4444444444444,80.521967366594,TRUE
"s282",19.6666666666667,81.9316996936981,TRUE
"s282",19.8888888888889,83.3819876665128,TRUE
"s282",20.1111111111111,84.8995471022536,TRUE
"s282",20.3333333333333,86.4002176919723,TRUE
"s282",20.5555555555556,87.9219183029771,TRUE
"s282",20.7777777777778,89.4989959504962,TRUE
"s282",21,91.1196649073133,TRUE
"s282",21.2222222222222,92.7535895611108,TRUE
"s282",21.4444444444444,94.424617751945,TRUE
"s282",21.6666666666667,96.1060187924695,TRUE
"s282",21.8888888888889,97.8526989581236,TRUE
"s282",22.1111111111111,99.6141286829033,TRUE
"s282",22.3333333333333,101.406808700467,TRUE
"s282",22.5555555555556,103.240940503423,TRUE
"s282",22.7777777777778,105.106477143958,TRUE
"s282",23,106.995943072347,TRUE
"s426",1,70.8063999238312,TRUE
"s426",1.22222222222222,69.5097706197228,TRUE
"s426",1.44444444444444,68.2545723679655,TRUE
"s426",1.66666666666667,67.0051770434889,TRUE
"s426",1.88888888888889,65.8319827147659,TRUE
"s426",2.11111111111111,64.6650669693778,TRUE
"s426",2.33333333333333,63.5260417933853,TRUE
"s426",2.55555555555556,62.439099289599,TRUE
"s426",2.77777777777778,61.3904372277554,TRUE
"s426",3,60.367166300429,TRUE
"s426",3.22222222222222,59.3670112300968,TRUE
"s426",3.44444444444444,58.4144745977543,TRUE
"s426",3.66666666666667,57.4725460587556,TRUE
"s426",3.88888888888889,56.5586546854819,TRUE
"s426",4.11111111111111,55.7197500567122,TRUE
"s426",4.33333333333333,54.8588896145715,TRUE
"s426",4.55555555555556,54.0768193821899,TRUE
"s426",4.77777777777778,53.3145660056636,TRUE
"s426",5,52.6364101943006,TRUE
"s426",5.22222222222222,51.9462618858761,TRUE
"s426",5.44444444444444,51.3004400765318,TRUE
"s426",5.66666666666667,50.6806934772153,TRUE
"s426",5.88888888888889,50.1003364886956,TRUE
"s426",6.11111111111111,49.5447873910869,TRUE
"s426",6.33333333333333,49.0216656414022,TRUE
"s426",6.55555555555556,48.518594337234,TRUE
"s426",6.77777777777778,48.0750274639836,TRUE
"s426",7,47.6519025509021,TRUE
"s426",7.22222222222222,47.2412003424554,TRUE
"s426",7.44444444444444,46.908900437266,TRUE
"s426",7.66666666666667,46.6033034070654,TRUE
"s426",7.88888888888889,46.2871111764461,TRUE
"s426",8.11111111111111,46.0144252861651,TRUE
"s426",8.33333333333333,45.7621910583871,TRUE
"s426",8.55555555555556,45.5135100076796,TRUE
"s426",8.77777777777778,45.3551254615141,TRUE
"s426",9,45.2429324149213,TRUE
"s426",9.22222222222222,45.1605722086766,TRUE
"s426",9.44444444444444,45.0888585612386,TRUE
"s426",9.66666666666667,45.0309982761186,TRUE
"s426",9.88888888888889,44.9909070652586,TRUE
"s426",10.1111111111111,45.0153267639376,TRUE
"s426",10.3333333333333,45.0652033116176,TRUE
"s426",10.5555555555556,45.1766052373563,TRUE
"s426",10.7777777777778,45.3279740735025,TRUE
"s426",11,45.508780638594,TRUE
"s426",11.2222222222222,45.7203931986487,TRUE
"s426",11.4444444444444,45.9604571598297,TRUE
"s426",11.6666666666667,46.2170909459132,TRUE
"s426",11.8888888888889,46.5131491879901,TRUE
"s426",12.1111111111111,46.8443462274043,TRUE
"s426",12.3333333333333,47.2339879132306,TRUE
"s426",12.5555555555556,47.6878550851838,TRUE
"s426",12.7777777777778,48.1178262469386,TRUE
"s426",13,48.5984114828157,TRUE
"s426",13.2222222222222,49.1066172472631,TRUE
"s426",13.4444444444444,49.6114080332306,TRUE
"s426",13.6666666666667,50.1730643741482,TRUE
"s426",13.8888888888889,50.7685903361454,TRUE
"s426",14.1111111111111,51.4186734683746,TRUE
"s426",14.3333333333333,52.0531313982689,TRUE
"s426",14.5555555555556,52.764278610499,TRUE
"s426",14.7777777777778,53.4917700188648,TRUE
"s426",15,54.2346947591367,TRUE
"s426",15.2222222222222,55.0495587485349,TRUE
"s426",15.4444444444444,55.8673478121801,TRUE
"s426",15.6666666666667,56.7049522610246,TRUE
"s426",15.8888888888889,57.5996484029494,TRUE
"s426",16.1111111111111,58.575102184934,TRUE
"s426",16.3333333333333,59.5264071443424,TRUE
"s426",16.5555555555556,60.5190489383377,TRUE
"s426",16.7777777777778,61.5203159236161,TRUE
"s426",17,62.5878848100684,TRUE
"s426",17.2222222222222,63.7030999418214,TRUE
"s426",17.4444444444444,64.7644118036185,TRUE
"s426",17.6666666666667,65.9553899570786,TRUE
"s426",17.8888888888889,67.1205529503125,TRUE
"s426",18.1111111111111,68.3440831410515,TRUE
"s426",18.3333333333333,69.636258385324,TRUE
"s426",18.5555555555556,70.9094530818669,TRUE
"s426",18.7777777777778,72.2109408177057,TRUE
"s426",19,73.5795663666291,TRUE
"s426",19.2222222222222,74.9805247962015,TRUE
"s426",19.4444444444444,76.403793346318,TRUE
"s426",19.6666666666667,77.8526502090974,TRUE
"s426",19.8888888888889,79.3461788723826,TRUE
"s426",20.1111111111111,80.8518389427418,TRUE
"s426",20.3333333333333,82.4113388202947,TRUE
"s426",20.5555555555556,83.9818888800602,TRUE
"s426",20.7777777777778,85.5812199486772,TRUE
"s426",21,87.2728451225143,TRUE
"s426",21.2222222222222,88.967829100321,TRUE
"s426",21.4444444444444,90.6753556786941,TRUE
"s426",21.6666666666667,92.4203335775321,TRUE
"s426",21.8888888888889,94.2265055719305,TRUE
"s426",22.1111111111111,96.0630824232439,TRUE
"s426",22.3333333333333,97.8918575805862,TRUE
"s426",22.5555555555556,99.7675040952739,TRUE
"s426",22.7777777777778,101.699424216972,TRUE
"s426",23,103.648718786902,TRUE
"s817",1,75.6557051525448,TRUE
"s817",1.22222222222222,74.3886602784019,TRUE
"s817",1.44444444444444,73.1345285400149,TRUE
"s817",1.66666666666667,71.9205428973822,TRUE
"s817",1.88888888888889,70.7571903137616,TRUE
"s817",2.11111111111111,69.60168288151,TRUE
"s817",2.33333333333333,68.4967549977286,TRUE
"s817",2.55555555555556,67.4070725445669,TRUE
"s817",2.77777777777778,66.3767645976704,TRUE
"s817",3,65.3528449946481,TRUE
"s817",3.22222222222222,64.3955466145125,TRUE
"s817",3.44444444444444,63.4767791428078,TRUE
"s817",3.66666666666667,62.5605493641242,TRUE
"s817",3.88888888888889,61.6403449773805,TRUE
"s817",4.11111111111111,60.7827449887362,TRUE
"s817",4.33333333333333,59.9676636628062,TRUE
"s817",4.55555555555556,59.1901542637825,TRUE
"s817",4.77777777777778,58.4299629501951,TRUE
"s817",5,57.7512323607315,TRUE
"s817",5.22222222222222,57.0581729595921,TRUE
"s817",5.44444444444444,56.3681459649779,TRUE
"s817",5.66666666666667,55.7652330932613,TRUE
"s817",5.88888888888889,55.1272022917003,TRUE
"s817",6.11111111111111,54.5515938227193,TRUE
"s817",6.33333333333333,54.0427203400609,TRUE
"s817",6.55555555555556,53.536925507334,TRUE
"s817",6.77777777777778,53.0795382370092,TRUE
"s817",7,52.6708733648849,TRUE
"s817",7.22222222222222,52.2682441711965,TRUE
"s817",7.44444444444444,51.8975697922657,TRUE
"s817",7.66666666666667,51.5689038498189,TRUE
"s817",7.88888888888889,51.2951149302343,TRUE
"s817",8.11111111111111,51.0563373615927,TRUE
"s817",8.33333333333333,50.8306890253083,TRUE
"s817",8.55555555555556,50.6385043329194,TRUE
"s817",8.77777777777778,50.5169265897264,TRUE
"s817",9,50.387828563371,TRUE
"s817",9.22222222222222,50.30502524415,TRUE
"s817",9.44444444444444,50.2270812851771,TRUE
"s817",9.66666666666667,50.2030326532946,TRUE
"s817",9.88888888888889,50.1910992241162,TRUE
"s817",10.1111111111111,50.2136680121993,TRUE
"s817",10.3333333333333,50.2750427433663,TRUE
"s817",10.5555555555556,50.3543321923942,TRUE
"s817",10.7777777777778,50.5157260652136,TRUE
"s817",11,50.6976173436712,TRUE
"s817",11.2222222222222,50.8784181847209,TRUE
"s817",11.4444444444444,51.0979882024237,TRUE
"s817",11.6666666666667,51.3711314971834,TRUE
"s817",11.8888888888889,51.6702812106779,TRUE
"s817",12.1111111111111,52.0125542146333,TRUE
"s817",12.3333333333333,52.3648802490759,TRUE
"s817",12.5555555555556,52.7379211424281,TRUE
"s817",12.7777777777778,53.1709957220706,TRUE
"s817",13,53.6421155945642,TRUE
"s817",13.2222222222222,54.1277662697104,TRUE
"s817",13.4444444444444,54.6485354327242,TRUE
"s817",13.6666666666667,55.2378678263603,TRUE
"s817",13.8888888888889,55.8383950482729,TRUE
"s817",14.1111111111111,56.4683502108288,TRUE
"s817",14.3333333333333,57.1408310530453,TRUE
"s817",14.5555555555556,57.8169967657421,TRUE
"s817",14.7777777777778,58.560612992341,TRUE
"s817",15,59.309929094315,TRUE
"s817",15.2222222222222,60.0768986599883,TRUE
"s817",15.4444444444444,60.9155759332809,TRUE
"s817",15.6666666666667,61.8022458625535,TRUE
"s817",15.8888888888889,62.6737223962585,TRUE
"s817",16.1111111111111,63.5873041910104,TRUE
"s817",16.3333333333333,64.5588729552326,TRUE
"s817",16.5555555555556,65.510963942444,TRUE
"s817",16.7777777777778,66.5700580817985,TRUE
"s817",17,67.6211889640852,TRUE
"s817",17.2222222222222,68.7139746945045,TRUE
"s817",17.4444444444444,69.8616365836853,TRUE
"s817",17.6666666666667,71.0117476319906,TRUE
"s817",17.8888888888889,72.2152461779844,TRUE
"s817",18.1111111111111,73.4191675785925,TRUE
"s817",18.3333333333333,74.6728121502117,TRUE
"s817",18.5555555555556,75.9465886073179,TRUE
"s817",18.7777777777778,77.2659312914181,TRUE
"s817",19,78.6444388012828,TRUE
"s817",19.2222222222222,80.0522004627022,TRUE
"s817",19.4444444444444,81.4632964545269,TRUE
"s817",19.6666666666667,82.9217149010235,TRUE
"s817",19.8888888888889,84.3932843071746,TRUE
"s817",20.1111111111111,85.8793433947635,TRUE
"s817",20.3333333333333,87.4388460706107,TRUE
"s817",20.5555555555556,89.0418840300174,TRUE
"s817",20.7777777777778,90.6632548395353,TRUE
"s817",21,92.2846344146608,TRUE
"s817",21.2222222222222,93.9494897855463,TRUE
"s817",21.4444444444444,95.6537710182849,TRUE
"s817",21.6666666666667,97.4242786615985,TRUE
"s817",21.8888888888889,99.205081635794,TRUE
"s817",22.1111111111111,101.019675831525,TRUE
"s817",22.3333333333333,102.822541118538,TRUE
"s817",22.5555555555556,104.70269447781,TRUE
"s817",22.7777777777778,106.618389538945,TRUE
"s817",23,108.554335425536,TRUE
"s993",1,70.9169634163617,TRUE
"s993",1.22222222222222,69.6061665300315,TRUE
"s993",1.44444444444444,68.3496609174169,TRUE
"s993",1.66666666666667,67.1034929561192,TRUE
"s993",1.88888888888889,65.9286226634652,TRUE
"s993",2.11111111111111,64.7754637705741,TRUE
"s993",2.33333333333333,63.6063861202537,TRUE
"s993",2.55555555555556,62.5154466858839,TRUE
"s993",2.77777777777778,61.4432608437905,TRUE
"s993",3,60.4178848873141,TRUE
"s993",3.22222222222222,59.4137260608182,TRUE
"s993",3.44444444444444,58.4479802284456,TRUE
"s993",3.66666666666667,57.5295797874611,TRUE
"s993",3.88888888888889,56.6079591014706,TRUE
"s993",4.11111111111111,55.7563937427512,TRUE
"s993",4.33333333333333,54.9198166118752,TRUE
"s993",4.55555555555556,54.0915821421797,TRUE
"s993",4.77777777777778,53.3560816890317,TRUE
"s993",5,52.6341910254063,TRUE
"s993",5.22222222222222,51.9283453288938,TRUE
"s993",5.44444444444444,51.2504247589543,TRUE
"s993",5.66666666666667,50.6340490971748,TRUE
"s993",5.88888888888889,50.0427112427643,TRUE
"s993",6.11111111111111,49.4971900713422,TRUE
"s993",6.33333333333333,48.9768393832344,TRUE
"s993",6.55555555555556,48.4652350568395,TRUE
"s993",6.77777777777778,47.9878090551029,TRUE
"s993",7,47.5178867460217,TRUE
"s993",7.22222222222222,47.0987622639317,TRUE
"s993",7.44444444444444,46.7329527165424,TRUE
"s993",7.66666666666667,46.4062557096877,TRUE
"s993",7.88888888888889,46.0973601447561,TRUE
"s993",8.11111111111111,45.8602295712285,TRUE
"s993",8.33333333333333,45.5855402785922,TRUE
"s993",8.55555555555556,45.411970312756,TRUE
"s993",8.77777777777778,45.2625466222431,TRUE
"s993",9,45.1272913948432,TRUE
"s993",9.22222222222222,45.0121780068314,TRUE
"s993",9.44444444444444,44.959788740122,TRUE
"s993",9.66666666666667,44.9149851108439,TRUE
"s993",9.88888888888889,44.9218268747602,TRUE
"s993",10.1111111111111,44.9336464365002,TRUE
"s993",10.3333333333333,45.0272171135359,TRUE
"s993",10.5555555555556,45.12496284878,TRUE
"s993",10.7777777777778,45.2387919406218,TRUE
"s993",11,45.3828227770855,TRUE
"s993",11.2222222222222,45.5969791788474,TRUE
"s993",11.4444444444444,45.7884906351187,TRUE
"s993",11.6666666666667,46.0844668215813,TRUE
"s993",11.8888888888889,46.3732641502307,TRUE
"s993",12.1111111111111,46.7091900810171,TRUE
"s993",12.3333333333333,47.0759691696186,TRUE
"s993",12.5555555555556,47.4678954240268,TRUE
"s993",12.7777777777778,47.8964744285765,TRUE
"s993",13,48.356847801681,TRUE
"s993",13.2222222222222,48.8019760943534,TRUE
"s993",13.4444444444444,49.3178147923556,TRUE
"s993",13.6666666666667,49.8514939597638,TRUE
"s993",13.8888888888889,50.4231680282546,TRUE
"s993",14.1111111111111,51.0802087698261,TRUE
"s993",14.3333333333333,51.7621700425038,TRUE
"s993",14.5555555555556,52.4488470168469,TRUE
"s993",14.7777777777778,53.198857014463,TRUE
"s993",15,53.9272990417005,TRUE
"s993",15.2222222222222,54.7108395353325,TRUE
"s993",15.4444444444444,55.542601040194,TRUE
"s993",15.6666666666667,56.4095861240907,TRUE
"s993",15.8888888888889,57.3048288453383,TRUE
"s993",16.1111111111111,58.2254103484678,TRUE
"s993",16.3333333333333,59.1974820514265,TRUE
"s993",16.5555555555556,60.1892383550689,TRUE
"s993",16.7777777777778,61.1867260840362,TRUE
"s993",17,62.246893161684,TRUE
"s993",17.2222222222222,63.3463045192116,TRUE
"s993",17.4444444444444,64.4359447389036,TRUE
"s993",17.6666666666667,65.5768580696628,TRUE
"s993",17.8888888888889,66.7261005233027,TRUE
"s993",18.1111111111111,67.9397328889877,TRUE
"s993",18.3333333333333,69.2137853799181,TRUE
"s993",18.5555555555556,70.4593967634505,TRUE
"s993",18.7777777777778,71.7748968688222,TRUE
"s993",19,73.1226887648452,TRUE
"s993",19.2222222222222,74.5086230867898,TRUE
"s993",19.4444444444444,75.9441412891616,TRUE
"s993",19.6666666666667,77.4008910162099,TRUE
"s993",19.8888888888889,78.8237616905427,TRUE
"s993",20.1111111111111,80.3418909944354,TRUE
"s993",20.3333333333333,81.9053523317367,TRUE
"s993",20.5555555555556,83.4676224424399,TRUE
"s993",20.7777777777778,85.0589483607519,TRUE
"s993",21,86.7011188037535,TRUE
"s993",21.2222222222222,88.3582053847095,TRUE
"s993",21.4444444444444,90.0814207167259,TRUE
"s993",21.6666666666667,91.8373355852748,TRUE
"s993",21.8888888888889,93.6178088646533,TRUE
"s993",22.1111111111111,95.3861404515148,TRUE
"s993",22.3333333333333,97.2298401583597,TRUE
"s993",22.5555555555556,99.1191075463677,TRUE
"s993",22.7777777777778,101.016081715713,TRUE
"s993",23,102.925701079108,TRUE
"t902",1,70.2738880088209,TRUE
"t902",1.22222222222222,68.9369369068334,TRUE
"t902",1.44444444444444,67.6259072008278,TRUE
"t902",1.66666666666667,66.364304131554,TRUE
"t902",1.88888888888889,65.1471464551263,TRUE
"t902",2.11111111111111,63.9559918223489,TRUE
"t902",2.33333333333333,62.7890512745382,TRUE
"t902",2.55555555555556,61.6637360265759,TRUE
"t902",2.77777777777778,60.5761315606136,TRUE
"t902",3,59.4891485951956,TRUE
"t902",3.22222222222222,58.470174833552,TRUE
"t902",3.44444444444444,57.4817784263638,TRUE
"t902",3.66666666666667,56.5528604640437,TRUE
"t902",3.88888888888889,55.6207411371378,TRUE
"t902",4.11111111111111,54.7691450395886,TRUE
"t902",4.33333333333333,53.9242104167984,TRUE
"t902",4.55555555555556,53.126274861056,TRUE
"t902",4.77777777777778,52.3287441315445,TRUE
"t902",5,51.5742648588242,TRUE
"t902",5.22222222222222,50.8214941138866,TRUE
"t902",5.44444444444444,50.1268793494099,TRUE
"t902",5.66666666666667,49.4637226544658,TRUE
"t902",5.88888888888889,48.8440982879554,TRUE
"t902",6.11111111111111,48.2794819019825,TRUE
"t902",6.33333333333333,47.7034643563734,TRUE
"t902",6.55555555555556,47.185583924986,TRUE
"t902",6.77777777777778,46.696494487772,TRUE
"t902",7,46.266184119908,TRUE
"t902",7.22222222222222,45.8415530078433,TRUE
"t902",7.44444444444444,45.4321827653246,TRUE
"t902",7.66666666666667,45.0390398038793,TRUE
"t902",7.88888888888889,44.7346350496586,TRUE
"t902",8.11111111111111,44.4232658939597,TRUE
"t902",8.33333333333333,44.1607752859198,TRUE
"t902",8.55555555555556,43.9412093559045,TRUE
"t902",8.77777777777778,43.7384496722752,TRUE
"t902",9,43.5813432739684,TRUE
"t902",9.22222222222222,43.4509515231656,TRUE
"t902",9.44444444444444,43.3326185992795,TRUE
"t902",9.66666666666667,43.2628946245891,TRUE
"t902",9.88888888888889,43.2405249089231,TRUE
"t902",10.1111111111111,43.2292280894168,TRUE
"t902",10.3333333333333,43.2705865425025,TRUE
"t902",10.5555555555556,43.3100808435863,TRUE
"t902",10.7777777777778,43.4274134028597,TRUE
"t902",11,43.5793509638161,TRUE
"t902",11.2222222222222,43.7584656309289,TRUE
"t902",11.4444444444444,43.9375394096693,TRUE
"t902",11.6666666666667,44.1609004675992,TRUE
"t902",11.8888888888889,44.4358154772809,TRUE
"t902",12.1111111111111,44.7433282045107,TRUE
"t902",12.3333333333333,45.0546453298037,TRUE
"t902",12.5555555555556,45.4379532357645,TRUE
"t902",12.7777777777778,45.8462505745384,TRUE
"t902",13,46.2602969846748,TRUE
"t902",13.2222222222222,46.7380947412005,TRUE
"t902",13.4444444444444,47.2508649490637,TRUE
"t902",13.6666666666667,47.7514490647664,TRUE
"t902",13.8888888888889,48.2833269942562,TRUE
"t902",14.1111111111111,48.8806841816104,TRUE
"t902",14.3333333333333,49.5111265796258,TRUE
"t902",14.5555555555556,50.1377018208013,TRUE
"t902",14.7777777777778,50.8282771748269,TRUE
"t902",15,51.5925793104479,TRUE
"t902",15.2222222222222,52.4000170403921,TRUE
"t902",15.4444444444444,53.1862497357578,TRUE
"t902",15.6666666666667,54.0213446479276,TRUE
"t902",15.8888888888889,54.8771288203581,TRUE
"t902",16.1111111111111,55.7660833125535,TRUE
"t902",16.3333333333333,56.6636594189597,TRUE
"t902",16.5555555555556,57.588152448923,TRUE
"t902",16.7777777777778,58.5516890859375,TRUE
"t902",17,59.5813687178465,TRUE
"t902",17.2222222222222,60.663659521845,TRUE
"t902",17.4444444444444,61.7353658978777,TRUE
"t902",17.6666666666667,62.8359261624694,TRUE
"t902",17.8888888888889,63.9958318296596,TRUE
"t902",18.1111111111111,65.1986891977567,TRUE
"t902",18.3333333333333,66.4411785020921,TRUE
"t902",18.5555555555556,67.7000098841672,TRUE
"t902",18.7777777777778,68.9662414968965,TRUE
"t902",19,70.2509865610878,TRUE
"t902",19.2222222222222,71.6102086712685,TRUE
"t902",19.4444444444444,72.9957985811448,TRUE
"t902",19.6666666666667,74.4337691394924,TRUE
"t902",19.8888888888889,75.8553051983523,TRUE
"t902",20.1111111111111,77.3334012612332,TRUE
"t902",20.3333333333333,78.8367690762737,TRUE
"t902",20.5555555555556,80.4314911947984,TRUE
"t902",20.7777777777778,82.0141544889444,TRUE
"t902",21,83.6335907770806,TRUE
"t902",21.2222222222222,85.2869019775134,TRUE
"t902",21.4444444444444,86.9262062708214,TRUE
"t902",21.6666666666667,88.6019922387949,TRUE
"t902",21.8888888888889,90.3396335217076,TRUE
"t902",22.1111111111111,92.1224737076543,TRUE
"t902",22.3333333333333,93.9382391941705,TRUE
"t902",22.5555555555556,95.7792178060285,TRUE
"t902",22.7777777777778,97.631499757701,TRUE
"t902",23,99.5747443890471,TRUE
"u082",1,70.76137025017,TRUE
"u082",1.22222222222222,69.4788026947226,TRUE
"u082",1.44444444444444,68.1792147415785,TRUE
"u082",1.66666666666667,66.9213017662186,TRUE
"u082",1.88888888888889,65.7457475622025,TRUE
"u082",2.11111111111111,64.6362720671618,TRUE
"u082",2.33333333333333,63.4921651797676,TRUE
"u082",2.55555555555556,62.3619111662376,TRUE
"u082",2.77777777777778,61.3130754269008,TRUE
"u082",3,60.2376904001275,TRUE
"u082",3.22222222222222,59.2577791429946,TRUE
"u082",3.44444444444444,58.3248972888144,TRUE
"u082",3.66666666666667,57.4016974443635,TRUE
"u082",3.88888888888889,56.4900698415086,TRUE
"u082",4.11111111111111,55.6413514908768,TRUE
"u082",4.33333333333333,54.8196068738803,TRUE
"u082",4.55555555555556,54.0417121668124,TRUE
"u082",4.77777777777778,53.2808085787005,TRUE
"u082",5,52.5566491737541,TRUE
"u082",5.22222222222222,51.8855545867451,TRUE
"u082",5.44444444444444,51.2395564384196,TRUE
"u082",5.66666666666667,50.6273461690715,TRUE
"u082",5.88888888888889,50.0168633638109,TRUE
"u082",6.11111111111111,49.4427267473803,TRUE
"u082",6.33333333333333,48.9113404554734,TRUE
"u082",6.55555555555556,48.4225845362882,TRUE
"u082",6.77777777777778,47.9270921336851,TRUE
"u082",7,47.5405232212234,TRUE
"u082",7.22222222222222,47.1714506798395,TRUE
"u082",7.44444444444444,46.8089946023636,TRUE
"u082",7.66666666666667,46.4857711679728,TRUE
"u082",7.88888888888889,46.1238239592101,TRUE
"u082",8.11111111111111,45.8711465347171,TRUE
"u082",8.33333333333333,45.6200227597067,TRUE
"u082",8.55555555555556,45.4395377212303,TRUE
"u082",8.77777777777778,45.2741011791667,TRUE
"u082",9,45.1246287824064,TRUE
"u082",9.22222222222222,45.0321701781712,TRUE
"u082",9.44444444444444,44.9807502115953,TRUE
"u082",9.66666666666667,44.922623110232,TRUE
"u082",9.88888888888889,44.9039143578479,TRUE
"u082",10.1111111111111,44.9114870232375,TRUE
"u082",10.3333333333333,44.9802430355411,TRUE
"u082",10.5555555555556,45.065562500174,TRUE
"u082",10.7777777777778,45.1746363840039,TRUE
"u082",11,45.3625532550821,TRUE
"u082",11.2222222222222,45.5363425157857,TRUE
"u082",11.4444444444444,45.7953372722431,TRUE
"u082",11.6666666666667,46.0736741753058,TRUE
"u082",11.8888888888889,46.3600401031691,TRUE
"u082",12.1111111111111,46.6771629442368,TRUE
"u082",12.3333333333333,47.0182095799541,TRUE
"u082",12.5555555555556,47.4073749458694,TRUE
"u082",12.7777777777778,47.8298932194987,TRUE
"u082",13,48.2790456594777,TRUE
"u082",13.2222222222222,48.8010681395492,TRUE
"u082",13.4444444444444,49.334142240566,TRUE
"u082",13.6666666666667,49.8845308822577,TRUE
"u082",13.8888888888889,50.4694154389767,TRUE
"u082",14.1111111111111,51.0628278069611,TRUE
"u082",14.3333333333333,51.7234585679387,TRUE
"u082",14.5555555555556,52.4375713351739,TRUE
"u082",14.7777777777778,53.1440527060344,TRUE
"u082",15,53.8849657311972,TRUE
"u082",15.2222222222222,54.687118098967,TRUE
"u082",15.4444444444444,55.5102108269124,TRUE
"u082",15.6666666666667,56.3682051125866,TRUE
"u082",15.8888888888889,57.2565604997702,TRUE
"u082",16.1111111111111,58.1751720608596,TRUE
"u082",16.3333333333333,59.1311074485736,TRUE
"u082",16.5555555555556,60.1175887793271,TRUE
"u082",16.7777777777778,61.1517608043032,TRUE
"u082",17,62.197787890766,TRUE
"u082",17.2222222222222,63.3030355113077,TRUE
"u082",17.4444444444444,64.4423608227222,TRUE
"u082",17.6666666666667,65.6237290040998,TRUE
"u082",17.8888888888889,66.7905296604445,TRUE
"u082",18.1111111111111,68.0157586575497,TRUE
"u082",18.3333333333333,69.259588751412,TRUE
"u082",18.5555555555556,70.5742925367072,TRUE
"u082",18.7777777777778,71.8990122952067,TRUE
"u082",19,73.2532466283832,TRUE
"u082",19.2222222222222,74.6326806207833,TRUE
"u082",19.4444444444444,76.0863876324452,TRUE
"u082",19.6666666666667,77.5622385827081,TRUE
"u082",19.8888888888889,79.0649905400779,TRUE
"u082",20.1111111111111,80.5600410743347,TRUE
"u082",20.3333333333333,82.1247883308636,TRUE
"u082",20.5555555555556,83.7077981035348,TRUE
"u082",20.7777777777778,85.3184327358246,TRUE
"u082",21,86.9390559218172,TRUE
"u082",21.2222222222222,88.605304992187,TRUE
"u082",21.4444444444444,90.376201884027,TRUE
"u082",21.6666666666667,92.1181483813899,TRUE
"u082",21.8888888888889,93.8666479607252,TRUE
"u082",22.1111111111111,95.6816096929633,TRUE
"u082",22.3333333333333,97.4675199230187,TRUE
"u082",22.5555555555556,99.3519653897179,TRUE
"u082",22.7777777777778,101.222206364202,TRUE
"u082",23,103.176650811333,TRUE
"w066",1,63.9838556615179,TRUE
"w066",1.22222222222222,62.7344267168134,TRUE
"w066",1.44444444444444,61.5174696104316,TRUE
"w066",1.66666666666667,60.3380212481066,TRUE
"w066",1.88888888888889,59.1865040924615,TRUE
"w066",2.11111111111111,58.0816720236232,TRUE
"w066",2.33333333333333,57.0270572423916,TRUE
"w066",2.55555555555556,56.010189453973,TRUE
"w066",2.77777777777778,55.0043216299572,TRUE
"w066",3,54.0085331002663,TRUE
"w066",3.22222222222222,53.0806551796886,TRUE
"w066",3.44444444444444,52.1706915841034,TRUE
"w066",3.66666666666667,51.3055986432472,TRUE
"w066",3.88888888888889,50.4134417723873,TRUE
"w066",4.11111111111111,49.5876790046067,TRUE
"w066",4.33333333333333,48.7820217878935,TRUE
"w066",4.55555555555556,48.0331706364825,TRUE
"w066",4.77777777777778,47.3407238788154,TRUE
"w066",5,46.6773731652274,TRUE
"w066",5.22222222222222,46.0295842931932,TRUE
"w066",5.44444444444444,45.4060997622054,TRUE
"w066",5.66666666666667,44.8376608076002,TRUE
"w066",5.88888888888889,44.3003235666176,TRUE
"w066",6.11111111111111,43.8092084535272,TRUE
"w066",6.33333333333333,43.3157369088693,TRUE
"w066",6.55555555555556,42.8723519433629,TRUE
"w066",6.77777777777778,42.4574910098448,TRUE
"w066",7,42.0769397845788,TRUE
"w066",7.22222222222222,41.7454814713554,TRUE
"w066",7.44444444444444,41.3962301119615,TRUE
"w066",7.66666666666667,41.1049000311441,TRUE
"w066",7.88888888888889,40.8374779272515,TRUE
"w066",8.11111111111111,40.6066316479527,TRUE
"w066",8.33333333333333,40.3931229321742,TRUE
"w066",8.55555555555556,40.2479910591042,TRUE
"w066",8.77777777777778,40.1582141096462,TRUE
"w066",9,40.059148083561,TRUE
"w066",9.22222222222222,40.0095176630397,TRUE
"w066",9.44444444444444,39.9640334284684,TRUE
"w066",9.66666666666667,39.9929936981989,TRUE
"w066",9.88888888888889,40.0114766995038,TRUE
"w066",10.1111111111111,40.0881549590963,TRUE
"w066",10.3333333333333,40.1970317736427,TRUE
"w066",10.5555555555556,40.3115939232273,TRUE
"w066",10.7777777777778,40.519872913618,TRUE
"w066",11,40.7264925465896,TRUE
"w066",11.2222222222222,40.9647331679808,TRUE
"w066",11.4444444444444,41.2509865668637,TRUE
"w066",11.6666666666667,41.5648788864358,TRUE
"w066",11.8888888888889,41.8788464080277,TRUE
"w066",12.1111111111111,42.2315152567146,TRUE
"w066",12.3333333333333,42.6423482768786,TRUE
"w066",12.5555555555556,43.0904588689622,TRUE
"w066",12.7777777777778,43.6191117359499,TRUE
"w066",13,44.1424497035439,TRUE
"w066",13.2222222222222,44.6825585716145,TRUE
"w066",13.4444444444444,45.2568841739789,TRUE
"w066",13.6666666666667,45.8390603337979,TRUE
"w066",13.8888888888889,46.475115548989,TRUE
"w066",14.1111111111111,47.1647767596108,TRUE
"w066",14.3333333333333,47.8410337412892,TRUE
"w066",14.5555555555556,48.5708492786432,TRUE
"w066",14.7777777777778,49.3403413353639,TRUE
"w066",15,50.148990056546,TRUE
"w066",15.2222222222222,50.9537820138163,TRUE
"w066",15.4444444444444,51.8739901214815,TRUE
"w066",15.6666666666667,52.8029409349401,TRUE
"w066",15.8888888888889,53.7548314037726,TRUE
"w066",16.1111111111111,54.7419211219535,TRUE
"w066",16.3333333333333,55.7373931535258,TRUE
"w066",16.5555555555556,56.7601002617972,TRUE
"w066",16.7777777777778,57.8038066872851,TRUE
"w066",17,58.9100086536027,TRUE
"w066",17.2222222222222,60.022258507802,TRUE
"w066",17.4444444444444,61.2232553301886,TRUE
"w066",17.6666666666667,62.4344034253596,TRUE
"w066",17.8888888888889,63.6486985701664,TRUE
"w066",18.1111111111111,64.935336640646,TRUE
"w066",18.3333333333333,66.2341083193715,TRUE
"w066",18.5555555555556,67.5897388121997,TRUE
"w066",18.7777777777778,68.9528315856152,TRUE
"w066",19,70.3313370584795,TRUE
"w066",19.2222222222222,71.7878933488036,TRUE
"w066",19.4444444444444,73.2749460955576,TRUE
"w066",19.6666666666667,74.7754594405176,TRUE
"w066",19.8888888888889,76.2933811464094,TRUE
"w066",20.1111111111111,77.84926572904,TRUE
"w066",20.3333333333333,79.4136293393404,TRUE
"w066",20.5555555555556,81.0483704232731,TRUE
"w066",20.7777777777778,82.7027835875595,TRUE
"w066",21,84.3789893230802,TRUE
"w066",21.2222222222222,86.1040272523855,TRUE
"w066",21.4444444444444,87.8805834178266,TRUE
"w066",21.6666666666667,89.6866775467305,TRUE
"w066",21.8888888888889,91.4883382884712,TRUE
"w066",22.1111111111111,93.3419979965096,TRUE
"w066",22.3333333333333,95.2220978979404,TRUE
"w066",22.5555555555556,97.1540472627817,TRUE
"w066",22.7777777777778,99.0568608887714,TRUE
"w066",23,101.056124582885,TRUE
"w163",1,77.3805334700264,TRUE
"w163",1.22222222222222,76.096230259946,TRUE
"w163",1.44444444444444,74.8344284129256,TRUE
"w163",1.66666666666667,73.6165026062836,TRUE
"w163",1.88888888888889,72.4403428154885,TRUE
"w163",2.11111111111111,71.287942068895,TRUE
"w163",2.33333333333333,70.1693813151599,TRUE
"w163",2.55555555555556,69.0625763892129,TRUE
"w163",2.77777777777778,67.986697115161,TRUE
"w163",3,66.9750266964964,TRUE
"w163",3.22222222222222,65.9749957257977,TRUE
"w163",3.44444444444444,65.0016188565116,TRUE
"w163",3.66666666666667,64.089047563365,TRUE
"w163",3.88888888888889,63.1925376531392,TRUE
"w163",4.11111111111111,62.3217543660455,TRUE
"w163",4.33333333333333,61.5079994920245,TRUE
"w163",4.55555555555556,60.7111122438199,TRUE
"w163",4.77777777777778,59.9337799958649,TRUE
"w163",5,59.2125850664013,TRUE
"w163",5.22222222222222,58.5311694498124,TRUE
"w163",5.44444444444444,57.8459726864047,TRUE
"w163",5.66666666666667,57.2365681174361,TRUE
"w163",5.88888888888889,56.6598365989505,TRUE
"w163",6.11111111111111,56.0983985460438,TRUE
"w163",6.33333333333333,55.568908750852,TRUE
"w163",6.55555555555556,55.0404272236322,TRUE
"w163",6.77777777777778,54.6017192876401,TRUE
"w163",7,54.1748815128803,TRUE
"w163",7.22222222222222,53.7703637229142,TRUE
"w163",7.44444444444444,53.4449990804689,TRUE
"w163",7.66666666666667,53.1055724063625,TRUE
"w163",7.88888888888889,52.8307361036981,TRUE
"w163",8.11111111111111,52.5465284878394,TRUE
"w163",8.33333333333333,52.3236041591534,TRUE
"w163",8.55555555555556,52.1192867057671,TRUE
"w163",8.77777777777778,51.9035023480714,TRUE
"w163",9,51.7753914426648,TRUE
"w163",9.22222222222222,51.6796873408605,TRUE
"w163",9.44444444444444,51.6189070506178,TRUE
"w163",9.66666666666667,51.5880465212385,TRUE
"w163",9.88888888888889,51.5394405542594,TRUE
"w163",10.1111111111111,51.5436828806704,TRUE
"w163",10.3333333333333,51.5979820816751,TRUE
"w163",10.5555555555556,51.6962519626571,TRUE
"w163",10.7777777777778,51.7708271414652,TRUE
"w163",11,51.9128956757259,TRUE
"w163",11.2222222222222,52.0778667887913,TRUE
"w163",11.4444444444444,52.2939582825744,TRUE
"w163",11.6666666666667,52.5651227932374,TRUE
"w163",11.8888888888889,52.8747845625865,TRUE
"w163",12.1111111111111,53.1836741792863,TRUE
"w163",12.3333333333333,53.5438242729028,TRUE
"w163",12.5555555555556,53.9028722556329,TRUE
"w163",12.7777777777778,54.3007771976615,TRUE
"w163",13,54.7533903606397,TRUE
"w163",13.2222222222222,55.1990377813061,TRUE
"w163",13.4444444444444,55.7241951828477,TRUE
"w163",13.6666666666667,56.2704104787681,TRUE
"w163",13.8888888888889,56.8733243976743,TRUE
"w163",14.1111111111111,57.4970661021576,TRUE
"w163",14.3333333333333,58.146401307565,TRUE
"w163",14.5555555555556,58.8222295917256,TRUE
"w163",14.7777777777778,59.5472767068655,TRUE
"w163",15,60.2972404092876,TRUE
"w163",15.2222222222222,61.033504954168,TRUE
"w163",15.4444444444444,61.8598952488293,TRUE
"w163",15.6666666666667,62.6948972122459,TRUE
"w163",15.8888888888889,63.5845261583356,TRUE
"w163",16.1111111111111,64.5230694500786,TRUE
"w163",16.3333333333333,65.4757839211944,TRUE
"w163",16.5555555555556,66.4565117910365,TRUE
"w163",16.7777777777778,67.4946419506713,TRUE
"w163",17,68.542684673286,TRUE
"w163",17.2222222222222,69.6074599757622,TRUE
"w163",17.4444444444444,70.719115191057,TRUE
"w163",17.6666666666667,71.8283771673419,TRUE
"w163",17.8888888888889,72.9963158219336,TRUE
"w163",18.1111111111111,74.2050676511591,TRUE
"w163",18.3333333333333,75.4384199745819,TRUE
"w163",18.5555555555556,76.6990472417813,TRUE
"w163",18.7777777777778,77.9973380219341,TRUE
"w163",19,79.3386923264432,TRUE
"w163",19.2222222222222,80.7152046620723,TRUE
"w163",19.4444444444444,82.1581986727757,TRUE
"w163",19.6666666666667,83.5741487369475,TRUE
"w163",19.8888888888889,85.0406100952464,TRUE
"w163",20.1111111111111,86.5513877948036,TRUE
"w163",20.3333333333333,88.0641126370324,TRUE
"w163",20.5555555555556,89.6410048362681,TRUE
"w163",20.7777777777778,91.255937746445,TRUE
"w163",21,92.9088937672922,TRUE
"w163",21.2222222222222,94.573311238939,TRUE
"w163",21.4444444444444,96.2255675012291,TRUE
"w163",21.6666666666667,97.9872457519605,TRUE
"w163",21.8888888888889,99.7769460722501,TRUE
"w163",22.1111111111111,101.583989824757,TRUE
"w163",22.3333333333333,103.42773799532,TRUE
"w163",22.5555555555556,105.309571489279,TRUE
"w163",22.7777777777778,107.20561984181,TRUE
"w163",23,109.145337582098,TRUE
"w453",1,71.8691916423532,TRUE
"w453",1.22222222222222,70.5721855114699,TRUE
"w453",1.44444444444444,69.3189999432071,TRUE
"w453",1.66666666666667,68.0657408239936,TRUE
"w453",1.88888888888889,66.8807939618876,TRUE
"w453",2.11111111111111,65.7460477842188,TRUE
"w453",2.33333333333333,64.6475746354627,TRUE
"w453",2.55555555555556,63.5407390944208,TRUE
"w453",2.77777777777778,62.5064486914299,TRUE
"w453",3,61.5064191049329,TRUE
"w453",3.22222222222222,60.5542795106191,TRUE
"w453",3.44444444444444,59.5837550557646,TRUE
"w453",3.66666666666667,58.6578899795289,TRUE
"w453",3.88888888888889,57.7661367089062,TRUE
"w453",4.11111111111111,56.9203697410159,TRUE
"w453",4.33333333333333,56.1239877941511,TRUE
"w453",4.55555555555556,55.3335350995203,TRUE
"w453",4.77777777777778,54.5518966175903,TRUE
"w453",5,53.8244647407669,TRUE
"w453",5.22222222222222,53.1282546633679,TRUE
"w453",5.44444444444444,52.4846432155523,TRUE
"w453",5.66666666666667,51.9282839704785,TRUE
"w453",5.88888888888889,51.3450719418523,TRUE
"w453",6.11111111111111,50.7732174730658,TRUE
"w453",6.33333333333333,50.2307675788675,TRUE
"w453",6.55555555555556,49.7881141765381,TRUE
"w453",6.77777777777778,49.3404819123994,TRUE
"w453",7,48.9237087615531,TRUE
"w453",7.22222222222222,48.5409176443847,TRUE
"w453",7.44444444444444,48.175190029467,TRUE
"w453",7.66666666666667,47.8626323708441,TRUE
"w453",7.88888888888889,47.5792173278267,TRUE
"w453",8.11111111111111,47.3245203563479,TRUE
"w453",8.33333333333333,47.1145439338496,TRUE
"w453",8.55555555555556,46.9604120614018,TRUE
"w453",8.77777777777778,46.7728612164318,TRUE
"w453",9,46.6308747654177,TRUE
"w453",9.22222222222222,46.5442825254447,TRUE
"w453",9.44444444444444,46.4746569851594,TRUE
"w453",9.66666666666667,46.4591193467074,TRUE
"w453",9.88888888888889,46.4511595315498,TRUE
"w453",10.1111111111111,46.5048141376298,TRUE
"w453",10.3333333333333,46.5550332568383,TRUE
"w453",10.5555555555556,46.6901334547694,TRUE
"w453",10.7777777777778,46.8382296779639,TRUE
"w453",11,47.0151787498693,TRUE
"w453",11.2222222222222,47.2092033728482,TRUE
"w453",11.4444444444444,47.455258323163,TRUE
"w453",11.6666666666667,47.7671501523704,TRUE
"w453",11.8888888888889,48.1048138863063,TRUE
"w453",12.1111111111111,48.4511145143835,TRUE
"w453",12.3333333333333,48.8344299597876,TRUE
"w453",12.5555555555556,49.2456869404351,TRUE
"w453",12.7777777777778,49.6913844409636,TRUE
"w453",13,50.2042559876978,TRUE
"w453",13.2222222222222,50.7225538661448,TRUE
"w453",13.4444444444444,51.3040950602636,TRUE
"w453",13.6666666666667,51.8661969764288,TRUE
"w453",13.8888888888889,52.4759721055273,TRUE
"w453",14.1111111111111,53.0905875613287,TRUE
"w453",14.3333333333333,53.7536871511981,TRUE
"w453",14.5555555555556,54.4634083616399,TRUE
"w453",14.7777777777778,55.2105157511268,TRUE
"w453",15,55.9749380122294,TRUE
"w453",15.2222222222222,56.7509329137947,TRUE
"w453",15.4444444444444,57.575726591976,TRUE
"w453",15.6666666666667,58.428541568376,TRUE
"w453",15.8888888888889,59.312624943082,TRUE
"w453",16.1111111111111,60.272611468704,TRUE
"w453",16.3333333333333,61.2371267325925,TRUE
"w453",16.5555555555556,62.2285932754322,TRUE
"w453",16.7777777777778,63.2327724172387,TRUE
"w453",17,64.2976912866922,TRUE
"w453",17.2222222222222,65.404119844036,TRUE
"w453",17.4444444444444,66.5104540938608,TRUE
"w453",17.6666666666667,67.6658015342236,TRUE
"w453",17.8888888888889,68.8737236065124,TRUE
"w453",18.1111111111111,70.1182162163518,TRUE
"w453",18.3333333333333,71.3815989200249,TRUE
"w453",18.5555555555556,72.6936674082546,TRUE
"w453",18.7777777777778,74.0289655256135,TRUE
"w453",19,75.430961557531,TRUE
"w453",19.2222222222222,76.8403415214506,TRUE
"w453",19.4444444444444,78.2585074624942,TRUE
"w453",19.6666666666667,79.7104977173318,TRUE
"w453",19.8888888888889,81.2219180647456,TRUE
"w453",20.1111111111111,82.7098014899926,TRUE
"w453",20.3333333333333,84.2688693913275,TRUE
"w453",20.5555555555556,85.9072286443619,TRUE
"w453",20.7777777777778,87.5464195063902,TRUE
"w453",21,89.2067090084645,TRUE
"w453",21.2222222222222,90.8681233013694,TRUE
"w453",21.4444444444444,92.5744755741816,TRUE
"w453",21.6666666666667,94.3359338582947,TRUE
"w453",21.8888888888889,96.1113840690487,TRUE
"w453",22.1111111111111,97.9725925409253,TRUE
"w453",22.3333333333333,99.8642896502426,TRUE
"w453",22.5555555555556,101.760084402103,TRUE
"w453",22.7777777777778,103.699378792438,TRUE
"w453",23,105.629172490101,TRUE
"x697",1,72.9272798646094,TRUE
"x697",1.22222222222222,71.6609799525707,TRUE
"x697",1.44444444444444,70.4365304449504,TRUE
"x697",1.66666666666667,69.1935006451729,TRUE
"x697",1.88888888888889,68.0001781182135,TRUE
"x697",2.11111111111111,66.8342135220234,TRUE
"x697",2.33333333333333,65.7219284395855,TRUE
"x697",2.55555555555556,64.6264013862436,TRUE
"x697",2.77777777777778,63.6022229612223,TRUE
"x697",3,62.5591436403755,TRUE
"x697",3.22222222222222,61.5892665241476,TRUE
"x697",3.44444444444444,60.6471825901179,TRUE
"x697",3.66666666666667,59.7137198246322,TRUE
"x697",3.88888888888889,58.8326420993931,TRUE
"x697",4.11111111111111,57.9653554720105,TRUE
"x697",4.33333333333333,57.1109448726761,TRUE
"x697",4.55555555555556,56.3057832549109,TRUE
"x697",4.77777777777778,55.5374809666769,TRUE
"x697",5,54.8033021525888,TRUE
"x697",5.22222222222222,54.1267168574462,TRUE
"x697",5.44444444444444,53.5129770161961,TRUE
"x697",5.66666666666667,52.8917043945408,TRUE
"x697",5.88888888888889,52.30132819478,TRUE
"x697",6.11111111111111,51.7875807431899,TRUE
"x697",6.33333333333333,51.2676297256584,TRUE
"x697",6.55555555555556,50.7969262553819,TRUE
"x697",6.77777777777778,50.3829041718616,TRUE
"x697",7,49.9540531593129,TRUE
"x697",7.22222222222222,49.5498578608233,TRUE
"x697",7.44444444444444,49.1777113488663,TRUE
"x697",7.66666666666667,48.8750951389816,TRUE
"x697",7.88888888888889,48.5916396608112,TRUE
"x697",8.11111111111111,48.3507559295599,TRUE
"x697",8.33333333333333,48.1519577830418,TRUE
"x697",8.55555555555556,47.985797885197,TRUE
"x697",8.77777777777778,47.84415630198,TRUE
"x697",9,47.7466495395824,TRUE
"x697",9.22222222222222,47.6567517443948,TRUE
"x697",9.44444444444444,47.6021021726026,TRUE
"x697",9.66666666666667,47.5799212278244,TRUE
"x697",9.88888888888889,47.6219075811088,TRUE
"x697",10.1111111111111,47.6807019498177,TRUE
"x697",10.3333333333333,47.7708750985656,TRUE
"x697",10.5555555555556,47.8866427834299,TRUE
"x697",10.7777777777778,48.0612665456471,TRUE
"x697",11,48.2153381656512,TRUE
"x697",11.2222222222222,48.4244032062214,TRUE
"x697",11.4444444444444,48.6681556245392,TRUE
"x697",11.6666666666667,48.9689522370139,TRUE
"x697",11.8888888888889,49.2775928298989,TRUE
"x697",12.1111111111111,49.620352136788,TRUE
"x697",12.3333333333333,50.0239349820682,TRUE
"x697",12.5555555555556,50.4293565148615,TRUE
"x697",12.7777777777778,50.9040509318535,TRUE
"x697",13,51.3938818925905,TRUE
"x697",13.2222222222222,51.9181414376717,TRUE
"x697",13.4444444444444,52.4656005678661,TRUE
"x697",13.6666666666667,53.0087850120999,TRUE
"x697",13.8888888888889,53.6318686731311,TRUE
"x697",14.1111111111111,54.240642142538,TRUE
"x697",14.3333333333333,54.9176792657597,TRUE
"x697",14.5555555555556,55.6045203601563,TRUE
"x697",14.7777777777778,56.3439322689469,TRUE
"x697",15,57.1204793849184,TRUE
"x697",15.2222222222222,57.9267362951264,TRUE
"x697",15.4444444444444,58.7841973705055,TRUE
"x697",15.6666666666667,59.6528533415661,TRUE
"x697",15.8888888888889,60.5603572565244,TRUE
"x697",16.1111111111111,61.5492787810071,TRUE
"x697",16.3333333333333,62.5126514931302,TRUE
"x697",16.5555555555556,63.5436614375403,TRUE
"x697",16.7777777777778,64.5905158601803,TRUE
"x697",17,65.6734375003022,TRUE
"x697",17.2222222222222,66.8140096919633,TRUE
"x697",17.4444444444444,67.9537751650422,TRUE
"x697",17.6666666666667,69.1295201714599,TRUE
"x697",17.8888888888889,70.3338524586917,TRUE
"x697",18.1111111111111,71.5897612552253,TRUE
"x697",18.3333333333333,72.838699369903,TRUE
"x697",18.5555555555556,74.1060971543861,TRUE
"x697",18.7777777777778,75.4395290500386,TRUE
"x697",19,76.7690038977743,TRUE
"x697",19.2222222222222,78.1785382243974,TRUE
"x697",19.4444444444444,79.569423370816,TRUE
"x697",19.6666666666667,81.0551245779076,TRUE
"x697",19.8888888888889,82.566176532411,TRUE
"x697",20.1111111111111,84.1098591694541,TRUE
"x697",20.3333333333333,85.6696947782814,TRUE
"x697",20.5555555555556,87.2715274983397,TRUE
"x697",20.7777777777778,88.8707707671288,TRUE
"x697",21,90.5701054660514,TRUE
"x697",21.2222222222222,92.2457579554949,TRUE
"x697",21.4444444444444,93.9796955089576,TRUE
"x697",21.6666666666667,95.7395744334192,TRUE
"x697",21.8888888888889,97.565685326741,TRUE
"x697",22.1111111111111,99.3908480221938,TRUE
"x697",22.3333333333333,101.282470186677,TRUE
"x697",22.5555555555556,103.157459245482,TRUE
"x697",22.7777777777778,105.090564797354,TRUE
"x697",23,107.012207750827,TRUE
"x996",1,63.491165960519,TRUE
"x996",1.22222222222222,62.1651491582406,TRUE
"x996",1.44444444444444,60.8964931411392,TRUE
"x996",1.66666666666667,59.6289148142005,TRUE
"x996",1.88888888888889,58.4416080359358,TRUE
"x996",2.11111111111111,57.27675370179,TRUE
"x996",2.33333333333333,56.1320484935858,TRUE
"x996",2.55555555555556,54.9943787765237,TRUE
"x996",2.77777777777778,53.9183509001836,TRUE
"x996",3,52.8907411103072,TRUE
"x996",3.22222222222222,51.8560264264602,TRUE
"x996",3.44444444444444,50.8745402866396,TRUE
"x996",3.66666666666667,49.9637467633226,TRUE
"x996",3.88888888888889,49.0387254487954,TRUE
"x996",4.11111111111111,48.1160117054326,TRUE
"x996",4.33333333333333,47.2510323307826,TRUE
"x996",4.55555555555556,46.4318803999131,TRUE
"x996",4.77777777777778,45.6294312683078,TRUE
"x996",5,44.8799913472865,TRUE
"x996",5.22222222222222,44.1786111431817,TRUE
"x996",5.44444444444444,43.5005978201518,TRUE
"x996",5.66666666666667,42.8651840232228,TRUE
"x996",5.88888888888889,42.2387170959761,TRUE
"x996",6.11111111111111,41.6544779837219,TRUE
"x996",6.33333333333333,41.1113226743292,TRUE
"x996",6.55555555555556,40.5742979697162,TRUE
"x996",6.77777777777778,40.109373773821,TRUE
"x996",7,39.6691159561589,TRUE
"x996",7.22222222222222,39.2732263598532,TRUE
"x996",7.44444444444444,38.9284570178127,TRUE
"x996",7.66666666666667,38.5635661820963,TRUE
"x996",7.88888888888889,38.213177950793,TRUE
"x996",8.11111111111111,37.9557155104421,TRUE
"x996",8.33333333333333,37.7209414132835,TRUE
"x996",8.55555555555556,37.5055447739113,TRUE
"x996",8.77777777777778,37.3542156289681,TRUE
"x996",9,37.1900180636134,TRUE
"x996",9.22222222222222,37.0727134439085,TRUE
"x996",9.44444444444444,36.9980224526964,TRUE
"x996",9.66666666666667,36.9601773194799,TRUE
"x996",9.88888888888889,36.9139168288022,TRUE
"x996",10.1111111111111,36.8957342390298,TRUE
"x996",10.3333333333333,36.906925875542,TRUE
"x996",10.5555555555556,36.9736698647443,TRUE
"x996",10.7777777777778,37.0932363602316,TRUE
"x996",11,37.2233818723986,TRUE
"x996",11.2222222222222,37.3759756442394,TRUE
"x996",11.4444444444444,37.6017262600145,TRUE
"x996",11.6666666666667,37.8333177636534,TRUE
"x996",11.8888888888889,38.1140598111468,TRUE
"x996",12.1111111111111,38.402816878165,TRUE
"x996",12.3333333333333,38.7280156504279,TRUE
"x996",12.5555555555556,39.0980544043445,TRUE
"x996",12.7777777777778,39.5252678712764,TRUE
"x996",13,39.9583773409815,TRUE
"x996",13.2222222222222,40.4319512591946,TRUE
"x996",13.4444444444444,40.9074656771961,TRUE
"x996",13.6666666666667,41.4139749719151,TRUE
"x996",13.8888888888889,42.0072544661299,TRUE
"x996",14.1111111111111,42.6123347553991,TRUE
"x996",14.3333333333333,43.2444799113858,TRUE
"x996",14.5555555555556,43.930010589426,TRUE
"x996",14.7777777777778,44.6587950090008,TRUE
"x996",15,45.3782516330451,TRUE
"x996",15.2222222222222,46.1267628849059,TRUE
"x996",15.4444444444444,46.920287293474,TRUE
"x996",15.6666666666667,47.7781909421416,TRUE
"x996",15.8888888888889,48.6197629509015,TRUE
"x996",16.1111111111111,49.5105910842801,TRUE
"x996",16.3333333333333,50.4337461429738,TRUE
"x996",16.5555555555556,51.4261927678383,TRUE
"x996",16.7777777777778,52.3928572332189,TRUE
"x996",17,53.4622896475146,TRUE
"x996",17.2222222222222,54.5221327771614,TRUE
"x996",17.4444444444444,55.6485473634563,TRUE
"x996",17.6666666666667,56.7730477273915,TRUE
"x996",17.8888888888889,57.9307073447241,TRUE
"x996",18.1111111111111,59.1194317037796,TRUE
"x996",18.3333333333333,60.3267336130774,TRUE
"x996",18.5555555555556,61.5693762324382,TRUE
"x996",18.7777777777778,62.8599869808419,TRUE
"x996",19,64.1804675539174,TRUE
"x996",19.2222222222222,65.5344653792513,TRUE
"x996",19.4444444444444,66.9310609809627,TRUE
"x996",19.6666666666667,68.3925677119471,TRUE
"x996",19.8888888888889,69.8546917153208,TRUE
"x996",20.1111111111111,71.3205241909257,TRUE
"x996",20.3333333333333,72.8046834899586,TRUE
"x996",20.5555555555556,74.3733822371526,TRUE
"x996",20.7777777777778,75.9569710432208,TRUE
"x996",21,77.5699716667577,TRUE
"x996",21.2222222222222,79.2180347899619,TRUE
"x996",21.4444444444444,80.9293770917103,TRUE
"x996",21.6666666666667,82.6429450122342,TRUE
"x996",21.8888888888889,84.4064461079595,TRUE
"x996",22.1111111111111,86.2172203586616,TRUE
"x996",22.3333333333333,88.0314982117395,TRUE
"x996",22.5555555555556,89.9050778127942,TRUE
"x996",22.7777777777778,91.791994495881,TRUE
"x996",23,93.6971410778862,TRUE
"y034",1,63.1254153722974,TRUE
"y034",1.22222222222222,61.7989897018725,TRUE
"y034",1.44444444444444,60.4911291259263,TRUE
"y034",1.66666666666667,59.273283243332,TRUE
"y034",1.88888888888889,58.0512809584046,TRUE
"y034",2.11111111111111,56.9091490474011,TRUE
"y034",2.33333333333333,55.7638828792298,TRUE
"y034",2.55555555555556,54.6738637457864,TRUE
"y034",2.77777777777778,53.5591309921366,TRUE
"y034",3,52.4820613195053,TRUE
"y034",3.22222222222222,51.4931017222875,TRUE
"y034",3.44444444444444,50.504404734481,TRUE
"y034",3.66666666666667,49.5334377998332,TRUE
"y034",3.88888888888889,48.6412294647394,TRUE
"y034",4.11111111111111,47.7533695819742,TRUE
"y034",4.33333333333333,46.9071856644103,TRUE
"y034",4.55555555555556,46.0840292059874,TRUE
"y034",4.77777777777778,45.3254956437032,TRUE
"y034",5,44.5845429344719,TRUE
"y034",5.22222222222222,43.8356013281313,TRUE
"y034",5.44444444444444,43.1607306856494,TRUE
"y034",5.66666666666667,42.5172858717928,TRUE
"y034",5.88888888888889,41.8676021914034,TRUE
"y034",6.11111111111111,41.2898619159742,TRUE
"y034",6.33333333333333,40.7124955203405,TRUE
"y034",6.55555555555556,40.1861100535878,TRUE
"y034",6.77777777777778,39.6788443292114,TRUE
"y034",7,39.199907582989,TRUE
"y034",7.22222222222222,38.7948180552269,TRUE
"y034",7.44444444444444,38.4425748216011,TRUE
"y034",7.66666666666667,38.0418886022304,TRUE
"y034",7.88888888888889,37.743306670663,TRUE
"y034",8.11111111111111,37.4219855639653,TRUE
"y034",8.33333333333333,37.1227052783939,TRUE
"y034",8.55555555555556,36.9105578201826,TRUE
"y034",8.77777777777778,36.7031754640324,TRUE
"y034",9,36.5095111790406,TRUE
"y034",9.22222222222222,36.4102080412911,TRUE
"y034",9.44444444444444,36.2885709422712,TRUE
"y034",9.66666666666667,36.2312915975562,TRUE
"y034",9.88888888888889,36.23278244681,TRUE
"y034",10.1111111111111,36.2797948604962,TRUE
"y034",10.3333333333333,36.31363239218,TRUE
"y034",10.5555555555556,36.4023793611304,TRUE
"y034",10.7777777777778,36.4917911515266,TRUE
"y034",11,36.6154737807622,TRUE
"y034",11.2222222222222,36.7630547161335,TRUE
"y034",11.4444444444444,36.9643036228591,TRUE
"y034",11.6666666666667,37.2168720218858,TRUE
"y034",11.8888888888889,37.4662101681681,TRUE
"y034",12.1111111111111,37.7870513835106,TRUE
"y034",12.3333333333333,38.1113387844378,TRUE
"y034",12.5555555555556,38.485747444698,TRUE
"y034",12.7777777777778,38.9288017390513,TRUE
"y034",13,39.3755484252497,TRUE
"y034",13.2222222222222,39.8629635833443,TRUE
"y034",13.4444444444444,40.3678971793583,TRUE
"y034",13.6666666666667,40.9004446609312,TRUE
"y034",13.8888888888889,41.4479151169108,TRUE
"y034",14.1111111111111,42.0468991959709,TRUE
"y034",14.3333333333333,42.6828456483174,TRUE
"y034",14.5555555555556,43.3351303085609,TRUE
"y034",14.7777777777778,44.0241207325266,TRUE
"y034",15,44.7613778201224,TRUE
"y034",15.2222222222222,45.5654736285508,TRUE
"y034",15.4444444444444,46.367935042133,TRUE
"y034",15.6666666666667,47.2213152659636,TRUE
"y034",15.8888888888889,48.0995947174313,TRUE
"y034",16.1111111111111,49.0152486463349,TRUE
"y034",16.3333333333333,49.933353533621,TRUE
"y034",16.5555555555556,50.8991181818366,TRUE
"y034",16.7777777777778,51.899451285335,TRUE
"y034",17,52.9349570020085,TRUE
"y034",17.2222222222222,54.0039399139575,TRUE
"y034",17.4444444444444,55.1343662119332,TRUE
"y034",17.6666666666667,56.2697498691591,TRUE
"y034",17.8888888888889,57.4361253844482,TRUE
"y034",18.1111111111111,58.6303348755262,TRUE
"y034",18.3333333333333,59.8298306814562,TRUE
"y034",18.5555555555556,61.053553396829,TRUE
"y034",18.7777777777778,62.3849691061771,TRUE
"y034",19,63.7047168605613,TRUE
"y034",19.2222222222222,65.0499533290764,TRUE
"y034",19.4444444444444,66.4401652049361,TRUE
"y034",19.6666666666667,67.8836506569292,TRUE
"y034",19.8888888888889,69.3393384095776,TRUE
"y034",20.1111111111111,70.8302361306795,TRUE
"y034",20.3333333333333,72.3747798867067,TRUE
"y034",20.5555555555556,73.9608629695188,TRUE
"y034",20.7777777777778,75.5112529487216,TRUE
"y034",21,77.1791823234695,TRUE
"y034",21.2222222222222,78.8187508842975,TRUE
"y034",21.4444444444444,80.5262901939828,TRUE
"y034",21.6666666666667,82.2718055787871,TRUE
"y034",21.8888888888889,84.0443886597027,TRUE
"y034",22.1111111111111,85.805734545989,TRUE
"y034",22.3333333333333,87.6339127102586,TRUE
"y034",22.5555555555556,89.5030403544545,TRUE
"y034",22.7777777777778,91.4030563417774,TRUE
"y034",23,93.3500514278389,TRUE
"z417",1,69.7489298696788,TRUE
"z417",1.22222222222222,68.4572590595426,TRUE
"z417",1.44444444444444,67.1918821437218,TRUE
"z417",1.66666666666667,65.9506775579365,TRUE
"z417",1.88888888888889,64.8031121724151,TRUE
"z417",2.11111111111111,63.6568002728161,TRUE
"z417",2.33333333333333,62.5184429858335,TRUE
"z417",2.55555555555556,61.4195493208441,TRUE
"z417",2.77777777777778,60.3816483355336,TRUE
"z417",3,59.3338747923668,TRUE
"z417",3.22222222222222,58.3137762057243,TRUE
"z417",3.44444444444444,57.338847971788,TRUE
"z417",3.66666666666667,56.4263106268553,TRUE
"z417",3.88888888888889,55.5171105253656,TRUE
"z417",4.11111111111111,54.6736750271082,TRUE
"z417",4.33333333333333,53.8771678099409,TRUE
"z417",4.55555555555556,53.1000808887938,TRUE
"z417",4.77777777777778,52.3661703787732,TRUE
"z417",5,51.6496365767163,TRUE
"z417",5.22222222222222,50.9978076725627,TRUE
"z417",5.44444444444444,50.331261869783,TRUE
"z417",5.66666666666667,49.7161812209309,TRUE
"z417",5.88888888888889,49.1500450782234,TRUE
"z417",6.11111111111111,48.5812397147175,TRUE
"z417",6.33333333333333,48.1216247661339,TRUE
"z417",6.55555555555556,47.6447823199161,TRUE
"z417",6.77777777777778,47.2289955050713,TRUE
"z417",7,46.8102142080462,TRUE
"z417",7.22222222222222,46.4224847858058,TRUE
"z417",7.44444444444444,46.0652180940351,TRUE
"z417",7.66666666666667,45.7504758086418,TRUE
"z417",7.88888888888889,45.461356029371,TRUE
"z417",8.11111111111111,45.1697917165215,TRUE
"z417",8.33333333333333,44.9395308877785,TRUE
"z417",8.55555555555556,44.7501885478212,TRUE
"z417",8.77777777777778,44.5543887518276,TRUE
"z417",9,44.4670074223315,TRUE
"z417",9.22222222222222,44.3845190470224,TRUE
"z417",9.44444444444444,44.3275394697753,TRUE
"z417",9.66666666666667,44.2804248930518,TRUE
"z417",9.88888888888889,44.3171826084306,TRUE
"z417",10.1111111111111,44.3304122935535,TRUE
"z417",10.3333333333333,44.4054401953952,TRUE
"z417",10.5555555555556,44.4989149940454,TRUE
"z417",10.7777777777778,44.6862267021754,TRUE
"z417",11,44.869748881741,TRUE
"z417",11.2222222222222,45.0908160280611,TRUE
"z417",11.4444444444444,45.3054252849118,TRUE
"z417",11.6666666666667,45.5560373391199,TRUE
"z417",11.8888888888889,45.8640669937437,TRUE
"z417",12.1111111111111,46.2151101084869,TRUE
"z417",12.3333333333333,46.5792457656396,TRUE
"z417",12.5555555555556,46.9784991697007,TRUE
"z417",12.7777777777778,47.3986121345027,TRUE
"z417",13,47.8525365410944,TRUE
"z417",13.2222222222222,48.3226812425746,TRUE
"z417",13.4444444444444,48.8241402617353,TRUE
"z417",13.6666666666667,49.3996811384941,TRUE
"z417",13.8888888888889,49.9977298296122,TRUE
"z417",14.1111111111111,50.5892849390144,TRUE
"z417",14.3333333333333,51.2788343751778,TRUE
"z417",14.5555555555556,51.9322101007788,TRUE
"z417",14.7777777777778,52.6717989073618,TRUE
"z417",15,53.4353442101787,TRUE
"z417",15.2222222222222,54.2113014571314,TRUE
"z417",15.4444444444444,55.0447364136706,TRUE
"z417",15.6666666666667,55.9040343781012,TRUE
"z417",15.8888888888889,56.8178296080168,TRUE
"z417",16.1111111111111,57.7413405224074,TRUE
"z417",16.3333333333333,58.7057207132356,TRUE
"z417",16.5555555555556,59.6643189852042,TRUE
"z417",16.7777777777778,60.6600936478306,TRUE
"z417",17,61.709355559809,TRUE
"z417",17.2222222222222,62.8004472285945,TRUE
"z417",17.4444444444444,63.9482684342374,TRUE
"z417",17.6666666666667,65.0996871544289,TRUE
"z417",17.8888888888889,66.2698089898722,TRUE
"z417",18.1111111111111,67.4664688397962,TRUE
"z417",18.3333333333333,68.7369335856464,TRUE
"z417",18.5555555555556,70.0382810593212,TRUE
"z417",18.7777777777778,71.336923982027,TRUE
"z417",19,72.6900510115458,TRUE
"z417",19.2222222222222,74.0895860603777,TRUE
"z417",19.4444444444444,75.5168017964322,TRUE
"z417",19.6666666666667,76.9616940928967,TRUE
"z417",19.8888888888889,78.4339707649883,TRUE
"z417",20.1111111111111,79.9551516004747,TRUE
"z417",20.3333333333333,81.4694729662535,TRUE
"z417",20.5555555555556,83.0564156212907,TRUE
"z417",20.7777777777778,84.6705354993251,TRUE
"z417",21,86.3350921094909,TRUE
"z417",21.2222222222222,87.9932673637358,TRUE
"z417",21.4444444444444,89.7168767587571,TRUE
"z417",21.6666666666667,91.4647523488999,TRUE
"z417",21.8888888888889,93.2385326140013,TRUE
"z417",22.1111111111111,95.0593594252301,TRUE
"z417",22.3333333333333,96.923298059215,TRUE
"z417",22.5555555555556,98.7852862526787,TRUE
"z417",22.7777777777778,100.716769361673,TRUE
"z417",23,102.67606979658,TRUE
